window_id,previous_record_id,next_record_id,previous_UTC,next_UTC,gap_seconds
W1,RX0001,RX0002,2023-04-17 06:31:30,2023-04-17 06:41:45,615
W1,RX0002,RX0003,2023-04-17 06:41:45,2023-04-17 08:30:45,6540
W1,RX0003,RX0004,2023-04-17 08:30:45,2023-04-17 08:41:00,615
W1,RX0004,RX0005,2023-04-17 08:41:00,2023-04-17 08:51:15,615
W1,RX0005,RX0006,2023-04-17 08:51:15,2023-04-17 09:01:30,615
W1,RX0006,RX0007,2023-04-17 09:01:30,2023-04-17 09:11:45,615
W1,RX0007,RX0008,2023-04-17 09:11:45,2023-04-17 09:22:00,615
W1,RX0008,RX0009,2023-04-17 09:22:00,2023-04-17 09:32:15,615
W1,RX0009,RX0010,2023-04-17 09:32:15,2023-04-17 09:42:30,615
W1,RX0010,RX0011,2023-04-17 09:42:30,2023-04-17 09:52:45,615
W1,RX0011,RX0012,2023-04-17 09:52:45,2023-04-17 10:03:00,615
W1,RX0012,RX0013,2023-04-17 10:03:00,2023-04-17 10:17:30,870
W1,RX0013,RX0014,2023-04-17 10:17:30,2023-04-17 10:27:45,615
W1,RX0014,RX0015,2023-04-17 10:27:45,2023-04-17 10:38:00,615
W1,RX0015,RX0016,2023-04-17 10:38:00,2023-04-17 10:48:15,615
W1,RX0016,RX0017,2023-04-17 10:48:15,2023-04-17 10:58:30,615
W1,RX0017,RX0018,2023-04-17 10:58:30,2023-04-17 11:08:45,615
W1,RX0018,RX0019,2023-04-17 11:08:45,2023-04-17 11:19:00,615
W1,RX0019,RX0020,2023-04-17 11:19:00,2023-04-17 11:29:15,615
W1,RX0020,RX0021,2023-04-17 11:29:15,2023-04-17 11:39:30,615
W1,RX0021,RX0022,2023-04-17 11:39:30,2023-04-17 11:49:45,615
W1,RX0022,RX0023,2023-04-17 11:49:45,2023-04-17 12:00:00,615
W1,RX0023,RX0024,2023-04-17 12:00:00,2023-04-17 12:10:15,615
W1,RX0024,RX0025,2023-04-17 12:10:15,2023-04-17 12:20:30,615
W1,RX0025,RX0026,2023-04-17 12:20:30,2023-04-17 12:30:45,615
W1,RX0026,RX0027,2023-04-17 12:30:45,2023-04-17 12:41:00,615
W1,RX0027,RX0028,2023-04-17 12:41:00,2023-04-17 12:51:15,615
W1,RX0028,RX0029,2023-04-17 12:51:15,2023-04-17 13:01:30,615
W1,RX0029,RX0030,2023-04-17 13:01:30,2023-04-17 13:11:45,615
W1,RX0030,RX0031,2023-04-17 13:11:45,2023-04-17 13:22:00,615
W1,RX0031,RX0032,2023-04-17 13:22:00,2023-04-17 13:32:15,615
W1,RX0032,RX0033,2023-04-17 13:32:15,2023-04-17 13:42:30,615
W1,RX0033,RX0034,2023-04-17 13:42:30,2023-04-17 13:52:45,615
W1,RX0034,RX0035,2023-04-17 13:52:45,2023-04-17 20:48:30,24945
W1,RX0035,RX0036,2023-04-17 20:48:30,2023-04-17 20:58:45,615
W1,RX0036,RX0037,2023-04-17 20:58:45,2023-04-17 21:09:00,615
W1,RX0037,RX0038,2023-04-17 21:09:00,2023-04-17 21:19:15,615
W1,RX0038,RX0039,2023-04-17 21:19:15,2023-04-17 21:29:30,615
W1,RX0039,RX0040,2023-04-17 21:29:30,2023-04-17 21:39:45,615
W1,RX0040,RX0041,2023-04-17 21:39:45,2023-04-17 21:50:00,615
W1,RX0041,RX0042,2023-04-17 21:50:00,2023-04-17 22:00:15,615
W1,RX0042,RX0043,2023-04-17 22:00:15,2023-04-17 22:10:30,615
W1,RX0043,RX0044,2023-04-17 22:10:30,2023-04-17 22:20:45,615
W1,RX0044,RX0045,2023-04-17 22:20:45,2023-04-17 22:31:00,615
W1,RX0045,RX0046,2023-04-17 22:31:00,2023-04-17 22:41:15,615
W1,RX0046,RX0047,2023-04-17 22:41:15,2023-04-17 22:51:30,615
W1,RX0047,RX0048,2023-04-17 22:51:30,2023-04-17 23:01:45,615
W1,RX0048,RX0049,2023-04-17 23:01:45,2023-04-17 23:12:00,615
W1,RX0049,RX0050,2023-04-17 23:12:00,2023-04-17 23:22:15,615
W1,RX0050,RX0051,2023-04-17 23:22:15,2023-04-17 23:32:30,615
W1,RX0051,RX0052,2023-04-17 23:32:30,2023-04-17 23:42:45,615
W1,RX0052,RX0053,2023-04-17 23:42:45,2023-04-17 23:53:00,615
W1,RX0053,RX0054,2023-04-17 23:53:00,2023-04-18 00:03:15,615
W1,RX0054,RX0055,2023-04-18 00:03:15,2023-04-18 00:13:30,615
W1,RX0055,RX0056,2023-04-18 00:13:30,2023-04-18 01:25:00,4290
W1,RX0056,RX0057,2023-04-18 01:25:00,2023-04-18 01:35:15,615
W1,RX0057,RX0059,2023-04-18 01:35:15,2023-04-18 02:05:45,1830
W1,RX0059,RX0060,2023-04-18 02:05:45,2023-04-18 02:16:00,615
W1,RX0060,RX0062,2023-04-18 02:16:00,2023-04-18 02:26:15,615
W1,RX0062,RX0065,2023-04-18 02:26:15,2023-04-18 02:57:00,1845
W1,RX0065,RX0067,2023-04-18 02:57:00,2023-04-18 03:07:15,615
W1,RX0067,RX0069,2023-04-18 03:07:15,2023-04-18 03:17:45,630
W1,RX0069,RX0071,2023-04-18 03:17:45,2023-04-18 03:38:00,1215
W1,RX0071,RX0073,2023-04-18 03:38:00,2023-04-18 03:48:15,615
W1,RX0073,RX0075,2023-04-18 03:48:15,2023-04-18 04:08:45,1230
W1,RX0075,RX0077,2023-04-18 04:08:45,2023-04-18 04:19:00,615
W1,RX0077,RX0078,2023-04-18 04:19:00,2023-04-18 04:29:15,615
W1,RX0078,RX0080,2023-04-18 04:29:15,2023-04-18 04:39:30,615
W1,RX0080,RX0081,2023-04-18 04:39:30,2023-04-18 04:49:45,615
W1,RX0081,RX0082,2023-04-18 04:49:45,2023-04-18 05:00:00,615
W1,RX0082,RX0083,2023-04-18 05:00:00,2023-04-18 05:10:15,615
W1,RX0083,RX0085,2023-04-18 05:10:15,2023-04-18 05:20:30,615
W1,RX0085,RX0086,2023-04-18 05:20:30,2023-04-18 05:30:45,615
W1,RX0086,RX0088,2023-04-18 05:30:45,2023-04-18 05:41:00,615
W1,RX0088,RX0090,2023-04-18 05:41:00,2023-04-18 05:51:15,615
W1,RX0090,RX0091,2023-04-18 05:51:15,2023-04-18 06:01:30,615
W1,RX0091,RX0093,2023-04-18 06:01:30,2023-04-18 06:11:45,615
W1,RX0093,RX0095,2023-04-18 06:11:45,2023-04-18 06:22:00,615
W1,RX0095,RX0096,2023-04-18 06:22:00,2023-04-18 06:32:15,615
W1,RX0096,RX0098,2023-04-18 06:32:15,2023-04-18 06:42:30,615
W1,RX0098,RX0100,2023-04-18 06:42:30,2023-04-18 06:52:45,615
W1,RX0100,RX0102,2023-04-18 06:52:45,2023-04-18 07:13:15,1230
W1,RX0102,RX0104,2023-04-18 07:13:15,2023-04-18 07:23:30,615
W1,RX0104,RX0105,2023-04-18 07:23:30,2023-04-18 07:33:45,615
W1,RX0105,RX0107,2023-04-18 07:33:45,2023-04-18 07:44:00,615
W1,RX0107,RX0109,2023-04-18 07:44:00,2023-04-18 07:54:15,615
W1,RX0109,RX0111,2023-04-18 07:54:15,2023-04-18 08:04:30,615
W1,RX0111,RX0112,2023-04-18 08:04:30,2023-04-18 08:14:45,615
W1,RX0112,RX0114,2023-04-18 08:14:45,2023-04-18 08:25:00,615
W1,RX0114,RX0117,2023-04-18 08:25:00,2023-04-18 08:35:15,615
W1,RX0117,RX0120,2023-04-18 08:35:15,2023-04-18 08:45:30,615
W1,RX0120,RX0123,2023-04-18 08:45:30,2023-04-18 08:55:45,615
W1,RX0123,RX0124,2023-04-18 08:55:45,2023-04-18 09:06:00,615
W1,RX0124,RX0125,2023-04-18 09:06:00,2023-04-18 09:16:15,615
W1,RX0125,RX0127,2023-04-18 09:16:15,2023-04-18 09:26:30,615
W1,RX0127,RX0128,2023-04-18 09:26:30,2023-04-18 09:36:45,615
W1,RX0128,RX0130,2023-04-18 09:36:45,2023-04-18 09:47:00,615
W1,RX0130,RX0132,2023-04-18 09:47:00,2023-04-18 10:28:00,2460
W1,RX0132,RX0133,2023-04-18 10:28:00,2023-04-18 10:38:15,615
W1,RX0133,RX0134,2023-04-18 10:38:15,2023-04-18 10:48:30,615
W1,RX0134,RX0136,2023-04-18 10:48:30,2023-04-18 10:58:45,615
W1,RX0136,RX0137,2023-04-18 10:58:45,2023-04-18 11:09:00,615
W1,RX0137,RX0139,2023-04-18 11:09:00,2023-04-18 11:19:15,615
W1,RX0139,RX0141,2023-04-18 11:19:15,2023-04-18 11:29:30,615
W1,RX0141,RX0142,2023-04-18 11:29:30,2023-04-18 11:39:45,615
W1,RX0142,RX0143,2023-04-18 11:39:45,2023-04-18 11:50:00,615
W1,RX0143,RX0144,2023-04-18 11:50:00,2023-04-18 12:00:15,615
W1,RX0144,RX0145,2023-04-18 12:00:15,2023-04-18 12:10:30,615
W1,RX0145,RX0146,2023-04-18 12:10:30,2023-04-18 12:20:45,615
W1,RX0146,RX0148,2023-04-18 12:20:45,2023-04-18 12:31:00,615
W1,RX0148,RX0149,2023-04-18 12:31:00,2023-04-18 12:41:30,630
W1,RX0149,RX0150,2023-04-18 12:41:30,2023-04-18 12:51:30,600
W1,RX0150,RX0151,2023-04-18 12:51:30,2023-04-18 13:01:45,615
W1,RX0151,RX0153,2023-04-18 13:01:45,2023-04-18 13:12:00,615
W1,RX0153,RX0154,2023-04-18 13:12:00,2023-04-18 13:22:15,615
W1,RX0154,RX0155,2023-04-18 13:22:15,2023-04-18 13:32:30,615
W1,RX0155,RX0157,2023-04-18 13:32:30,2023-04-18 13:42:45,615
W1,RX0157,RX0158,2023-04-18 13:42:45,2023-04-18 13:53:00,615
W1,RX0158,RX0160,2023-04-18 13:53:00,2023-04-18 14:03:15,615
W1,RX0160,RX0162,2023-04-18 14:03:15,2023-04-18 14:13:30,615
W1,RX0162,RX0163,2023-04-18 14:13:30,2023-04-18 14:23:45,615
W1,RX0163,RX0164,2023-04-18 14:23:45,2023-04-18 14:34:00,615
W1,RX0164,RX0165,2023-04-18 14:34:00,2023-04-18 14:44:15,615
W1,RX0165,RX0166,2023-04-18 14:44:15,2023-04-18 14:54:30,615
W1,RX0166,RX0168,2023-04-18 14:54:30,2023-04-18 15:15:00,1230
W1,RX0168,RX0169,2023-04-18 15:15:00,2023-04-18 15:25:15,615
W1,RX0169,RX0171,2023-04-18 15:25:15,2023-04-18 15:35:30,615
W1,RX0171,RX0172,2023-04-18 15:35:30,2023-04-18 15:45:45,615
W1,RX0172,RX0173,2023-04-18 15:45:45,2023-04-18 15:56:15,630
W1,RX0173,RX0174,2023-04-18 15:56:15,2023-04-18 16:06:15,600
W1,RX0174,RX0176,2023-04-18 16:06:15,2023-04-18 16:16:30,615
W1,RX0176,RX0177,2023-04-18 16:16:30,2023-04-18 16:27:00,630
W1,RX0177,RX0179,2023-04-18 16:27:00,2023-04-18 16:37:00,600
W1,RX0179,RX0183,2023-04-18 16:37:00,2023-04-18 17:18:00,2460
W1,RX0183,RX0184,2023-04-18 17:18:00,2023-04-18 17:28:15,615
W1,RX0184,RX0187,2023-04-18 17:28:15,2023-04-18 17:48:45,1230
W1,RX0187,RX0188,2023-04-18 17:48:45,2023-04-18 17:59:00,615
W1,RX0188,RX0190,2023-04-18 17:59:00,2023-04-18 18:09:15,615
W1,RX0190,RX0191,2023-04-18 18:09:15,2023-04-18 18:19:30,615
W1,RX0191,RX0192,2023-04-18 18:19:30,2023-04-18 18:29:45,615
W1,RX0192,RX0194,2023-04-18 18:29:45,2023-04-18 18:40:00,615
W1,RX0194,RX0196,2023-04-18 18:40:00,2023-04-18 18:50:15,615
W1,RX0196,RX0197,2023-04-18 18:50:15,2023-04-18 19:00:30,615
W1,RX0197,RX0199,2023-04-18 19:00:30,2023-04-18 19:10:45,615
W1,RX0199,RX0201,2023-04-18 19:10:45,2023-04-18 19:21:00,615
W1,RX0201,RX0202,2023-04-18 19:21:00,2023-04-18 19:31:15,615
W1,RX0202,RX0204,2023-04-18 19:31:15,2023-04-18 19:41:30,615
W1,RX0204,RX0206,2023-04-18 19:41:30,2023-04-18 19:51:45,615
W1,RX0206,RX0207,2023-04-18 19:51:45,2023-04-18 20:02:00,615
W1,RX0207,RX0209,2023-04-18 20:02:00,2023-04-18 20:12:15,615
W1,RX0209,RX0211,2023-04-18 20:12:15,2023-04-18 20:22:30,615
W1,RX0211,RX0212,2023-04-18 20:22:30,2023-04-18 20:32:45,615
W1,RX0212,RX0214,2023-04-18 20:32:45,2023-04-18 20:43:00,615
W1,RX0214,RX0215,2023-04-18 20:43:00,2023-04-18 20:53:15,615
W1,RX0215,RX0216,2023-04-18 20:53:15,2023-04-18 21:03:30,615
W1,RX0216,RX0217,2023-04-18 21:03:30,2023-04-18 21:13:45,615
W1,RX0217,RX0219,2023-04-18 21:13:45,2023-04-18 21:24:00,615
W1,RX0219,RX0220,2023-04-18 21:24:00,2023-04-18 21:34:15,615
W1,RX0220,RX0222,2023-04-18 21:34:15,2023-04-18 21:44:30,615
W1,RX0222,RX0224,2023-04-18 21:44:30,2023-04-18 21:56:15,705
W1,RX0224,RX0226,2023-04-18 21:56:15,2023-04-18 22:06:30,615
W1,RX0226,RX0227,2023-04-18 22:06:30,2023-04-18 22:16:45,615
W1,RX0227,RX0229,2023-04-18 22:16:45,2023-04-18 22:27:00,615
W1,RX0229,RX0231,2023-04-18 22:27:00,2023-04-18 22:37:15,615
W1,RX0231,RX0232,2023-04-18 22:37:15,2023-04-18 22:47:30,615
W1,RX0232,RX0234,2023-04-18 22:47:30,2023-04-18 22:57:45,615
W1,RX0234,RX0235,2023-04-18 22:57:45,2023-04-18 23:08:00,615
W1,RX0235,RX0236,2023-04-18 23:08:00,2023-04-18 23:18:15,615
W1,RX0236,RX0237,2023-04-18 23:18:15,2023-04-18 23:28:30,615
W1,RX0237,RX0238,2023-04-18 23:28:30,2023-04-18 23:38:45,615
W1,RX0238,RX0239,2023-04-18 23:38:45,2023-04-18 23:49:00,615
W1,RX0239,RX0240,2023-04-18 23:49:00,2023-04-19 00:12:45,1425
W1,RX0240,RX0241,2023-04-19 00:12:45,2023-04-19 00:23:00,615
W1,RX0241,RX0242,2023-04-19 00:23:00,2023-04-19 00:33:15,615
W1,RX0242,RX0243,2023-04-19 00:33:15,2023-04-19 00:43:30,615
W1,RX0243,RX0244,2023-04-19 00:43:30,2023-04-19 00:53:45,615
W1,RX0244,RX0245,2023-04-19 00:53:45,2023-04-19 01:04:00,615
W1,RX0245,RX0246,2023-04-19 01:04:00,2023-04-19 01:14:15,615
W1,RX0246,RX0247,2023-04-19 01:14:15,2023-04-19 01:24:30,615
W1,RX0247,RX0248,2023-04-19 01:24:30,2023-04-19 01:34:45,615
W1,RX0248,RX0249,2023-04-19 01:34:45,2023-04-19 01:45:15,630
W1,RX0249,RX0250,2023-04-19 01:45:15,2023-04-19 02:15:45,1830
W1,RX0250,RX0251,2023-04-19 02:15:45,2023-04-19 02:26:15,630
W1,RX0251,RX0252,2023-04-19 02:26:15,2023-04-19 02:36:30,615
W1,RX0252,RX0253,2023-04-19 02:36:30,2023-04-19 02:46:30,600
W1,RX0253,RX0254,2023-04-19 02:46:30,2023-04-19 02:56:45,615
W1,RX0254,RX0255,2023-04-19 02:56:45,2023-04-19 03:07:00,615
W1,RX0255,RX0256,2023-04-19 03:07:00,2023-04-19 03:17:30,630
W1,RX0256,RX0257,2023-04-19 03:17:30,2023-04-19 03:27:45,615
W1,RX0257,RX0258,2023-04-19 03:27:45,2023-04-19 03:37:45,600
W1,RX0258,RX0259,2023-04-19 03:37:45,2023-04-19 04:18:45,2460
W1,RX0259,RX0260,2023-04-19 04:18:45,2023-04-19 04:39:15,1230
W1,RX0260,RX0261,2023-04-19 04:39:15,2023-04-19 04:49:30,615
W1,RX0261,RX0262,2023-04-19 04:49:30,2023-04-19 04:59:45,615
W1,RX0262,RX0263,2023-04-19 04:59:45,2023-04-19 05:10:00,615
W1,RX0263,RX0264,2023-04-19 05:10:00,2023-04-19 05:20:15,615
W1,RX0264,RX0265,2023-04-19 05:20:15,2023-04-19 05:30:30,615
W1,RX0265,RX0266,2023-04-19 05:30:30,2023-04-19 05:41:00,630
W1,RX0266,RX0267,2023-04-19 05:41:00,2023-04-19 05:51:00,600
W1,RX0267,RX0268,2023-04-19 05:51:00,2023-04-19 06:01:15,615
W1,RX0268,RX0269,2023-04-19 06:01:15,2023-04-19 06:11:30,615
W1,RX0269,RX0270,2023-04-19 06:11:30,2023-04-19 06:21:45,615
W1,RX0270,RX0271,2023-04-19 06:21:45,2023-04-19 06:32:00,615
W1,RX0271,RX0272,2023-04-19 06:32:00,2023-04-19 06:42:15,615
W1,RX0272,RX0273,2023-04-19 06:42:15,2023-04-19 06:52:30,615
W1,RX0273,RX0274,2023-04-19 06:52:30,2023-04-19 07:02:45,615
W1,RX0274,RX0275,2023-04-19 07:02:45,2023-04-19 07:13:00,615
W1,RX0275,RX0276,2023-04-19 07:13:00,2023-04-19 07:23:15,615
W1,RX0276,RX0277,2023-04-19 07:23:15,2023-04-19 07:33:30,615
W1,RX0277,RX0278,2023-04-19 07:33:30,2023-04-19 07:43:45,615
W1,RX0278,RX0279,2023-04-19 07:43:45,2023-04-19 07:54:00,615
W1,RX0279,RX0281,2023-04-19 07:54:00,2023-04-19 08:05:00,660
W1,RX0281,RX0282,2023-04-19 08:05:00,2023-04-19 08:15:15,615
W1,RX0282,RX0283,2023-04-19 08:15:15,2023-04-19 08:25:30,615
W1,RX0283,RX0284,2023-04-19 08:25:30,2023-04-19 08:35:45,615
W1,RX0284,RX0285,2023-04-19 08:35:45,2023-04-19 08:46:00,615
W1,RX0285,RX0286,2023-04-19 08:46:00,2023-04-19 08:56:15,615
W1,RX0286,RX0287,2023-04-19 08:56:15,2023-04-19 09:06:30,615
W1,RX0287,RX0288,2023-04-19 09:06:30,2023-04-19 09:16:45,615
W1,RX0288,RX0289,2023-04-19 09:16:45,2023-04-19 09:27:00,615
W1,RX0289,RX0290,2023-04-19 09:27:00,2023-04-19 09:37:15,615
W1,RX0290,RX0291,2023-04-19 09:37:15,2023-04-19 09:57:45,1230
W1,RX0291,RX0292,2023-04-19 09:57:45,2023-04-19 10:08:00,615
W1,RX0292,RX0293,2023-04-19 10:08:00,2023-04-19 10:18:15,615
W1,RX0293,RX0294,2023-04-19 10:18:15,2023-04-19 10:39:00,1245
W1,RX0294,RX0295,2023-04-19 10:39:00,2023-04-19 10:49:15,615
W1,RX0295,RX0296,2023-04-19 10:49:15,2023-04-19 10:59:30,615
