scope,subset,record_count,SNR_dB_n,SNR_dB_min,SNR_dB_q1,SNR_dB_median,SNR_dB_q3,SNR_dB_max,DT_seconds_n,DT_seconds_min,DT_seconds_q1,DT_seconds_median,DT_seconds_q3,DT_seconds_max
W1,all,230,230,-21,-13,-6,3,23,230,0,0.5,0.7,0.8,2.5
W1,CQ_only,228,228,-21,-13,-6,3.25,23,228,0,0.5,0.7,0.8,2.5
W1,CQ_plus_HB,228,228,-21,-13,-6,3.25,23,228,0,0.5,0.7,0.8,2.5
W1,heartbeat_only,0,0,,,,,,0,,,,,
W1,ID_only,2,2,-16,-14,-12,-10,-8,2,0.7,1.025,1.35,1.675,2
W1,previous_selection,200,200,-21,-14,-6,11.5,23,200,0,0.5,0.7,0.8,1.6
W1,additional,30,30,-13,-10.75,-6.5,-4,6,30,1.1,1.8,2,2.2,2.5
W1,previous_CQ,199,199,-21,-14,-6,12,23,199,0,0.5,0.7,0.8,1.6
W1,additional_CQ,29,29,-13,-11,-6,-4,6,29,1.1,1.8,2,2.2,2.5
