local_hour,maps,min_class,q1_class,median_class,q3_class,max_class
0,22,9,10.0,10.0,11.0,12
1,22,8,9.0,9.0,10.0,10
2,24,8,9.0,9.0,9.0,11
3,23,7,8.0,9.0,9.0,10
4,24,6,7.0,7.0,8.25,9
5,22,6,6.25,7.0,7.0,8
6,21,5,6.0,7.0,8.0,9
7,22,7,8.25,9.0,9.75,11
8,22,9,10.25,11.0,12.0,12
9,24,10,11.0,11.0,12.0,13
10,24,10,10.0,10.5,11.0,12
11,21,10,10.0,10.0,11.0,11
12,24,9,10.0,10.0,11.0,11
13,24,9,10.0,10.5,11.0,12
14,22,10,10.0,11.0,11.0,12
15,24,11,11.0,11.0,11.0,13
16,24,10,11.0,11.0,11.25,13
17,24,10,10.75,11.0,12.0,12
18,22,10,10.0,11.0,11.75,12
19,24,10,10.0,11.0,11.25,12
20,23,10,10.0,11.0,12.0,12
21,21,9,10.0,11.0,12.0,13
22,22,9,10.0,10.0,11.75,12
23,21,9,10.0,10.0,11.0,12
