record_id,recorded_timestamp,dial_frequency_MHz,SNR_dB,category,window_id,filename,timestamp_UTC,r1_mode,r1_min,r1_max,r1_pixels,r2_mode,r2_min,r2_max,r2_pixels,r3_mode,r3_min,r3_max,r3_pixels,local_hour,local_date,Darwin_foF2_MHz,Guam_foF2_MHz,map_minus_receive_seconds,r1_mode_comparison_1MHz_buffer,r2_mode_comparison_1MHz_buffer,r3_mode_comparison_1MHz_buffer
RX0001,2023-04-17 06:31:30,5.357,20,CQ,W1,RF_20230417_0630.png,2023-04-17 06:30:00,10,10,10,1,10,10,10,1,,10,11,8,14,2023-04-17,11.865,15.2,-90.0,below,below,unresolved
RX0002,2023-04-17 06:41:45,5.357,23,CQ,W1,RF_20230417_0645.png,2023-04-17 06:45:00,,,,0,11,11,11,1,11,10,11,8,14,2023-04-17,11.693,15.35,195.0,unresolved,below,below
RX0003,2023-04-17 08:30:45,5.357,22,CQ,W1,RF_20230417_0830.png,2023-04-17 08:30:00,10,10,10,1,10,10,10,1,10,10,10,5,16,2023-04-17,10.685,13.0,-45.0,below,below,below
RX0004,2023-04-17 08:41:00,5.357,21,CQ,W1,RF_20230417_0845.png,2023-04-17 08:45:00,10,10,10,1,10,10,10,2,10,10,10,6,16,2023-04-17,10.915,10.8,240.0,below,below,below
RX0005,2023-04-17 08:51:15,5.357,21,CQ,W1,RF_20230417_0845.png,2023-04-17 08:45:00,10,10,10,1,10,10,10,2,10,10,10,6,16,2023-04-17,10.915,10.8,-375.0,below,below,below
RX0006,2023-04-17 09:01:30,5.357,20,CQ,W1,RF_20230417_0900.png,2023-04-17 09:00:00,10,10,10,1,10,10,10,2,10,10,10,9,17,2023-04-17,10.955,10.025,-90.0,below,below,below
RX0007,2023-04-17 09:11:45,5.357,20,CQ,W1,RF_20230417_0915.png,2023-04-17 09:15:00,,,,0,11,11,11,1,11,10,11,7,17,2023-04-17,10.934,8.7,195.0,unresolved,below,below
RX0008,2023-04-17 09:22:00,5.357,20,CQ,W1,RF_20230417_0915.png,2023-04-17 09:15:00,,,,0,11,11,11,1,11,10,11,7,17,2023-04-17,10.934,8.7,-420.0,unresolved,below,below
RX0009,2023-04-17 09:32:15,5.357,18,CQ,W1,RF_20230417_0930.png,2023-04-17 09:30:00,,,,0,11,11,11,1,11,10,11,7,17,2023-04-17,11.044,7.35,-135.0,unresolved,below,below
RX0010,2023-04-17 09:42:30,5.357,18,CQ,W1,RF_20230417_0945.png,2023-04-17 09:45:00,10,10,10,1,10,10,10,2,10,10,10,8,17,2023-04-17,10.913,5.225,150.0,below,below,below
RX0011,2023-04-17 09:52:45,5.357,20,CQ,W1,RF_20230417_1000.png,2023-04-17 10:00:00,10,10,10,1,10,10,10,2,10,10,10,8,18,2023-04-17,10.792,11.575,435.0,below,below,below
RX0012,2023-04-17 10:03:00,5.357,20,CQ,W1,RF_20230417_1000.png,2023-04-17 10:00:00,10,10,10,1,10,10,10,2,10,10,10,8,18,2023-04-17,10.792,11.575,-180.0,below,below,below
RX0013,2023-04-17 10:17:30,5.357,19,CQ,W1,RF_20230417_1015.png,2023-04-17 10:15:00,10,10,10,1,10,10,10,2,10,10,10,9,18,2023-04-17,10.608,8.05,-150.0,below,below,below
RX0014,2023-04-17 10:27:45,5.357,20,CQ,W1,RF_20230417_1030.png,2023-04-17 10:30:00,10,10,10,1,10,10,10,2,10,10,10,9,18,2023-04-17,10.608,7.45,135.0,below,below,below
RX0015,2023-04-17 10:38:00,5.357,15,CQ,W1,RF_20230417_1045.png,2023-04-17 10:45:00,10,10,10,1,10,10,10,2,10,10,10,9,18,2023-04-17,9.66,8.25,420.0,below,below,below
RX0016,2023-04-17 10:48:15,5.357,15,CQ,W1,RF_20230417_1045.png,2023-04-17 10:45:00,10,10,10,1,10,10,10,2,10,10,10,9,18,2023-04-17,9.66,8.25,-195.0,below,below,below
RX0017,2023-04-17 10:58:30,5.357,16,CQ,W1,RF_20230417_1100.png,2023-04-17 11:00:00,10,10,10,1,10,10,10,2,10,10,10,9,19,2023-04-17,9.679,7.825,90.0,below,below,below
RX0018,2023-04-17 11:08:45,5.357,10,CQ,W1,RF_20230417_1115.png,2023-04-17 11:15:00,10,10,10,1,10,10,10,2,10,10,10,9,19,2023-04-17,9.761,5.075,375.0,below,below,below
RX0019,2023-04-17 11:19:00,5.357,11,CQ,W1,RF_20230417_1115.png,2023-04-17 11:15:00,10,10,10,1,10,10,10,2,10,10,10,9,19,2023-04-17,9.761,5.075,-240.0,below,below,below
RX0020,2023-04-17 11:29:15,5.357,10,CQ,W1,RF_20230417_1130.png,2023-04-17 11:30:00,10,10,10,1,10,10,10,2,10,10,10,9,19,2023-04-17,9.465,2.25,45.0,below,below,below
RX0021,2023-04-17 11:39:30,5.357,11,CQ,W1,RF_20230417_1145.png,2023-04-17 11:45:00,10,10,10,1,10,10,10,2,10,10,10,9,19,2023-04-17,9.131,2.25,330.0,below,below,below
RX0022,2023-04-17 11:49:45,5.357,13,CQ,W1,RF_20230417_1145.png,2023-04-17 11:45:00,10,10,10,1,10,10,10,2,10,10,10,9,19,2023-04-17,9.131,2.25,-285.0,below,below,below
RX0023,2023-04-17 12:00:00,5.357,11,CQ,W1,RF_20230417_1200.png,2023-04-17 12:00:00,10,10,10,1,10,10,10,2,10,10,10,9,20,2023-04-17,8.544,2.825,0.0,below,below,below
RX0024,2023-04-17 12:10:15,5.357,15,CQ,W1,RF_20230417_1215.png,2023-04-17 12:15:00,10,10,10,1,10,10,10,2,10,10,10,7,20,2023-04-17,8.663,2.25,285.0,below,below,below
RX0025,2023-04-17 12:20:30,5.357,18,CQ,W1,RF_20230417_1215.png,2023-04-17 12:15:00,10,10,10,1,10,10,10,2,10,10,10,7,20,2023-04-17,8.663,2.25,-330.0,below,below,below
RX0026,2023-04-17 12:30:45,5.357,18,CQ,W1,RF_20230417_1230.png,2023-04-17 12:30:00,10,10,10,1,10,10,10,2,10,10,10,7,20,2023-04-17,8.823,2.65,-45.0,below,below,below
RX0027,2023-04-17 12:41:00,5.357,17,CQ,W1,RF_20230417_1245.png,2023-04-17 12:45:00,10,10,10,1,10,10,10,2,10,9,10,9,20,2023-04-17,9.146,2.65,240.0,below,below,below
RX0028,2023-04-17 12:51:15,5.357,17,CQ,W1,RF_20230417_1245.png,2023-04-17 12:45:00,10,10,10,1,10,10,10,2,10,9,10,9,20,2023-04-17,9.146,2.65,-375.0,below,below,below
RX0029,2023-04-17 13:01:30,5.357,18,CQ,W1,RF_20230417_1300.png,2023-04-17 13:00:00,10,10,10,1,10,10,10,2,10,9,10,8,21,2023-04-17,9.404,4.2,-90.0,below,below,below
RX0030,2023-04-17 13:11:45,5.357,19,CQ,W1,RF_20230417_1315.png,2023-04-17 13:15:00,9,9,9,1,9,9,9,1,9,9,10,7,21,2023-04-17,9.571,4.2,195.0,below,below,below
RX0031,2023-04-17 13:22:00,5.357,17,CQ,W1,RF_20230417_1315.png,2023-04-17 13:15:00,9,9,9,1,9,9,9,1,9,9,10,7,21,2023-04-17,9.571,4.2,-420.0,below,below,below
RX0032,2023-04-17 13:32:15,5.357,15,CQ,W1,RF_20230417_1330.png,2023-04-17 13:30:00,9,9,9,1,,9,10,2,10,9,10,9,21,2023-04-17,9.512,7.15,-135.0,below,unresolved,below
RX0033,2023-04-17 13:42:30,5.357,16,CQ,W1,RF_20230417_1345.png,2023-04-17 13:45:00,9,9,9,1,9,9,9,1,9,9,9,4,21,2023-04-17,9.435,7.8,150.0,below,below,below
RX0034,2023-04-17 13:52:45,5.357,17,CQ,W1,RF_20230417_1400.png,2023-04-17 14:00:00,9,9,9,1,9,9,9,1,9,9,9,4,22,2023-04-17,9.321,8.85,435.0,below,below,below
RX0035,2023-04-17 20:48:30,5.357,21,CQ,W1,RF_20230417_2045.png,2023-04-17 20:45:00,,,,0,9,9,9,2,8,8,9,10,4,2023-04-18,3.562,8.55,-210.0,unresolved,below,below
RX0036,2023-04-17 20:58:45,5.357,19,CQ,W1,RF_20230417_2100.png,2023-04-17 21:00:00,7,7,7,1,7,7,7,2,7,7,7,9,5,2023-04-18,4.07,9.125,75.0,below,below,below
RX0037,2023-04-17 21:09:00,5.357,21,CQ,W1,RF_20230417_2115.png,2023-04-17 21:15:00,7,7,7,1,7,7,7,2,7,7,7,9,5,2023-04-18,5.619,9.463,360.0,below,below,below
RX0038,2023-04-17 21:19:15,5.357,22,CQ,W1,RF_20230417_2115.png,2023-04-17 21:15:00,7,7,7,1,7,7,7,2,7,7,7,9,5,2023-04-18,5.619,9.463,-255.0,below,below,below
RX0039,2023-04-17 21:29:30,5.357,22,CQ,W1,RF_20230417_2130.png,2023-04-17 21:30:00,7,7,7,1,7,7,7,2,7,7,7,9,5,2023-04-18,6.014,10.025,30.0,below,below,below
RX0040,2023-04-17 21:39:45,5.357,22,CQ,W1,RF_20230417_2145.png,2023-04-17 21:45:00,6,6,6,1,6,6,7,5,6,6,7,12,5,2023-04-18,7.565,10.5,315.0,near,near,near
RX0041,2023-04-17 21:50:00,5.357,22,CQ,W1,RF_20230417_2145.png,2023-04-17 21:45:00,6,6,6,1,6,6,7,5,6,6,7,12,5,2023-04-18,7.565,10.5,-300.0,near,near,near
RX0042,2023-04-17 22:00:15,5.357,23,CQ,W1,RF_20230417_2200.png,2023-04-17 22:00:00,5,5,5,1,5,4,5,5,5,4,5,14,6,2023-04-18,8.16,10.675,-15.0,near,near,near
RX0043,2023-04-17 22:10:30,5.357,22,CQ,W1,RF_20230417_2215.png,2023-04-17 22:15:00,6,6,6,1,6,6,7,5,6,6,7,14,6,2023-04-18,8.625,11.1,270.0,near,near,near
RX0044,2023-04-17 22:20:45,5.357,22,CQ,W1,RF_20230417_2215.png,2023-04-17 22:15:00,6,6,6,1,6,6,7,5,6,6,7,14,6,2023-04-18,8.625,11.1,-345.0,near,near,near
RX0045,2023-04-17 22:31:00,5.357,22,CQ,W1,RF_20230417_2230.png,2023-04-17 22:30:00,,,,0,,6,7,2,7,6,7,10,6,2023-04-18,9.536,11.413,-60.0,unresolved,unresolved,below
RX0046,2023-04-17 22:41:15,5.357,23,CQ,W1,RF_20230417_2245.png,2023-04-17 22:45:00,6,6,6,1,6,6,7,5,7,6,7,13,6,2023-04-18,9.99,11.425,225.0,near,near,below
RX0047,2023-04-17 22:51:30,5.357,22,CQ,W1,RF_20230417_2245.png,2023-04-17 22:45:00,6,6,6,1,6,6,7,5,7,6,7,13,6,2023-04-18,9.99,11.425,-390.0,near,near,below
RX0048,2023-04-17 23:01:45,5.357,22,CQ,W1,RF_20230417_2300.png,2023-04-17 23:00:00,7,7,7,1,7,7,7,2,7,7,7,8,7,2023-04-18,10.495,11.325,-105.0,below,below,below
RX0049,2023-04-17 23:12:00,5.357,22,CQ,W1,RF_20230417_2315.png,2023-04-17 23:15:00,,,,0,9,9,9,1,8,8,9,7,7,2023-04-18,11.207,11.225,180.0,unresolved,below,below
RX0050,2023-04-17 23:22:15,5.357,22,CQ,W1,RF_20230417_2315.png,2023-04-17 23:15:00,,,,0,9,9,9,1,8,8,9,7,7,2023-04-18,11.207,11.225,-435.0,unresolved,below,below
RX0051,2023-04-17 23:32:30,5.357,22,CQ,W1,RF_20230417_2330.png,2023-04-17 23:30:00,8,8,8,1,8,8,9,5,9,8,9,11,7,2023-04-18,11.865,11.3,-150.0,below,below,below
RX0052,2023-04-17 23:42:45,5.357,22,CQ,W1,RF_20230417_2345.png,2023-04-17 23:45:00,9,9,9,1,9,9,9,2,9,9,9,8,7,2023-04-18,12.562,10.2,135.0,below,below,below
RX0053,2023-04-17 23:53:00,5.357,22,CQ,W1,RF_20230418_0000.png,2023-04-18 00:00:00,,,,0,,,,0,11,11,11,5,8,2023-04-18,13.744,11.225,420.0,unresolved,unresolved,below
RX0054,2023-04-18 00:03:15,5.357,22,CQ,W1,RF_20230418_0000.png,2023-04-18 00:00:00,,,,0,,,,0,11,11,11,5,8,2023-04-18,13.744,11.225,-195.0,unresolved,unresolved,below
RX0055,2023-04-18 00:13:30,5.357,22,CQ,W1,RF_20230418_0015.png,2023-04-18 00:15:00,10,10,10,1,10,10,10,2,10,10,10,9,8,2023-04-18,13.25,10.5,90.0,below,below,below
RX0056,2023-04-18 01:25:00,5.357,-15,CQ,W1,RF_20230418_0130.png,2023-04-18 01:30:00,10,10,10,1,10,10,10,2,10,10,10,9,9,2023-04-18,12.592,10.175,300.0,below,below,below
RX0057,2023-04-18 01:35:15,5.357,-16,CQ,W1,RF_20230418_0130.png,2023-04-18 01:30:00,10,10,10,1,10,10,10,2,10,10,10,9,9,2023-04-18,12.592,10.175,-315.0,below,below,below
RX0058,2023-04-18 01:55:15,5.357,-16,ID_only,W1,RF_20230418_0200.png,2023-04-18 02:00:00,12,12,12,1,12,11,12,5,12,11,12,12,10,2023-04-18,12.352,11.1,285.0,below,below,below
RX0059,2023-04-18 02:05:45,5.357,-15,CQ,W1,RF_20230418_0200.png,2023-04-18 02:00:00,12,12,12,1,12,11,12,5,12,11,12,12,10,2023-04-18,12.352,11.1,-345.0,below,below,below
RX0060,2023-04-18 02:16:00,5.357,-18,CQ,W1,RF_20230418_0215.png,2023-04-18 02:15:00,,,,0,11,11,11,1,11,10,11,8,10,2023-04-18,12.081,11.225,-60.0,unresolved,below,below
RX0061,2023-04-18 02:16:00,7.078,-14,CQ,W2,RF_20230418_0215.png,2023-04-18 02:15:00,,,,0,11,11,11,1,11,10,11,8,10,2023-04-18,12.081,11.225,-60.0,unresolved,below,below
RX0062,2023-04-18 02:26:15,5.357,-18,CQ,W1,RF_20230418_0230.png,2023-04-18 02:30:00,10,10,10,1,10,10,10,1,10,10,11,7,10,2023-04-18,12.128,11.2,225.0,below,below,below
RX0063,2023-04-18 02:31:15,7.078,-11,CQ,W2,RF_20230418_0230.png,2023-04-18 02:30:00,10,10,10,1,10,10,10,1,10,10,11,7,10,2023-04-18,12.128,11.2,-75.0,below,below,below
RX0064,2023-04-18 02:45:15,7.078,-13,ID_only,W2,RF_20230418_0245.png,2023-04-18 02:45:00,,,,0,11,11,11,1,11,10,11,8,10,2023-04-18,12.27,11.65,-15.0,unresolved,below,below
RX0065,2023-04-18 02:57:00,5.357,-15,CQ,W1,RF_20230418_0300.png,2023-04-18 03:00:00,11,11,11,1,11,11,11,2,11,11,11,7,11,2023-04-18,12.598,11.7,180.0,below,below,below
RX0066,2023-04-18 03:00:45,7.078,-14,CQ,W2,RF_20230418_0300.png,2023-04-18 03:00:00,11,11,11,1,11,11,11,2,11,11,11,7,11,2023-04-18,12.598,11.7,-45.0,below,below,below
RX0067,2023-04-18 03:07:15,5.357,-17,CQ,W1,RF_20230418_0300.png,2023-04-18 03:00:00,11,11,11,1,11,11,11,2,11,11,11,7,11,2023-04-18,12.598,11.7,-435.0,below,below,below
RX0068,2023-04-18 03:16:00,7.078,-13,CQ,W2,RF_20230418_0315.png,2023-04-18 03:15:00,10,10,10,1,10,10,10,1,10,10,10,4,11,2023-04-18,12.883,11.3,-60.0,below,below,below
RX0069,2023-04-18 03:17:45,5.357,-18,CQ,W1,RF_20230418_0315.png,2023-04-18 03:15:00,10,10,10,1,10,10,10,1,10,10,10,4,11,2023-04-18,12.883,11.3,-165.0,below,below,below
RX0070,2023-04-18 03:31:15,7.078,-8,CQ,W2,RF_20230418_0330.png,2023-04-18 03:30:00,10,10,10,1,10,10,10,2,10,10,10,5,11,2023-04-18,12.854,11.4,-75.0,below,below,below
RX0071,2023-04-18 03:38:00,5.357,-16,CQ,W1,RF_20230418_0345.png,2023-04-18 03:45:00,10,10,10,1,10,10,10,2,10,10,10,5,11,2023-04-18,12.592,11.575,420.0,below,below,below
RX0072,2023-04-18 03:46:30,7.078,-12,CQ,W2,RF_20230418_0345.png,2023-04-18 03:45:00,10,10,10,1,10,10,10,2,10,10,10,5,11,2023-04-18,12.592,11.575,-90.0,below,below,below
RX0073,2023-04-18 03:48:15,5.357,-16,CQ,W1,RF_20230418_0345.png,2023-04-18 03:45:00,10,10,10,1,10,10,10,2,10,10,10,5,11,2023-04-18,12.592,11.575,-195.0,below,below,below
RX0074,2023-04-18 04:01:45,7.078,-14,CQ,W2,RF_20230418_0400.png,2023-04-18 04:00:00,10,10,10,1,10,10,10,2,10,10,10,6,12,2023-04-18,12.349,10.05,-105.0,below,below,below
RX0075,2023-04-18 04:08:45,5.357,-18,CQ,W1,RF_20230418_0415.png,2023-04-18 04:15:00,10,10,10,1,10,10,10,2,10,10,10,6,12,2023-04-18,12.235,10.7,375.0,below,below,below
RX0076,2023-04-18 04:17:00,7.078,-15,CQ,W2,RF_20230418_0415.png,2023-04-18 04:15:00,10,10,10,1,10,10,10,2,10,10,10,6,12,2023-04-18,12.235,10.7,-120.0,below,below,below
RX0077,2023-04-18 04:19:00,5.357,-16,CQ,W1,RF_20230418_0415.png,2023-04-18 04:15:00,10,10,10,1,10,10,10,2,10,10,10,6,12,2023-04-18,12.235,10.7,-240.0,below,below,below
RX0078,2023-04-18 04:29:15,5.357,-18,CQ,W1,RF_20230418_0430.png,2023-04-18 04:30:00,10,10,10,1,10,10,10,2,10,10,10,6,12,2023-04-18,12.36,11.75,45.0,below,below,below
RX0079,2023-04-18 04:32:15,7.078,-10,CQ,W2,RF_20230418_0430.png,2023-04-18 04:30:00,10,10,10,1,10,10,10,2,10,10,10,6,12,2023-04-18,12.36,11.75,-135.0,below,below,below
RX0080,2023-04-18 04:39:30,5.357,-14,CQ,W1,RF_20230418_0445.png,2023-04-18 04:45:00,10,10,10,1,10,10,10,2,10,10,10,6,12,2023-04-18,12.494,12.025,330.0,below,below,below
RX0081,2023-04-18 04:49:45,5.357,-19,CQ,W1,RF_20230418_0445.png,2023-04-18 04:45:00,10,10,10,1,10,10,10,2,10,10,10,6,12,2023-04-18,12.494,12.025,-285.0,below,below,below
RX0082,2023-04-18 05:00:00,5.357,-15,CQ,W1,RF_20230418_0500.png,2023-04-18 05:00:00,10,10,10,1,10,10,10,1,10,10,10,4,13,2023-04-18,12.597,12.275,0.0,below,below,below
RX0083,2023-04-18 05:10:15,5.357,-15,CQ,W1,RF_20230418_0515.png,2023-04-18 05:15:00,10,10,10,1,10,10,10,1,10,10,10,4,13,2023-04-18,12.864,13.2,285.0,below,below,below
RX0084,2023-04-18 05:18:00,7.078,-10,CQ,W2,RF_20230418_0515.png,2023-04-18 05:15:00,10,10,10,1,10,10,10,1,10,10,10,4,13,2023-04-18,12.864,13.2,-180.0,below,below,below
RX0085,2023-04-18 05:20:30,5.357,-15,CQ,W1,RF_20230418_0515.png,2023-04-18 05:15:00,10,10,10,1,10,10,10,1,10,10,10,4,13,2023-04-18,12.864,13.2,-330.0,below,below,below
RX0086,2023-04-18 05:30:45,5.357,-18,CQ,W1,RF_20230418_0530.png,2023-04-18 05:30:00,10,10,10,1,10,10,10,2,10,10,10,5,13,2023-04-18,13.108,13.4,-45.0,below,below,below
RX0087,2023-04-18 05:33:15,7.078,-10,CQ,W2,RF_20230418_0530.png,2023-04-18 05:30:00,10,10,10,1,10,10,10,2,10,10,10,5,13,2023-04-18,13.108,13.4,-195.0,below,below,below
RX0088,2023-04-18 05:41:00,5.357,-17,CQ,W1,RF_20230418_0545.png,2023-04-18 05:45:00,10,10,10,1,10,10,10,2,10,10,10,5,13,2023-04-18,12.844,12.15,240.0,below,below,below
RX0089,2023-04-18 05:48:30,7.078,-10,CQ,W2,RF_20230418_0545.png,2023-04-18 05:45:00,10,10,10,1,10,10,10,2,10,10,10,5,13,2023-04-18,12.844,12.15,-210.0,below,below,below
RX0090,2023-04-18 05:51:15,5.357,-10,CQ,W1,RF_20230418_0545.png,2023-04-18 05:45:00,10,10,10,1,10,10,10,2,10,10,10,5,13,2023-04-18,12.844,12.15,-375.0,below,below,below
RX0091,2023-04-18 06:01:30,5.357,-15,CQ,W1,RF_20230418_0600.png,2023-04-18 06:00:00,10,10,10,1,10,10,10,2,10,10,10,5,14,2023-04-18,12.668,13.825,-90.0,below,below,below
RX0092,2023-04-18 06:03:45,7.078,-11,CQ,W2,RF_20230418_0600.png,2023-04-18 06:00:00,10,10,10,1,10,10,10,2,10,10,10,5,14,2023-04-18,12.668,13.825,-225.0,below,below,below
RX0093,2023-04-18 06:11:45,5.357,-14,CQ,W1,RF_20230418_0615.png,2023-04-18 06:15:00,10,10,10,1,10,10,10,1,10,10,10,4,14,2023-04-18,12.584,13.975,195.0,below,below,below
RX0094,2023-04-18 06:19:00,7.078,-6,CQ,W2,RF_20230418_0615.png,2023-04-18 06:15:00,10,10,10,1,10,10,10,1,10,10,10,4,14,2023-04-18,12.584,13.975,-240.0,below,below,below
RX0095,2023-04-18 06:22:00,5.357,-13,CQ,W1,RF_20230418_0615.png,2023-04-18 06:15:00,10,10,10,1,10,10,10,1,10,10,10,4,14,2023-04-18,12.584,13.975,-420.0,below,below,below
RX0096,2023-04-18 06:32:15,5.357,-14,CQ,W1,RF_20230418_0630.png,2023-04-18 06:30:00,10,10,10,1,10,10,10,1,,10,11,8,14,2023-04-18,12.18,14.075,-135.0,below,below,unresolved
RX0097,2023-04-18 06:34:30,7.078,-12,CQ,W2,RF_20230418_0630.png,2023-04-18 06:30:00,10,10,10,1,10,10,10,1,,10,11,8,14,2023-04-18,12.18,14.075,-270.0,below,below,unresolved
RX0098,2023-04-18 06:42:30,5.357,-9,CQ,W1,RF_20230418_0645.png,2023-04-18 06:45:00,,,,0,11,11,11,1,11,10,11,8,14,2023-04-18,11.991,14.363,150.0,unresolved,below,below
RX0099,2023-04-18 06:49:30,7.078,-10,CQ,W2,RF_20230418_0645.png,2023-04-18 06:45:00,,,,0,11,11,11,1,11,10,11,8,14,2023-04-18,11.991,14.363,-270.0,unresolved,below,below
RX0100,2023-04-18 06:52:45,5.357,-6,CQ,W1,RF_20230418_0700.png,2023-04-18 07:00:00,,,,0,11,11,11,1,11,10,11,8,15,2023-04-18,11.932,14.725,435.0,unresolved,below,below
RX0101,2023-04-18 07:04:45,7.078,-8,CQ,W2,RF_20230418_0700.png,2023-04-18 07:00:00,,,,0,11,11,11,1,11,10,11,8,15,2023-04-18,11.932,14.725,-285.0,unresolved,below,below
RX0102,2023-04-18 07:13:15,5.357,0,CQ,W1,RF_20230418_0715.png,2023-04-18 07:15:00,11,11,11,1,11,11,11,2,11,11,11,5,15,2023-04-18,11.929,14.725,105.0,below,below,below
RX0103,2023-04-18 07:20:00,7.078,-3,CQ,W2,RF_20230418_0715.png,2023-04-18 07:15:00,11,11,11,1,11,11,11,2,11,11,11,5,15,2023-04-18,11.929,14.725,-300.0,below,below,below
RX0104,2023-04-18 07:23:30,5.357,-6,CQ,W1,RF_20230418_0730.png,2023-04-18 07:30:00,11,11,11,1,11,11,11,2,11,11,11,7,15,2023-04-18,11.911,15.0,390.0,below,below,below
RX0105,2023-04-18 07:33:45,5.357,-4,CQ,W1,RF_20230418_0730.png,2023-04-18 07:30:00,11,11,11,1,11,11,11,2,11,11,11,7,15,2023-04-18,11.911,15.0,-225.0,below,below,below
RX0106,2023-04-18 07:35:15,7.078,2,CQ,W2,RF_20230418_0730.png,2023-04-18 07:30:00,11,11,11,1,11,11,11,2,11,11,11,7,15,2023-04-18,11.911,15.0,-315.0,below,below,below
RX0107,2023-04-18 07:44:00,5.357,-4,CQ,W1,RF_20230418_0745.png,2023-04-18 07:45:00,11,11,11,1,11,11,11,2,11,11,11,6,15,2023-04-18,12.466,14.538,60.0,below,below,below
RX0108,2023-04-18 07:53:15,7.078,7,ID_only,W2,RF_20230418_0800.png,2023-04-18 08:00:00,11,11,11,1,11,11,11,2,11,11,11,6,16,2023-04-18,11.903,7.875,405.0,below,below,below
RX0109,2023-04-18 07:54:15,5.357,3,CQ,W1,RF_20230418_0800.png,2023-04-18 08:00:00,11,11,11,1,11,11,11,2,11,11,11,6,16,2023-04-18,11.903,7.875,345.0,below,below,below
RX0110,2023-04-18 08:03:45,7.078,1,ID_only,W2,RF_20230418_0800.png,2023-04-18 08:00:00,11,11,11,1,11,11,11,2,11,11,11,6,16,2023-04-18,11.903,7.875,-225.0,below,below,below
RX0111,2023-04-18 08:04:30,5.357,4,CQ,W1,RF_20230418_0800.png,2023-04-18 08:00:00,11,11,11,1,11,11,11,2,11,11,11,6,16,2023-04-18,11.903,7.875,-270.0,below,below,below
RX0112,2023-04-18 08:14:45,5.357,-5,CQ,W1,RF_20230418_0815.png,2023-04-18 08:15:00,11,11,11,1,11,11,11,2,11,11,11,7,16,2023-04-18,11.949,13.3,15.0,below,below,below
RX0113,2023-04-18 08:19:15,7.078,-4,CQ,W2,RF_20230418_0815.png,2023-04-18 08:15:00,11,11,11,1,11,11,11,2,11,11,11,7,16,2023-04-18,11.949,13.3,-255.0,below,below,below
RX0114,2023-04-18 08:25:00,5.357,1,CQ,W1,RF_20230418_0830.png,2023-04-18 08:30:00,,,,0,11,11,11,1,11,10,11,7,16,2023-04-18,11.914,9.5,300.0,unresolved,below,below
RX0115,2023-04-18 08:25:00,7.078,-2,ID_only,W2,RF_20230418_0830.png,2023-04-18 08:30:00,,,,0,11,11,11,1,11,10,11,7,16,2023-04-18,11.914,9.5,300.0,unresolved,below,below
RX0116,2023-04-18 08:26:00,7.078,-3,ID_only,W2,RF_20230418_0830.png,2023-04-18 08:30:00,,,,0,11,11,11,1,11,10,11,7,16,2023-04-18,11.914,9.5,240.0,unresolved,below,below
RX0117,2023-04-18 08:35:15,5.357,-5,CQ,W1,RF_20230418_0830.png,2023-04-18 08:30:00,,,,0,11,11,11,1,11,10,11,7,16,2023-04-18,11.914,9.5,-315.0,unresolved,below,below
RX0118,2023-04-18 08:36:30,7.078,0,ID_only,W2,RF_20230418_0830.png,2023-04-18 08:30:00,,,,0,11,11,11,1,11,10,11,7,16,2023-04-18,11.914,9.5,-390.0,unresolved,below,below
RX0119,2023-04-18 08:41:30,7.078,0,ID_only,W2,RF_20230418_0845.png,2023-04-18 08:45:00,10,10,10,1,10,10,10,1,10,10,11,7,16,2023-04-18,11.846,12.425,210.0,below,below,below
RX0120,2023-04-18 08:45:30,5.357,0,CQ,W1,RF_20230418_0845.png,2023-04-18 08:45:00,10,10,10,1,10,10,10,1,10,10,11,7,16,2023-04-18,11.846,12.425,-30.0,below,below,below
RX0121,2023-04-18 08:49:00,7.078,0,ID_only,W2,RF_20230418_0845.png,2023-04-18 08:45:00,10,10,10,1,10,10,10,1,10,10,11,7,16,2023-04-18,11.846,12.425,-240.0,below,below,below
RX0122,2023-04-18 08:52:15,7.078,-6,ID_only,W2,RF_20230418_0845.png,2023-04-18 08:45:00,10,10,10,1,10,10,10,1,10,10,11,7,16,2023-04-18,11.846,12.425,-435.0,below,below,below
RX0123,2023-04-18 08:55:45,5.357,2,CQ,W1,RF_20230418_0900.png,2023-04-18 09:00:00,10,10,10,1,10,10,10,2,10,10,10,6,17,2023-04-18,11.784,10.95,255.0,below,below,below
RX0124,2023-04-18 09:06:00,5.357,-2,CQ,W1,RF_20230418_0900.png,2023-04-18 09:00:00,10,10,10,1,10,10,10,2,10,10,10,6,17,2023-04-18,11.784,10.95,-360.0,below,below,below
RX0125,2023-04-18 09:16:15,5.357,0,CQ,W1,RF_20230418_0915.png,2023-04-18 09:15:00,10,10,10,1,10,10,10,2,10,10,10,6,17,2023-04-18,11.755,11.35,-75.0,below,below,below
RX0126,2023-04-18 09:23:00,7.078,2,CQ,W2,RF_20230418_0930.png,2023-04-18 09:30:00,10,10,10,1,10,10,10,2,10,10,10,8,17,2023-04-18,11.608,8.3,420.0,below,below,below
RX0127,2023-04-18 09:26:30,5.357,-5,CQ,W1,RF_20230418_0930.png,2023-04-18 09:30:00,10,10,10,1,10,10,10,2,10,10,10,8,17,2023-04-18,11.608,8.3,210.0,below,below,below
RX0128,2023-04-18 09:36:45,5.357,-7,CQ,W1,RF_20230418_0930.png,2023-04-18 09:30:00,10,10,10,1,10,10,10,2,10,10,10,8,17,2023-04-18,11.608,8.3,-405.0,below,below,below
RX0129,2023-04-18 09:38:15,7.078,-9,CQ,W2,RF_20230418_0945.png,2023-04-18 09:45:00,10,10,10,1,10,10,10,2,10,10,10,9,17,2023-04-18,11.456,7.8,405.0,below,below,below
RX0130,2023-04-18 09:47:00,5.357,-10,CQ,W1,RF_20230418_0945.png,2023-04-18 09:45:00,10,10,10,1,10,10,10,2,10,10,10,9,17,2023-04-18,11.456,7.8,-120.0,below,below,below
RX0131,2023-04-18 10:08:45,7.078,-5,CQ,W2,RF_20230418_1015.png,2023-04-18 10:15:00,10,10,10,1,10,10,10,2,10,10,10,9,18,2023-04-18,11.36,2.8,375.0,below,below,below
RX0132,2023-04-18 10:28:00,5.357,-1,CQ,W1,RF_20230418_1030.png,2023-04-18 10:30:00,10,10,10,1,10,10,10,2,10,10,10,8,18,2023-04-18,11.329,2.525,120.0,below,below,below
RX0133,2023-04-18 10:38:15,5.357,-7,CQ,W1,RF_20230418_1045.png,2023-04-18 10:45:00,10,10,10,1,10,10,10,2,10,10,10,9,18,2023-04-18,11.441,8.075,405.0,below,below,below
RX0134,2023-04-18 10:48:30,5.357,-9,CQ,W1,RF_20230418_1045.png,2023-04-18 10:45:00,10,10,10,1,10,10,10,2,10,10,10,9,18,2023-04-18,11.441,8.075,-210.0,below,below,below
RX0135,2023-04-18 10:54:30,7.078,-1,CQ,W2,RF_20230418_1100.png,2023-04-18 11:00:00,10,10,10,1,10,10,10,2,10,10,10,9,19,2023-04-18,11.274,2.4,330.0,below,below,below
RX0136,2023-04-18 10:58:45,5.357,-10,CQ,W1,RF_20230418_1100.png,2023-04-18 11:00:00,10,10,10,1,10,10,10,2,10,10,10,9,19,2023-04-18,11.274,2.4,75.0,below,below,below
RX0137,2023-04-18 11:09:00,5.357,-7,CQ,W1,RF_20230418_1115.png,2023-04-18 11:15:00,10,10,10,1,10,10,10,2,10,10,10,9,19,2023-04-18,11.26,3.325,360.0,below,below,below
RX0138,2023-04-18 11:09:45,7.078,-2,CQ,W2,RF_20230418_1115.png,2023-04-18 11:15:00,10,10,10,1,10,10,10,2,10,10,10,9,19,2023-04-18,11.26,3.325,315.0,below,below,below
RX0139,2023-04-18 11:19:15,5.357,-6,CQ,W1,RF_20230418_1115.png,2023-04-18 11:15:00,10,10,10,1,10,10,10,2,10,10,10,9,19,2023-04-18,11.26,3.325,-255.0,below,below,below
RX0140,2023-04-18 11:25:00,7.078,-3,CQ,W2,RF_20230418_1130.png,2023-04-18 11:30:00,10,10,10,1,10,10,10,2,10,10,10,9,19,2023-04-18,11.26,3.05,300.0,below,below,below
RX0141,2023-04-18 11:29:30,5.357,-3,CQ,W1,RF_20230418_1130.png,2023-04-18 11:30:00,10,10,10,1,10,10,10,2,10,10,10,9,19,2023-04-18,11.26,3.05,30.0,below,below,below
RX0142,2023-04-18 11:39:45,5.357,-7,CQ,W1,RF_20230418_1145.png,2023-04-18 11:45:00,10,10,10,1,10,10,10,2,10,10,10,9,19,2023-04-18,9.75,3.05,315.0,below,below,below
RX0143,2023-04-18 11:50:00,5.357,-3,CQ,W1,RF_20230418_1145.png,2023-04-18 11:45:00,10,10,10,1,10,10,10,2,10,10,10,9,19,2023-04-18,9.75,3.05,-300.0,below,below,below
RX0144,2023-04-18 12:00:15,5.357,-5,CQ,W1,RF_20230418_1200.png,2023-04-18 12:00:00,,,,0,10,10,10,1,10,9,10,8,20,2023-04-18,9.84,3.05,-15.0,unresolved,below,below
RX0145,2023-04-18 12:10:30,5.357,-4,CQ,W1,RF_20230418_1215.png,2023-04-18 12:15:00,10,10,10,1,10,10,10,2,10,10,10,7,20,2023-04-18,9.607,2.2,270.0,below,below,below
RX0146,2023-04-18 12:20:45,5.357,-4,CQ,W1,RF_20230418_1215.png,2023-04-18 12:15:00,10,10,10,1,10,10,10,2,10,10,10,7,20,2023-04-18,9.607,2.2,-345.0,below,below,below
RX0147,2023-04-18 12:26:00,7.078,-2,CQ,W2,RF_20230418_1230.png,2023-04-18 12:30:00,,,,0,10,10,10,2,10,9,10,9,20,2023-04-18,9.348,2.75,240.0,unresolved,below,below
RX0148,2023-04-18 12:31:00,5.357,-3,CQ,W1,RF_20230418_1230.png,2023-04-18 12:30:00,,,,0,10,10,10,2,10,9,10,9,20,2023-04-18,9.348,2.75,-60.0,unresolved,below,below
RX0149,2023-04-18 12:41:30,5.357,-12,CQ,W1,RF_20230418_1245.png,2023-04-18 12:45:00,,,,0,10,10,10,2,10,9,10,9,20,2023-04-18,9.197,2.425,210.0,unresolved,below,below
RX0150,2023-04-18 12:51:30,5.357,-11,CQ,W1,RF_20230418_1245.png,2023-04-18 12:45:00,,,,0,10,10,10,2,10,9,10,9,20,2023-04-18,9.197,2.425,-390.0,unresolved,below,below
RX0151,2023-04-18 13:01:45,5.357,-11,CQ,W1,RF_20230418_1300.png,2023-04-18 13:00:00,,,,0,10,10,10,1,10,9,10,8,21,2023-04-18,9.176,7.8,-105.0,unresolved,below,below
RX0152,2023-04-18 13:11:45,7.078,2,CQ,W2,RF_20230418_1315.png,2023-04-18 13:15:00,10,10,10,1,10,10,10,2,10,9,10,8,21,2023-04-18,8.977,2.65,195.0,below,below,below
RX0153,2023-04-18 13:12:00,5.357,-11,CQ,W1,RF_20230418_1315.png,2023-04-18 13:15:00,10,10,10,1,10,10,10,2,10,9,10,8,21,2023-04-18,8.977,2.65,180.0,below,below,below
RX0154,2023-04-18 13:22:15,5.357,-13,CQ,W1,RF_20230418_1315.png,2023-04-18 13:15:00,10,10,10,1,10,10,10,2,10,9,10,8,21,2023-04-18,8.977,2.65,-435.0,below,below,below
RX0155,2023-04-18 13:32:30,5.357,-16,CQ,W1,RF_20230418_1330.png,2023-04-18 13:30:00,,,,0,10,10,10,2,10,9,10,9,21,2023-04-18,8.793,2.8,-150.0,unresolved,below,below
RX0156,2023-04-18 13:42:15,7.078,1,CQ,W2,RF_20230418_1345.png,2023-04-18 13:45:00,,,,0,10,10,10,2,10,9,10,9,21,2023-04-18,8.95,8.475,165.0,unresolved,below,below
RX0157,2023-04-18 13:42:45,5.357,-14,CQ,W1,RF_20230418_1345.png,2023-04-18 13:45:00,,,,0,10,10,10,2,10,9,10,9,21,2023-04-18,8.95,8.475,135.0,unresolved,below,below
RX0158,2023-04-18 13:53:00,5.357,-12,CQ,W1,RF_20230418_1400.png,2023-04-18 14:00:00,,,,0,10,10,10,2,10,9,10,9,22,2023-04-18,8.93,8.475,420.0,unresolved,below,below
RX0159,2023-04-18 13:57:30,7.078,-2,CQ,W2,RF_20230418_1400.png,2023-04-18 14:00:00,,,,0,10,10,10,2,10,9,10,9,22,2023-04-18,8.93,8.475,150.0,unresolved,below,below
RX0160,2023-04-18 14:03:15,5.357,-11,CQ,W1,RF_20230418_1400.png,2023-04-18 14:00:00,,,,0,10,10,10,2,10,9,10,9,22,2023-04-18,8.93,8.475,-195.0,unresolved,below,below
RX0161,2023-04-18 14:12:45,7.078,3,CQ,W2,RF_20230418_1415.png,2023-04-18 14:15:00,,,,0,10,10,10,1,10,9,10,8,22,2023-04-18,8.832,5.25,135.0,unresolved,below,below
RX0162,2023-04-18 14:13:30,5.357,-13,CQ,W1,RF_20230418_1415.png,2023-04-18 14:15:00,,,,0,10,10,10,1,10,9,10,8,22,2023-04-18,8.832,5.25,90.0,unresolved,below,below
RX0163,2023-04-18 14:23:45,5.357,-16,CQ,W1,RF_20230418_1430.png,2023-04-18 14:30:00,9,9,9,1,9,9,9,1,9,9,10,7,22,2023-04-18,8.489,9.125,375.0,below,below,below
RX0164,2023-04-18 14:34:00,5.357,-12,CQ,W1,RF_20230418_1430.png,2023-04-18 14:30:00,9,9,9,1,9,9,9,1,9,9,10,7,22,2023-04-18,8.489,9.125,-240.0,below,below,below
RX0165,2023-04-18 14:44:15,5.357,-12,CQ,W1,RF_20230418_1445.png,2023-04-18 14:45:00,9,9,9,1,9,9,9,1,9,9,9,4,22,2023-04-18,8.283,5.225,45.0,below,below,below
RX0166,2023-04-18 14:54:30,5.357,-12,CQ,W1,RF_20230418_1500.png,2023-04-18 15:00:00,9,9,9,2,9,9,9,4,9,8,9,10,23,2023-04-18,8.283,8.725,330.0,below,below,below
RX0169,2023-04-18 15:25:15,5.357,-11,CQ,W1,RF_20230418_1530.png,2023-04-18 15:30:00,9,9,9,1,9,9,9,1,9,9,9,5,23,2023-04-18,6.005,10.95,285.0,below,below,below
RX0170,2023-04-18 15:29:00,7.078,1,CQ,W2,RF_20230418_1530.png,2023-04-18 15:30:00,9,9,9,1,9,9,9,1,9,9,9,5,23,2023-04-18,6.005,10.95,60.0,below,below,below
RX0171,2023-04-18 15:35:30,5.357,-12,CQ,W1,RF_20230418_1530.png,2023-04-18 15:30:00,9,9,9,1,9,9,9,1,9,9,9,5,23,2023-04-18,6.005,10.95,-330.0,below,below,below
RX0172,2023-04-18 15:45:45,5.357,-8,CQ,W1,RF_20230418_1545.png,2023-04-18 15:45:00,9,9,9,1,9,9,9,2,9,9,9,8,23,2023-04-18,7.639,11.725,-45.0,below,below,below
RX0175,2023-04-18 16:14:45,7.078,3,CQ,W2,RF_20230418_1615.png,2023-04-18 16:15:00,9,9,9,1,9,9,9,2,9,9,9,6,0,2023-04-19,7.912,9.025,15.0,below,below,below
RX0176,2023-04-18 16:16:30,5.357,-7,CQ,W1,RF_20230418_1615.png,2023-04-18 16:15:00,9,9,9,1,9,9,9,2,9,9,9,6,0,2023-04-19,7.912,9.025,-90.0,below,below,below
RX0177,2023-04-18 16:27:00,5.357,-15,CQ,W1,RF_20230418_1630.png,2023-04-18 16:30:00,9,9,9,1,9,9,9,2,9,9,9,8,0,2023-04-19,7.612,7.925,180.0,below,below,below
RX0178,2023-04-18 16:30:00,7.078,0,CQ,W2,RF_20230418_1630.png,2023-04-18 16:30:00,9,9,9,1,9,9,9,2,9,9,9,8,0,2023-04-19,7.612,7.925,0.0,below,below,below
RX0179,2023-04-18 16:37:00,5.357,-15,CQ,W1,RF_20230418_1630.png,2023-04-18 16:30:00,9,9,9,1,9,9,9,2,9,9,9,8,0,2023-04-19,7.612,7.925,-420.0,below,below,below
RX0180,2023-04-18 16:45:15,7.078,-5,CQ,W2,RF_20230418_1645.png,2023-04-18 16:45:00,9,9,9,1,9,9,9,3,9,8,9,10,0,2023-04-19,7.612,8.8,-15.0,below,below,below
RX0181,2023-04-18 17:00:30,7.078,-1,CQ,W2,RF_20230418_1700.png,2023-04-18 17:00:00,8,8,8,1,9,8,9,3,8,8,9,9,1,2023-04-19,7.612,5.45,-30.0,near,below,near
RX0182,2023-04-18 17:15:45,7.078,-7,CQ,W2,RF_20230418_1715.png,2023-04-18 17:15:00,9,9,9,1,9,9,9,3,9,8,9,9,1,2023-04-19,7.18,8.2,-45.0,below,below,below
RX0183,2023-04-18 17:18:00,5.357,-14,CQ,W1,RF_20230418_1715.png,2023-04-18 17:15:00,9,9,9,1,9,9,9,3,9,8,9,9,1,2023-04-19,7.18,8.2,-180.0,below,below,below
RX0184,2023-04-18 17:28:15,5.357,-11,CQ,W1,RF_20230418_1730.png,2023-04-18 17:30:00,8,8,8,1,8,8,9,5,8,8,9,12,1,2023-04-19,7.879,5.725,105.0,below,below,below
RX0185,2023-04-18 17:31:00,7.078,-8,CQ,W2,RF_20230418_1730.png,2023-04-18 17:30:00,8,8,8,1,8,8,9,5,8,8,9,12,1,2023-04-19,7.879,5.725,-60.0,near,near,near
RX0186,2023-04-18 17:46:15,7.078,-11,CQ,W2,RF_20230418_1745.png,2023-04-18 17:45:00,8,8,8,1,8,8,9,5,8,8,9,14,1,2023-04-19,7.372,7.7,-75.0,near,near,near
RX0187,2023-04-18 17:48:45,5.357,0,CQ,W1,RF_20230418_1745.png,2023-04-18 17:45:00,8,8,8,1,8,8,9,5,8,8,9,14,1,2023-04-19,7.372,7.7,-225.0,below,below,below
RX0188,2023-04-18 17:59:00,5.357,-3,CQ,W1,RF_20230418_1800.png,2023-04-18 18:00:00,8,8,8,1,8,8,9,5,8,8,9,14,2,2023-04-19,7.372,7.325,60.0,below,below,below
RX0189,2023-04-18 18:01:30,7.078,-16,CQ,W2,RF_20230418_1800.png,2023-04-18 18:00:00,8,8,8,1,8,8,9,5,8,8,9,14,2,2023-04-19,7.372,7.325,-90.0,near,near,near
RX0190,2023-04-18 18:09:15,5.357,-6,CQ,W1,RF_20230418_1815.png,2023-04-18 18:15:00,8,8,8,1,9,8,9,3,8,8,9,11,2,2023-04-19,6.076,7.125,345.0,below,below,below
RX0191,2023-04-18 18:19:30,5.357,0,CQ,W1,RF_20230418_1815.png,2023-04-18 18:15:00,8,8,8,1,9,8,9,3,8,8,9,11,2,2023-04-19,6.076,7.125,-270.0,below,below,below
RX0192,2023-04-18 18:29:45,5.357,0,CQ,W1,RF_20230418_1830.png,2023-04-18 18:30:00,9,9,9,1,9,9,9,2,9,9,9,9,2,2023-04-19,5.829,6.975,15.0,below,below,below
RX0193,2023-04-18 18:32:00,7.078,-15,CQ,W2,RF_20230418_1830.png,2023-04-18 18:30:00,9,9,9,1,9,9,9,2,9,9,9,9,2,2023-04-19,5.829,6.975,-120.0,below,below,below
RX0194,2023-04-18 18:40:00,5.357,-1,CQ,W1,RF_20230418_1845.png,2023-04-18 18:45:00,9,9,9,1,9,9,9,2,9,8,9,8,2,2023-04-19,5.437,6.975,300.0,below,below,below
RX0195,2023-04-18 18:47:15,7.078,-12,CQ,W2,RF_20230418_1845.png,2023-04-18 18:45:00,9,9,9,1,9,9,9,2,9,8,9,8,2,2023-04-19,5.437,6.975,-135.0,below,below,below
RX0196,2023-04-18 18:50:15,5.357,-2,CQ,W1,RF_20230418_1845.png,2023-04-18 18:45:00,9,9,9,1,9,9,9,2,9,8,9,8,2,2023-04-19,5.437,6.975,-315.0,below,below,below
RX0197,2023-04-18 19:00:30,5.357,-3,CQ,W1,RF_20230418_1900.png,2023-04-18 19:00:00,9,9,9,1,9,9,9,3,9,8,9,7,3,2023-04-19,5.541,6.975,-30.0,below,below,below
RX0198,2023-04-18 19:02:30,7.078,-3,CQ,W2,RF_20230418_1900.png,2023-04-18 19:00:00,9,9,9,1,9,9,9,3,9,8,9,7,3,2023-04-19,5.541,6.975,-150.0,below,below,below
RX0199,2023-04-18 19:10:45,5.357,3,CQ,W1,RF_20230418_1915.png,2023-04-18 19:15:00,9,9,9,1,9,9,9,2,9,9,9,6,3,2023-04-19,4.04,3.225,255.0,below,below,below
RX0200,2023-04-18 19:17:45,7.078,-2,CQ,W2,RF_20230418_1915.png,2023-04-18 19:15:00,9,9,9,1,9,9,9,2,9,9,9,6,3,2023-04-19,4.04,3.225,-165.0,below,below,below
RX0201,2023-04-18 19:21:00,5.357,-2,CQ,W1,RF_20230418_1915.png,2023-04-18 19:15:00,9,9,9,1,9,9,9,2,9,9,9,6,3,2023-04-19,4.04,3.225,-360.0,below,below,below
RX0202,2023-04-18 19:31:15,5.357,-3,CQ,W1,RF_20230418_1930.png,2023-04-18 19:30:00,9,9,9,1,9,9,9,2,9,9,9,7,3,2023-04-19,4.216,3.5,-75.0,below,below,below
RX0203,2023-04-18 19:33:00,7.078,-4,CQ,W2,RF_20230418_1930.png,2023-04-18 19:30:00,9,9,9,1,9,9,9,2,9,9,9,7,3,2023-04-19,4.216,3.5,-180.0,below,below,below
RX0204,2023-04-18 19:41:30,5.357,-11,CQ,W1,RF_20230418_1945.png,2023-04-18 19:45:00,,,,0,9,9,9,2,8,8,9,9,3,2023-04-19,4.137,3.6,210.0,unresolved,below,below
RX0205,2023-04-18 19:48:15,7.078,-4,CQ,W2,RF_20230418_1945.png,2023-04-18 19:45:00,,,,0,9,9,9,2,8,8,9,9,3,2023-04-19,4.137,3.6,-195.0,unresolved,below,near
RX0206,2023-04-18 19:51:45,5.357,-8,CQ,W1,RF_20230418_1945.png,2023-04-18 19:45:00,,,,0,9,9,9,2,8,8,9,9,3,2023-04-19,4.137,3.6,-405.0,unresolved,below,below
RX0207,2023-04-18 20:02:00,5.357,-2,CQ,W1,RF_20230418_2000.png,2023-04-18 20:00:00,8,8,8,1,8,8,9,5,8,8,9,11,4,2023-04-19,4.137,6.85,-120.0,below,below,below
RX0208,2023-04-18 20:03:30,7.078,-9,CQ,W2,RF_20230418_2000.png,2023-04-18 20:00:00,8,8,8,1,8,8,9,5,8,8,9,11,4,2023-04-19,4.137,6.85,-210.0,near,near,near
RX0209,2023-04-18 20:12:15,5.357,1,CQ,W1,RF_20230418_2015.png,2023-04-18 20:15:00,8,8,8,1,8,8,9,4,8,8,9,10,4,2023-04-19,4.593,6.625,165.0,below,below,below
RX0210,2023-04-18 20:18:45,7.078,-11,CQ,W2,RF_20230418_2015.png,2023-04-18 20:15:00,8,8,8,1,8,8,9,4,8,8,9,10,4,2023-04-19,4.593,6.625,-225.0,near,near,near
RX0211,2023-04-18 20:22:30,5.357,-2,CQ,W1,RF_20230418_2015.png,2023-04-18 20:15:00,8,8,8,1,8,8,9,4,8,8,9,10,4,2023-04-19,4.593,6.625,-450.0,below,below,below
RX0212,2023-04-18 20:32:45,5.357,-11,CQ,W1,RF_20230418_2030.png,2023-04-18 20:30:00,8,8,8,1,8,8,9,4,8,8,9,10,4,2023-04-19,4.827,6.925,-165.0,below,below,below
RX0213,2023-04-18 20:34:00,7.078,-16,CQ,W2,RF_20230418_2030.png,2023-04-18 20:30:00,8,8,8,1,8,8,9,4,8,8,9,10,4,2023-04-19,4.827,6.925,-240.0,near,near,near
RX0214,2023-04-18 20:43:00,5.357,3,CQ,W1,RF_20230418_2045.png,2023-04-18 20:45:00,7,7,7,1,7,7,7,2,7,7,7,9,4,2023-04-19,5.85,7.975,120.0,below,below,below
RX0215,2023-04-18 20:53:15,5.357,-5,CQ,W1,RF_20230418_2100.png,2023-04-18 21:00:00,6,6,6,1,6,6,7,5,6,6,7,14,5,2023-04-19,5.825,7.95,405.0,near,near,near
RX0216,2023-04-18 21:03:30,5.357,-2,CQ,W1,RF_20230418_2100.png,2023-04-18 21:00:00,6,6,6,1,6,6,7,5,6,6,7,14,5,2023-04-19,5.825,7.95,-210.0,near,near,near
RX0217,2023-04-18 21:13:45,5.357,2,CQ,W1,RF_20230418_2115.png,2023-04-18 21:15:00,7,7,7,1,7,7,7,2,7,7,7,9,5,2023-04-19,7.3,9.263,75.0,below,below,below
RX0218,2023-04-18 21:19:45,7.078,-2,CQ,W2,RF_20230418_2115.png,2023-04-18 21:15:00,7,7,7,1,7,7,7,2,7,7,7,9,5,2023-04-19,7.3,9.263,-285.0,near,near,near
RX0219,2023-04-18 21:24:00,5.357,-9,CQ,W1,RF_20230418_2130.png,2023-04-18 21:30:00,7,7,7,1,7,7,7,2,7,7,7,9,5,2023-04-19,7.3,9.425,360.0,below,below,below
RX0220,2023-04-18 21:34:15,5.357,0,CQ,W1,RF_20230418_2130.png,2023-04-18 21:30:00,7,7,7,1,7,7,7,2,7,7,7,9,5,2023-04-19,7.3,9.425,-255.0,below,below,below
RX0221,2023-04-18 21:35:00,7.078,0,CQ,W2,RF_20230418_2130.png,2023-04-18 21:30:00,7,7,7,1,7,7,7,2,7,7,7,9,5,2023-04-19,7.3,9.425,-300.0,near,near,near
RX0222,2023-04-18 21:44:30,5.357,-7,CQ,W1,RF_20230418_2145.png,2023-04-18 21:45:00,7,7,7,2,7,7,7,3,7,7,7,9,5,2023-04-19,8.736,9.45,30.0,below,below,below
RX0223,2023-04-18 21:50:15,7.078,2,CQ,W2,RF_20230418_2145.png,2023-04-18 21:45:00,7,7,7,2,7,7,7,3,7,7,7,9,5,2023-04-19,8.736,9.45,-315.0,near,near,near
RX0224,2023-04-18 21:56:15,5.357,2,CQ,W1,RF_20230418_2200.png,2023-04-18 22:00:00,6,6,6,1,6,6,7,5,6,6,7,14,6,2023-04-19,8.447,10.888,225.0,near,near,near
RX0225,2023-04-18 22:05:30,7.078,5,CQ,W2,RF_20230418_2200.png,2023-04-18 22:00:00,6,6,6,1,6,6,7,5,6,6,7,14,6,2023-04-19,8.447,10.888,-330.0,above,above,above
RX0226,2023-04-18 22:06:30,5.357,-1,CQ,W1,RF_20230418_2200.png,2023-04-18 22:00:00,6,6,6,1,6,6,7,5,6,6,7,14,6,2023-04-19,8.447,10.888,-390.0,near,near,near
RX0227,2023-04-18 22:16:45,5.357,0,CQ,W1,RF_20230418_2215.png,2023-04-18 22:15:00,7,7,7,1,7,7,7,2,7,7,8,5,6,2023-04-19,8.887,10.5,-105.0,below,below,below
RX0228,2023-04-18 22:20:45,7.078,-7,CQ,W2,RF_20230418_2215.png,2023-04-18 22:15:00,7,7,7,1,7,7,7,2,7,7,8,5,6,2023-04-19,8.887,10.5,-345.0,near,near,near
RX0229,2023-04-18 22:27:00,5.357,-3,CQ,W1,RF_20230418_2230.png,2023-04-18 22:30:00,7,7,7,1,7,7,7,2,8,7,8,9,6,2023-04-19,9.141,11.325,180.0,below,below,below
RX0230,2023-04-18 22:36:00,7.078,3,CQ,W2,RF_20230418_2230.png,2023-04-18 22:30:00,7,7,7,1,7,7,7,2,8,7,8,9,6,2023-04-19,9.141,11.325,-360.0,near,near,near
RX0231,2023-04-18 22:37:15,5.357,0,CQ,W1,RF_20230418_2230.png,2023-04-18 22:30:00,7,7,7,1,7,7,7,2,8,7,8,9,6,2023-04-19,9.141,11.325,-435.0,below,below,below
RX0234,2023-04-18 22:57:45,5.357,-12,CQ,W1,RF_20230418_2300.png,2023-04-18 23:00:00,9,9,9,1,9,9,9,2,9,8,9,9,7,2023-04-19,10.018,10.95,135.0,below,below,below
RX0235,2023-04-18 23:08:00,5.357,-6,CQ,W1,RF_20230418_2315.png,2023-04-18 23:15:00,,,,0,,,,0,10,10,10,6,7,2023-04-19,10.565,11.7,420.0,unresolved,unresolved,below
RX0236,2023-04-18 23:18:15,5.357,-16,CQ,W1,RF_20230418_2315.png,2023-04-18 23:15:00,,,,0,,,,0,10,10,10,6,7,2023-04-19,10.565,11.7,-195.0,unresolved,unresolved,below
RX0237,2023-04-18 23:28:30,5.357,-11,CQ,W1,RF_20230418_2330.png,2023-04-18 23:30:00,9,9,9,1,9,9,9,2,9,9,10,7,7,2023-04-19,11.24,9.825,90.0,below,below,below
RX0238,2023-04-18 23:38:45,5.357,-8,CQ,W1,RF_20230418_2345.png,2023-04-18 23:45:00,10,10,10,1,10,10,10,2,10,10,11,7,7,2023-04-19,11.5,11.525,375.0,below,below,below
RX0239,2023-04-18 23:49:00,5.357,-9,CQ,W1,RF_20230418_2345.png,2023-04-18 23:45:00,10,10,10,1,10,10,10,2,10,10,11,7,7,2023-04-19,11.5,11.525,-240.0,below,below,below
RX0240,2023-04-19 00:12:45,5.357,-11,CQ,W1,RF_20230419_0015.png,2023-04-19 00:15:00,10,10,10,1,10,10,10,2,10,10,11,8,8,2023-04-19,12.516,12.1,135.0,below,below,below
RX0241,2023-04-19 00:23:00,5.357,-14,CQ,W1,RF_20230419_0030.png,2023-04-19 00:30:00,9,9,9,1,9,9,9,1,,9,10,8,8,2023-04-19,12.602,10.95,420.0,below,below,unresolved
RX0242,2023-04-19 00:33:15,5.357,-15,CQ,W1,RF_20230419_0030.png,2023-04-19 00:30:00,9,9,9,1,9,9,9,1,,9,10,8,8,2023-04-19,12.602,10.95,-195.0,below,below,unresolved
RX0243,2023-04-19 00:43:30,5.357,-11,CQ,W1,RF_20230419_0045.png,2023-04-19 00:45:00,10,10,10,1,10,10,10,2,10,10,10,5,8,2023-04-19,13.439,11.125,90.0,below,below,below
RX0244,2023-04-19 00:53:45,5.357,-11,CQ,W1,RF_20230419_0100.png,2023-04-19 01:00:00,12,12,12,1,12,11,12,5,12,11,12,14,9,2023-04-19,12.924,10.4,375.0,below,below,below
RX0245,2023-04-19 01:04:00,5.357,-14,CQ,W1,RF_20230419_0100.png,2023-04-19 01:00:00,12,12,12,1,12,11,12,5,12,11,12,14,9,2023-04-19,12.924,10.4,-240.0,below,below,below
RX0246,2023-04-19 01:14:15,5.357,-16,CQ,W1,RF_20230419_0115.png,2023-04-19 01:15:00,10,10,10,1,10,10,10,2,10,10,10,6,9,2023-04-19,13.7,10.775,45.0,below,below,below
RX0247,2023-04-19 01:24:30,5.357,-18,CQ,W1,RF_20230419_0130.png,2023-04-19 01:30:00,10,10,10,1,10,10,10,2,10,9,10,9,9,2023-04-19,13.658,10.65,330.0,below,below,below
RX0248,2023-04-19 01:34:45,5.357,-17,CQ,W1,RF_20230419_0130.png,2023-04-19 01:30:00,10,10,10,1,10,10,10,2,10,9,10,9,9,2023-04-19,13.658,10.65,-285.0,below,below,below
RX0249,2023-04-19 01:45:15,5.357,-21,CQ,W1,RF_20230419_0145.png,2023-04-19 01:45:00,10,10,10,1,10,10,10,2,10,10,10,7,9,2023-04-19,12.969,11.088,-15.0,below,below,below
RX0250,2023-04-19 02:15:45,5.357,-15,CQ,W1,RF_20230419_0215.png,2023-04-19 02:15:00,10,10,10,1,10,10,10,2,10,10,10,7,10,2023-04-19,11.893,10.975,-45.0,below,below,below
RX0251,2023-04-19 02:26:15,5.357,-18,CQ,W1,RF_20230419_0230.png,2023-04-19 02:30:00,10,10,10,1,10,10,10,2,10,10,10,9,10,2023-04-19,11.778,10.975,225.0,below,below,below
RX0252,2023-04-19 02:36:30,5.357,-17,CQ,W1,RF_20230419_0230.png,2023-04-19 02:30:00,10,10,10,1,10,10,10,2,10,10,10,9,10,2023-04-19,11.778,10.975,-390.0,below,below,below
RX0253,2023-04-19 02:46:30,5.357,-19,CQ,W1,RF_20230419_0245.png,2023-04-19 02:45:00,10,10,10,1,10,10,10,2,10,10,10,8,10,2023-04-19,11.709,10.95,-90.0,below,below,below
RX0254,2023-04-19 02:56:45,5.357,-14,CQ,W1,RF_20230419_0300.png,2023-04-19 03:00:00,,,,0,11,11,11,1,11,10,11,8,11,2023-04-19,11.89,11.15,195.0,unresolved,below,below
RX0255,2023-04-19 03:07:00,5.357,-15,CQ,W1,RF_20230419_0300.png,2023-04-19 03:00:00,,,,0,11,11,11,1,11,10,11,8,11,2023-04-19,11.89,11.15,-420.0,unresolved,below,below
RX0256,2023-04-19 03:17:30,5.357,-19,CQ,W1,RF_20230419_0315.png,2023-04-19 03:15:00,10,10,10,1,10,10,10,2,10,10,10,5,11,2023-04-19,11.93,10.8,-150.0,below,below,below
RX0257,2023-04-19 03:27:45,5.357,-18,CQ,W1,RF_20230419_0330.png,2023-04-19 03:30:00,10,10,10,1,10,10,10,2,10,10,10,5,11,2023-04-19,12.12,11.2,135.0,below,below,below
RX0258,2023-04-19 03:37:45,5.357,-19,CQ,W1,RF_20230419_0345.png,2023-04-19 03:45:00,10,10,10,1,10,10,10,2,10,10,10,6,11,2023-04-19,12.067,11.175,435.0,below,below,below
RX0259,2023-04-19 04:18:45,5.357,-16,CQ,W1,RF_20230419_0415.png,2023-04-19 04:15:00,10,10,10,1,10,10,10,2,10,10,10,9,12,2023-04-19,12.597,11.15,-225.0,below,below,below
RX0260,2023-04-19 04:39:15,5.357,-15,CQ,W1,RF_20230419_0445.png,2023-04-19 04:45:00,,,,0,10,10,10,1,10,9,10,8,12,2023-04-19,13.336,11.65,345.0,unresolved,below,below
RX0261,2023-04-19 04:49:30,5.357,-16,CQ,W1,RF_20230419_0445.png,2023-04-19 04:45:00,,,,0,10,10,10,1,10,9,10,8,12,2023-04-19,13.336,11.65,-270.0,unresolved,below,below
RX0262,2023-04-19 04:59:45,5.357,-15,CQ,W1,RF_20230419_0500.png,2023-04-19 05:00:00,,,,0,10,10,10,2,10,9,10,7,13,2023-04-19,13.455,11.75,15.0,unresolved,below,below
RX0263,2023-04-19 05:10:00,5.357,-13,CQ,W1,RF_20230419_0515.png,2023-04-19 05:15:00,,,,0,10,10,10,2,10,10,10,6,13,2023-04-19,13.595,11.95,300.0,unresolved,below,below
RX0264,2023-04-19 05:20:15,5.357,-12,CQ,W1,RF_20230419_0515.png,2023-04-19 05:15:00,,,,0,10,10,10,2,10,10,10,6,13,2023-04-19,13.595,11.95,-315.0,unresolved,below,below
RX0265,2023-04-19 05:30:30,5.357,-14,CQ,W1,RF_20230419_0530.png,2023-04-19 05:30:00,10,10,10,1,10,10,10,2,10,10,10,8,13,2023-04-19,13.921,12.35,-30.0,below,below,below
RX0266,2023-04-19 05:41:00,5.357,-15,CQ,W1,RF_20230419_0545.png,2023-04-19 05:45:00,10,10,10,1,10,10,10,2,10,10,10,9,13,2023-04-19,14.22,12.5,240.0,below,below,below
RX0267,2023-04-19 05:51:00,5.357,-10,CQ,W1,RF_20230419_0545.png,2023-04-19 05:45:00,10,10,10,1,10,10,10,2,10,10,10,9,13,2023-04-19,14.22,12.5,-360.0,below,below,below
RX0268,2023-04-19 06:01:15,5.357,-4,CQ,W1,RF_20230419_0600.png,2023-04-19 06:00:00,10,10,10,1,10,10,10,2,10,10,10,8,14,2023-04-19,14.1,12.3,-75.0,below,below,below
RX0269,2023-04-19 06:11:30,5.357,-11,CQ,W1,RF_20230419_0615.png,2023-04-19 06:15:00,10,10,10,1,10,10,10,2,10,10,10,6,14,2023-04-19,13.595,13.025,210.0,below,below,below
RX0270,2023-04-19 06:21:45,5.357,-13,CQ,W1,RF_20230419_0615.png,2023-04-19 06:15:00,10,10,10,1,10,10,10,2,10,10,10,6,14,2023-04-19,13.595,13.025,-405.0,below,below,below
RX0271,2023-04-19 06:32:00,5.357,-10,CQ,W1,RF_20230419_0630.png,2023-04-19 06:30:00,10,10,10,1,10,10,10,1,,10,11,8,14,2023-04-19,13.595,12.338,-120.0,below,below,unresolved
RX0272,2023-04-19 06:42:15,5.357,-8,CQ,W1,RF_20230419_0645.png,2023-04-19 06:45:00,,,,0,11,11,11,1,11,11,11,5,14,2023-04-19,13.595,13.0,165.0,unresolved,below,below
RX0273,2023-04-19 06:52:30,5.357,-10,CQ,W1,RF_20230419_0645.png,2023-04-19 06:45:00,,,,0,11,11,11,1,11,11,11,5,14,2023-04-19,13.595,13.0,-450.0,unresolved,below,below
RX0274,2023-04-19 07:02:45,5.357,-3,CQ,W1,RF_20230419_0700.png,2023-04-19 07:00:00,11,11,11,1,11,11,11,2,11,11,11,6,15,2023-04-19,14.475,13.538,-165.0,below,below,below
RX0275,2023-04-19 07:13:00,5.357,-6,CQ,W1,RF_20230419_0715.png,2023-04-19 07:15:00,11,11,11,1,11,11,11,2,11,11,11,8,15,2023-04-19,13.665,13.775,120.0,below,below,below
RX0276,2023-04-19 07:23:15,5.357,6,CQ,W1,RF_20230419_0730.png,2023-04-19 07:30:00,11,11,11,1,11,11,11,2,11,11,11,9,15,2023-04-19,13.385,13.438,405.0,below,below,below
RX0277,2023-04-19 07:33:30,5.357,-2,CQ,W1,RF_20230419_0730.png,2023-04-19 07:30:00,11,11,11,1,11,11,11,2,11,11,11,9,15,2023-04-19,13.385,13.438,-210.0,below,below,below
RX0278,2023-04-19 07:43:45,5.357,-5,CQ,W1,RF_20230419_0745.png,2023-04-19 07:45:00,11,11,11,1,11,11,11,2,11,11,11,8,15,2023-04-19,12.97,13.838,75.0,below,below,below
RX0279,2023-04-19 07:54:00,5.357,-6,CQ,W1,RF_20230419_0800.png,2023-04-19 08:00:00,11,11,11,1,11,11,11,2,11,11,11,9,16,2023-04-19,13.167,13.388,360.0,below,below,below
RX0280,2023-04-19 07:54:30,5.357,-8,ID_only,W1,RF_20230419_0800.png,2023-04-19 08:00:00,11,11,11,1,11,11,11,2,11,11,11,9,16,2023-04-19,13.167,13.388,330.0,below,below,below
RX0281,2023-04-19 08:05:00,5.357,-3,CQ,W1,RF_20230419_0800.png,2023-04-19 08:00:00,11,11,11,1,11,11,11,2,11,11,11,9,16,2023-04-19,13.167,13.388,-300.0,below,below,below
RX0282,2023-04-19 08:15:15,5.357,-1,CQ,W1,RF_20230419_0815.png,2023-04-19 08:15:00,11,11,11,1,11,11,11,2,11,11,11,7,16,2023-04-19,12.843,13.2,-15.0,below,below,below
RX0283,2023-04-19 08:25:30,5.357,3,CQ,W1,RF_20230419_0830.png,2023-04-19 08:30:00,11,11,11,1,11,11,11,2,11,11,11,9,16,2023-04-19,12.754,13.3,270.0,below,below,below
RX0284,2023-04-19 08:35:45,5.357,-6,CQ,W1,RF_20230419_0830.png,2023-04-19 08:30:00,11,11,11,1,11,11,11,2,11,11,11,9,16,2023-04-19,12.754,13.3,-345.0,below,below,below
RX0285,2023-04-19 08:46:00,5.357,-8,CQ,W1,RF_20230419_0845.png,2023-04-19 08:45:00,11,11,11,1,11,11,11,2,11,11,11,7,16,2023-04-19,12.678,12.35,-60.0,below,below,below
RX0286,2023-04-19 08:56:15,5.357,0,CQ,W1,RF_20230419_0900.png,2023-04-19 09:00:00,11,11,11,1,11,11,11,2,11,11,11,6,17,2023-04-19,12.662,12.275,225.0,below,below,below
RX0287,2023-04-19 09:06:30,5.357,-4,CQ,W1,RF_20230419_0900.png,2023-04-19 09:00:00,11,11,11,1,11,11,11,2,11,11,11,6,17,2023-04-19,12.662,12.275,-390.0,below,below,below
RX0288,2023-04-19 09:16:45,5.357,-4,CQ,W1,RF_20230419_0915.png,2023-04-19 09:15:00,11,11,11,1,11,11,11,2,11,11,11,7,17,2023-04-19,12.7,11.325,-105.0,below,below,below
RX0289,2023-04-19 09:27:00,5.357,-11,CQ,W1,RF_20230419_0930.png,2023-04-19 09:30:00,11,11,11,1,11,11,11,2,11,11,11,9,17,2023-04-19,12.624,11.45,180.0,below,below,below
RX0290,2023-04-19 09:37:15,5.357,-7,CQ,W1,RF_20230419_0930.png,2023-04-19 09:30:00,11,11,11,1,11,11,11,2,11,11,11,9,17,2023-04-19,12.624,11.45,-435.0,below,below,below
RX0291,2023-04-19 09:57:45,5.357,-12,CQ,W1,RF_20230419_1000.png,2023-04-19 10:00:00,11,11,11,1,11,11,11,2,11,11,11,9,18,2023-04-19,13.237,7.625,135.0,below,below,below
RX0292,2023-04-19 10:08:00,5.357,-5,CQ,W1,RF_20230419_1015.png,2023-04-19 10:15:00,11,11,11,1,11,11,11,2,11,11,11,9,18,2023-04-19,13.266,7.625,420.0,below,below,below
RX0293,2023-04-19 10:18:15,5.357,-11,CQ,W1,RF_20230419_1015.png,2023-04-19 10:15:00,11,11,11,1,11,11,11,2,11,11,11,9,18,2023-04-19,13.266,7.625,-195.0,below,below,below
RX0294,2023-04-19 10:39:00,5.357,-13,CQ,W1,RF_20230419_1045.png,2023-04-19 10:45:00,11,11,11,1,11,11,11,2,11,11,11,9,18,2023-04-19,13.685,2.425,360.0,below,below,below
RX0295,2023-04-19 10:49:15,5.357,-13,CQ,W1,RF_20230419_1045.png,2023-04-19 10:45:00,11,11,11,1,11,11,11,2,11,11,11,9,18,2023-04-19,13.685,2.425,-255.0,below,below,below
RX0296,2023-04-19 10:59:30,5.357,-11,CQ,W1,RF_20230419_1100.png,2023-04-19 11:00:00,11,11,11,1,11,11,11,2,11,11,11,9,19,2023-04-19,13.685,2.7,30.0,below,below,below
RX0297,2023-04-20 02:15:00,7.078,-19,CQ,W3,RF_20230420_0215.png,2023-04-20 02:15:00,11,11,11,1,11,11,11,2,11,11,11,9,10,2023-04-20,13.388,12.0,0.0,below,below,below
RX0298,2023-04-20 02:25:00,7.078,-20,CQ,W3,RF_20230420_0230.png,2023-04-20 02:30:00,11,11,11,1,11,11,11,2,11,11,11,7,10,2023-04-20,13.564,11.35,300.0,below,below,below
RX0299,2023-04-20 02:35:15,7.078,-18,CQ,W3,RF_20230420_0230.png,2023-04-20 02:30:00,11,11,11,1,11,11,11,2,11,11,11,7,10,2023-04-20,13.564,11.35,-315.0,below,below,below
RX0300,2023-04-20 02:45:45,7.078,-19,CQ,W3,RF_20230420_0245.png,2023-04-20 02:45:00,11,11,11,1,11,11,11,2,11,11,11,9,10,2023-04-20,13.729,11.35,-45.0,below,below,below
RX0301,2023-04-20 02:55:45,7.078,-20,CQ,W3,RF_20230420_0300.png,2023-04-20 03:00:00,11,11,11,1,11,11,11,2,11,11,11,9,11,2023-04-20,13.595,11.775,255.0,below,below,below
RX0302,2023-04-20 03:16:15,7.078,-18,CQ,W3,RF_20230420_0315.png,2023-04-20 03:15:00,,,,0,11,11,11,1,11,10,11,8,11,2023-04-20,13.941,11.7,-75.0,unresolved,below,below
RX0303,2023-04-20 03:26:30,7.078,-20,CQ,W3,RF_20230420_0330.png,2023-04-20 03:30:00,10,10,10,1,,10,11,2,11,10,11,9,11,2023-04-20,14.687,11.6,210.0,below,unresolved,below
RX0304,2023-04-20 03:36:45,7.078,-19,CQ,W3,RF_20230420_0330.png,2023-04-20 03:30:00,10,10,10,1,,10,11,2,11,10,11,9,11,2023-04-20,14.687,11.6,-405.0,below,unresolved,below
RX0305,2023-04-20 03:47:00,7.078,-19,CQ,W3,RF_20230420_0345.png,2023-04-20 03:45:00,,,,0,11,11,11,1,11,10,11,8,11,2023-04-20,14.1,11.65,-120.0,unresolved,below,below
RX0306,2023-04-20 03:57:15,7.078,-20,CQ,W3,RF_20230420_0400.png,2023-04-20 04:00:00,,,,0,11,11,11,1,11,10,11,8,12,2023-04-20,14.025,11.425,165.0,unresolved,below,below
RX0307,2023-04-20 04:07:30,7.078,-17,CQ,W3,RF_20230420_0400.png,2023-04-20 04:00:00,,,,0,11,11,11,1,11,10,11,8,12,2023-04-20,14.025,11.425,-450.0,unresolved,below,below
RX0308,2023-04-20 04:18:00,7.078,-20,CQ,W3,RF_20230420_0415.png,2023-04-20 04:15:00,,,,0,11,11,11,1,11,10,11,8,12,2023-04-20,13.88,10.625,-180.0,unresolved,below,below
RX0309,2023-04-20 04:28:00,7.078,-19,CQ,W3,RF_20230420_0430.png,2023-04-20 04:30:00,,,,0,11,11,11,1,11,10,11,8,12,2023-04-20,14.428,12.675,120.0,unresolved,below,below
RX0310,2023-04-20 04:38:15,7.078,-20,CQ,W3,RF_20230420_0445.png,2023-04-20 04:45:00,11,11,11,1,11,11,11,2,11,10,11,8,12,2023-04-20,13.665,11.875,405.0,below,below,below
RX0311,2023-04-20 04:48:30,7.078,-19,CQ,W3,RF_20230420_0445.png,2023-04-20 04:45:00,11,11,11,1,11,11,11,2,11,10,11,8,12,2023-04-20,13.665,11.875,-210.0,below,below,below
RX0312,2023-04-20 04:59:00,7.078,-20,CQ,W3,RF_20230420_0500.png,2023-04-20 05:00:00,11,11,11,1,11,11,11,2,11,11,11,8,13,2023-04-20,13.689,11.925,60.0,below,below,below
RX0313,2023-04-20 05:09:00,7.078,-14,CQ,W3,RF_20230420_0515.png,2023-04-20 05:15:00,11,11,11,1,11,11,11,2,11,11,11,8,13,2023-04-20,13.455,12.65,360.0,below,below,below
RX0314,2023-04-20 05:19:15,7.078,-14,CQ,W3,RF_20230420_0515.png,2023-04-20 05:15:00,11,11,11,1,11,11,11,2,11,11,11,8,13,2023-04-20,13.455,12.65,-255.0,below,below,below
RX0315,2023-04-20 05:29:30,7.078,-19,CQ,W3,RF_20230420_0530.png,2023-04-20 05:30:00,11,11,11,1,11,11,11,3,11,11,12,8,13,2023-04-20,13.483,12.75,30.0,below,below,below
RX0316,2023-04-20 05:40:00,7.078,-19,CQ,W3,RF_20230420_0545.png,2023-04-20 05:45:00,11,11,11,1,11,11,11,2,11,11,12,8,13,2023-04-20,13.54,12.45,300.0,below,below,below
RX0317,2023-04-20 06:00:15,7.078,-16,CQ,W3,RF_20230420_0600.png,2023-04-20 06:00:00,11,11,11,1,11,11,11,2,11,11,12,8,14,2023-04-20,12.97,12.6,-15.0,below,below,below
RX0318,2023-04-20 06:10:30,7.078,-14,CQ,W3,RF_20230420_0615.png,2023-04-20 06:15:00,11,11,11,1,11,11,11,1,11,11,12,7,14,2023-04-20,13.385,13.075,270.0,below,below,below
RX0319,2023-04-20 06:20:45,7.078,-17,CQ,W3,RF_20230420_0615.png,2023-04-20 06:15:00,11,11,11,1,11,11,11,1,11,11,12,7,14,2023-04-20,13.385,13.075,-345.0,below,below,below
RX0320,2023-04-20 06:31:00,7.078,-19,CQ,W3,RF_20230420_0630.png,2023-04-20 06:30:00,11,11,11,1,11,11,11,2,11,11,12,7,14,2023-04-20,13.525,12.475,-60.0,below,below,below
RX0321,2023-04-20 06:41:15,7.078,-17,CQ,W3,RF_20230420_0645.png,2023-04-20 06:45:00,11,11,11,1,11,11,11,2,11,11,11,8,14,2023-04-20,13.316,13.15,225.0,below,below,below
RX0322,2023-04-20 06:51:30,7.078,-15,CQ,W3,RF_20230420_0645.png,2023-04-20 06:45:00,11,11,11,1,11,11,11,2,11,11,11,8,14,2023-04-20,13.316,13.15,-390.0,below,below,below
RX0323,2023-04-20 07:01:45,7.078,-5,CQ,W3,RF_20230420_0700.png,2023-04-20 07:00:00,11,11,11,1,11,11,11,2,11,11,11,5,15,2023-04-20,13.43,12.838,-105.0,below,below,below
RX0324,2023-04-20 07:12:00,7.078,-14,CQ,W3,RF_20230420_0715.png,2023-04-20 07:15:00,11,11,11,1,11,11,11,2,11,11,11,7,15,2023-04-20,13.514,13.75,180.0,below,below,below
RX0325,2023-04-20 07:22:15,7.078,-14,CQ,W3,RF_20230420_0715.png,2023-04-20 07:15:00,11,11,11,1,11,11,11,2,11,11,11,7,15,2023-04-20,13.514,13.75,-435.0,below,below,below
RX0326,2023-04-20 07:32:30,7.078,-17,CQ,W3,RF_20230420_0730.png,2023-04-20 07:30:00,11,11,11,1,11,11,11,2,11,11,11,9,15,2023-04-20,13.315,11.588,-150.0,below,below,below
RX0327,2023-04-20 07:42:45,7.078,-10,CQ,W3,RF_20230420_0745.png,2023-04-20 07:45:00,11,11,11,1,11,11,11,2,11,11,11,9,15,2023-04-20,13.245,11.713,135.0,below,below,below
RX0328,2023-04-20 07:53:00,7.078,-11,CQ,W3,RF_20230420_0800.png,2023-04-20 08:00:00,11,11,11,1,11,11,11,2,11,11,11,9,16,2023-04-20,12.97,11.713,420.0,below,below,below
RX0329,2023-04-20 08:03:15,7.078,-14,CQ,W3,RF_20230420_0800.png,2023-04-20 08:00:00,11,11,11,1,11,11,11,2,11,11,11,9,16,2023-04-20,12.97,11.713,-195.0,below,below,below
RX0330,2023-04-20 08:13:30,7.078,-14,CQ,W3,RF_20230420_0815.png,2023-04-20 08:15:00,11,11,11,1,11,11,11,2,11,11,11,7,16,2023-04-20,13.243,12.2,90.0,below,below,below
RX0331,2023-04-20 08:23:45,7.078,-10,CQ,W3,RF_20230420_0830.png,2023-04-20 08:30:00,11,11,11,1,11,11,11,2,11,11,11,7,16,2023-04-20,13.427,10.925,375.0,below,below,below
RX0332,2023-04-20 08:34:00,7.078,-3,CQ,W3,RF_20230420_0830.png,2023-04-20 08:30:00,11,11,11,1,11,11,11,2,11,11,11,7,16,2023-04-20,13.427,10.925,-240.0,below,below,below
RX0333,2023-04-20 08:44:15,7.078,-12,CQ,W3,RF_20230420_0845.png,2023-04-20 08:45:00,11,11,11,1,11,11,11,2,11,11,11,8,16,2023-04-20,13.385,11.375,45.0,below,below,below
RX0334,2023-04-20 08:54:30,7.078,-10,CQ,W3,RF_20230420_0900.png,2023-04-20 09:00:00,11,11,11,1,11,11,11,2,11,11,11,6,17,2023-04-20,13.664,10.975,330.0,below,below,below
RX0335,2023-04-20 09:04:45,7.078,-12,CQ,W3,RF_20230420_0900.png,2023-04-20 09:00:00,11,11,11,1,11,11,11,2,11,11,11,6,17,2023-04-20,13.664,10.975,-285.0,below,below,below
RX0336,2023-04-20 09:15:00,7.078,-15,CQ,W3,RF_20230420_0915.png,2023-04-20 09:15:00,11,11,11,1,11,11,11,2,11,11,11,8,17,2023-04-20,13.407,10.95,0.0,below,below,below
RX0337,2023-04-20 09:25:15,7.078,-12,CQ,W3,RF_20230420_0930.png,2023-04-20 09:30:00,11,11,11,1,11,11,11,2,11,11,11,7,17,2023-04-20,13.166,11.1,285.0,below,below,below
RX0338,2023-04-20 09:35:30,7.078,-13,CQ,W3,RF_20230420_0930.png,2023-04-20 09:30:00,11,11,11,1,11,11,11,2,11,11,11,7,17,2023-04-20,13.166,11.1,-330.0,below,below,below
RX0339,2023-04-20 09:45:45,7.078,-18,CQ,W3,RF_20230420_0945.png,2023-04-20 09:45:00,11,11,11,1,11,11,11,2,11,11,11,9,17,2023-04-20,13.166,10.15,-45.0,below,below,below
RX0340,2023-04-20 10:37:00,7.078,-13,CQ,W3,RF_20230420_1030.png,2023-04-20 10:30:00,12,12,12,1,12,11,12,5,12,11,12,14,18,2023-04-20,13.538,7.875,-420.0,below,below,below
RX0341,2023-04-20 10:47:15,7.078,-11,CQ,W3,RF_20230420_1045.png,2023-04-20 10:45:00,11,11,11,1,12,11,12,3,12,11,12,13,18,2023-04-20,13.506,7.2,-135.0,below,below,below
RX0342,2023-04-20 10:57:30,7.078,-12,CQ,W3,RF_20230420_1100.png,2023-04-20 11:00:00,11,11,11,1,11,11,11,2,11,11,12,7,19,2023-04-20,14.194,2.775,150.0,below,below,below
RX0343,2023-04-20 11:07:45,7.078,-13,CQ,W3,RF_20230420_1115.png,2023-04-20 11:15:00,,,,0,12,12,12,1,12,11,12,10,19,2023-04-20,13.584,2.75,435.0,unresolved,below,below
RX0344,2023-04-20 11:18:00,7.078,-11,CQ,W3,RF_20230420_1115.png,2023-04-20 11:15:00,,,,0,12,12,12,1,12,11,12,10,19,2023-04-20,13.584,2.75,-180.0,unresolved,below,below
RX0345,2023-04-20 11:28:15,7.078,-12,CQ,W3,RF_20230420_1130.png,2023-04-20 11:30:00,11,11,11,1,12,11,12,3,12,11,12,12,19,2023-04-20,13.584,2.725,105.0,below,below,below
RX0346,2023-04-20 11:38:45,7.078,-12,CQ,W3,RF_20230420_1145.png,2023-04-20 11:45:00,11,11,11,1,11,11,11,2,11,11,12,8,19,2023-04-20,13.584,3.125,375.0,below,below,below
RX0347,2023-04-20 11:48:45,7.078,-12,CQ,W3,RF_20230420_1145.png,2023-04-20 11:45:00,11,11,11,1,11,11,11,2,11,11,12,8,19,2023-04-20,13.584,3.125,-225.0,below,below,below
RX0348,2023-04-20 11:59:00,7.078,-12,CQ,W3,RF_20230420_1200.png,2023-04-20 12:00:00,11,11,11,1,11,11,11,2,11,11,11,5,20,2023-04-20,12.958,2.75,60.0,below,below,below
RX0349,2023-04-20 12:09:15,7.078,-11,CQ,W3,RF_20230420_1215.png,2023-04-20 12:15:00,,,,0,12,12,12,2,12,11,12,11,20,2023-04-20,12.958,3.025,345.0,unresolved,below,below
RX0350,2023-04-20 12:19:30,7.078,-15,CQ,W3,RF_20230420_1215.png,2023-04-20 12:15:00,,,,0,12,12,12,2,12,11,12,11,20,2023-04-20,12.958,3.025,-270.0,unresolved,below,below
RX0351,2023-04-20 12:40:00,7.078,-11,CQ,W3,RF_20230420_1245.png,2023-04-20 12:45:00,11,11,11,1,12,11,12,3,12,11,12,12,20,2023-04-20,11.881,2.7,300.0,below,below,below
RX0352,2023-04-20 12:50:15,7.078,-11,CQ,W3,RF_20230420_1245.png,2023-04-20 12:45:00,11,11,11,1,12,11,12,3,12,11,12,12,20,2023-04-20,11.881,2.7,-315.0,below,below,below
RX0353,2023-04-20 13:00:30,7.078,-10,CQ,W3,RF_20230420_1300.png,2023-04-20 13:00:00,11,11,11,1,11,11,11,2,11,11,11,7,21,2023-04-20,11.881,4.575,-30.0,below,below,below
RX0354,2023-04-20 13:10:45,7.078,-11,CQ,W3,RF_20230420_1315.png,2023-04-20 13:15:00,12,12,12,1,12,11,12,4,12,11,12,9,21,2023-04-20,11.881,3.8,255.0,below,below,below
RX0355,2023-04-20 13:21:00,7.078,-8,CQ,W3,RF_20230420_1315.png,2023-04-20 13:15:00,12,12,12,1,12,11,12,4,12,11,12,9,21,2023-04-20,11.881,3.8,-360.0,below,below,below
RX0356,2023-04-20 13:31:15,7.078,-9,CQ,W3,RF_20230420_1330.png,2023-04-20 13:30:00,12,12,12,1,12,11,12,5,12,11,12,8,21,2023-04-20,11.223,4.8,-75.0,below,below,below
RX0357,2023-04-20 13:41:30,7.078,-7,CQ,W3,RF_20230420_1345.png,2023-04-20 13:45:00,12,12,12,1,12,11,12,4,11,11,12,9,21,2023-04-20,11.797,8.775,210.0,below,below,below
RX0358,2023-04-20 13:51:45,7.078,-7,CQ,W3,RF_20230420_1345.png,2023-04-20 13:45:00,12,12,12,1,12,11,12,4,11,11,12,9,21,2023-04-20,11.797,8.775,-405.0,below,below,below
RX0359,2023-04-20 14:02:00,7.078,-9,CQ,W3,RF_20230420_1400.png,2023-04-20 14:00:00,,,,0,12,12,12,2,12,11,12,12,22,2023-04-20,11.686,8.8,-120.0,unresolved,below,below
RX0360,2023-04-20 14:12:30,7.078,-12,CQ,W3,RF_20230420_1415.png,2023-04-20 14:15:00,,,,0,12,12,12,1,12,11,12,10,22,2023-04-20,11.686,11.275,150.0,unresolved,below,below
RX0361,2023-04-20 14:22:30,7.078,2,CQ,W3,RF_20230420_1415.png,2023-04-20 14:15:00,,,,0,12,12,12,1,12,11,12,10,22,2023-04-20,11.686,11.275,-450.0,unresolved,below,below
RX0362,2023-04-20 14:33:00,7.078,-8,CQ,W3,RF_20230420_1430.png,2023-04-20 14:30:00,,,,0,,11,12,2,12,11,12,11,22,2023-04-20,9.839,11.35,-180.0,unresolved,unresolved,below
RX0363,2023-04-20 14:43:15,7.078,-10,CQ,W3,RF_20230420_1445.png,2023-04-20 14:45:00,11,11,11,1,,11,12,2,12,11,12,9,22,2023-04-20,9.283,11.35,105.0,below,unresolved,below
RX0364,2023-04-20 15:03:30,7.078,-7,CQ,W3,RF_20230420_1500.png,2023-04-20 15:00:00,11,11,11,1,11,11,11,2,11,11,11,6,23,2023-04-20,9.12,11.125,-210.0,below,below,below
RX0365,2023-04-20 15:13:45,7.078,-6,CQ,W3,RF_20230420_1515.png,2023-04-20 15:15:00,11,11,11,1,11,11,12,3,,11,12,10,23,2023-04-20,8.653,11.35,75.0,below,below,unresolved
RX0366,2023-04-20 15:24:00,7.078,-2,CQ,W3,RF_20230420_1530.png,2023-04-20 15:30:00,11,11,11,1,,11,12,2,,11,12,10,23,2023-04-20,8.673,11.35,360.0,below,unresolved,unresolved
RX0367,2023-04-20 15:34:15,7.078,-4,CQ,W3,RF_20230420_1530.png,2023-04-20 15:30:00,11,11,11,1,,11,12,2,,11,12,10,23,2023-04-20,8.673,11.35,-255.0,below,unresolved,unresolved
RX0368,2023-04-20 15:44:30,7.078,1,CQ,W3,RF_20230420_1545.png,2023-04-20 15:45:00,11,11,11,1,11,11,11,2,11,11,12,8,23,2023-04-20,7.721,10.675,30.0,below,below,below
RX0369,2023-04-20 15:54:45,7.078,-9,CQ,W3,RF_20230420_1600.png,2023-04-20 16:00:00,11,11,11,1,11,11,11,2,11,11,11,4,0,2023-04-21,7.721,8.8,315.0,below,below,below
RX0370,2023-04-20 16:05:00,7.078,-7,CQ,W3,RF_20230420_1600.png,2023-04-20 16:00:00,11,11,11,1,11,11,11,2,11,11,11,4,0,2023-04-21,7.721,8.8,-300.0,below,below,below
RX0371,2023-04-20 16:15:15,7.078,-9,CQ,W3,RF_20230420_1615.png,2023-04-20 16:15:00,11,11,11,1,11,11,11,2,11,10,11,7,0,2023-04-21,7.135,6.825,-15.0,below,below,below
RX0372,2023-04-20 16:25:30,7.078,0,CQ,W3,RF_20230420_1630.png,2023-04-20 16:30:00,11,11,11,1,11,11,11,2,11,10,11,8,0,2023-04-21,8.336,8.375,270.0,below,below,below
RX0373,2023-04-20 16:34:00,7.078,-9,ID_only,W3,RF_20230420_1630.png,2023-04-20 16:30:00,11,11,11,1,11,11,11,2,11,10,11,8,0,2023-04-21,8.336,8.375,-240.0,below,below,below
RX0374,2023-04-20 16:44:30,7.078,2,CQ,W3,RF_20230420_1645.png,2023-04-20 16:45:00,10,10,10,1,10,10,10,2,10,10,10,6,0,2023-04-21,8.336,9.175,30.0,below,below,below
RX0375,2023-04-20 16:55:00,7.078,-8,CQ,W3,RF_20230420_1700.png,2023-04-20 17:00:00,9,9,9,1,,9,10,2,9,9,10,6,1,2023-04-21,8.648,8.45,300.0,below,unresolved,below
RX0376,2023-04-20 17:05:00,7.078,-3,CQ,W3,RF_20230420_1700.png,2023-04-20 17:00:00,9,9,9,1,,9,10,2,9,9,10,6,1,2023-04-21,8.648,8.45,-300.0,below,unresolved,below
RX0377,2023-04-20 17:15:15,7.078,-5,CQ,W3,RF_20230420_1715.png,2023-04-20 17:15:00,9,9,9,1,9,9,9,1,9,9,10,7,1,2023-04-21,8.293,9.125,-15.0,below,below,below
RX0378,2023-04-20 17:25:30,7.078,-13,CQ,W3,RF_20230420_1730.png,2023-04-20 17:30:00,9,9,9,1,9,9,9,1,9,9,10,8,1,2023-04-21,8.167,8.725,270.0,below,below,below
RX0379,2023-04-20 17:35:45,7.078,-15,CQ,W3,RF_20230420_1730.png,2023-04-20 17:30:00,9,9,9,1,9,9,9,1,9,9,10,8,1,2023-04-21,8.167,8.725,-345.0,below,below,below
RX0380,2023-04-20 21:17:00,7.078,-14,CQ,W3,RF_20230420_2115.png,2023-04-20 21:15:00,6,6,6,1,6,6,7,5,6,6,7,14,5,2023-04-21,5.44,8.538,-120.0,above,above,above
RX0381,2023-04-20 21:27:15,7.078,-7,CQ,W3,RF_20230420_2130.png,2023-04-20 21:30:00,6,6,6,1,6,6,7,5,7,6,7,12,5,2023-04-21,5.44,8.975,165.0,above,above,near
RX0382,2023-04-20 21:37:30,7.078,-4,CQ,W3,RF_20230420_2130.png,2023-04-20 21:30:00,6,6,6,1,6,6,7,5,7,6,7,12,5,2023-04-21,5.44,8.975,-450.0,above,above,near
RX0383,2023-04-20 21:47:45,7.078,-15,CQ,W3,RF_20230420_2145.png,2023-04-20 21:45:00,6,6,6,1,6,6,7,5,6,6,7,14,5,2023-04-21,7.336,9.275,-165.0,above,above,above
RX0384,2023-04-20 21:58:00,7.078,-6,CQ,W3,RF_20230420_2200.png,2023-04-20 22:00:00,5,5,5,1,5,4,5,5,5,4,6,10,6,2023-04-21,8.173,9.55,120.0,above,above,above
RX0385,2023-04-20 22:08:15,7.078,-7,CQ,W3,RF_20230420_2215.png,2023-04-20 22:15:00,6,6,6,1,6,6,7,5,6,6,7,10,6,2023-04-21,8.808,9.975,405.0,above,above,above
RX0386,2023-04-20 22:18:30,7.078,-6,CQ,W3,RF_20230420_2215.png,2023-04-20 22:15:00,6,6,6,1,6,6,7,5,6,6,7,10,6,2023-04-21,8.808,9.975,-210.0,above,above,above
RX0387,2023-04-20 22:28:45,7.078,-16,CQ,W3,RF_20230420_2230.png,2023-04-20 22:30:00,7,7,7,1,7,7,7,2,7,7,7,5,6,2023-04-21,9.23,10.175,75.0,near,near,near
RX0388,2023-04-20 22:39:00,7.078,-10,CQ,W3,RF_20230420_2245.png,2023-04-20 22:45:00,7,7,7,1,7,7,7,2,7,7,7,4,6,2023-04-21,9.535,10.425,360.0,near,near,near
RX0389,2023-04-20 22:49:15,7.078,-3,CQ,W3,RF_20230420_2245.png,2023-04-20 22:45:00,7,7,7,1,7,7,7,2,7,7,7,4,6,2023-04-21,9.535,10.425,-255.0,near,near,near
RX0390,2023-04-20 22:59:30,7.078,-2,CQ,W3,RF_20230420_2300.png,2023-04-20 23:00:00,7,7,7,1,7,7,7,2,7,7,7,4,7,2023-04-21,10.221,10.475,30.0,near,near,near
RX0391,2023-04-20 23:09:45,7.078,-8,CQ,W3,RF_20230420_2315.png,2023-04-20 23:15:00,8,8,8,1,8,8,9,4,9,8,9,11,7,2023-04-21,9.673,10.65,315.0,near,near,below
RX0392,2023-04-20 23:20:00,7.078,0,CQ,W3,RF_20230420_2315.png,2023-04-20 23:15:00,8,8,8,1,8,8,9,4,9,8,9,11,7,2023-04-21,9.673,10.65,-300.0,near,near,below
RX0393,2023-04-20 23:30:15,7.078,-7,CQ,W3,RF_20230420_2330.png,2023-04-20 23:30:00,9,9,9,1,9,9,9,2,9,9,9,9,7,2023-04-21,9.956,10.838,-15.0,below,below,below
RX0394,2023-04-20 23:40:30,7.078,1,CQ,W3,RF_20230420_2345.png,2023-04-20 23:45:00,9,9,9,1,9,9,9,2,9,9,10,7,7,2023-04-21,10.087,10.525,270.0,below,below,below
RX0395,2023-04-20 23:50:45,7.078,-8,CQ,W3,RF_20230420_2345.png,2023-04-20 23:45:00,9,9,9,1,9,9,9,2,9,9,10,7,7,2023-04-21,10.087,10.525,-345.0,below,below,below
RX0396,2023-04-21 00:01:00,7.078,-14,CQ,W3,RF_20230421_0000.png,2023-04-21 00:00:00,11,11,11,1,11,11,11,2,11,11,11,5,8,2023-04-21,10.589,10.625,-60.0,below,below,below
RX0397,2023-04-21 00:07:00,7.078,-12,ID_only,W3,RF_20230421_0000.png,2023-04-21 00:00:00,11,11,11,1,11,11,11,2,11,11,11,5,8,2023-04-21,10.589,10.625,-420.0,below,below,below
RX0398,2023-04-21 00:17:30,7.078,-7,CQ,W3,RF_20230421_0015.png,2023-04-21 00:15:00,10,10,10,1,10,10,10,2,10,10,10,9,8,2023-04-21,11.797,10.15,-150.0,below,below,below
