chart,point_index,recorded_timestamp,frequency_MHz,SNR_dB,nominal_power_W,record_id,window
chart1.xml,0,2023-04-18 01:25:00,5.357,-15.0,1,RX0056,W1
chart1.xml,1,2023-04-18 01:35:15,5.357,-16.0,1,RX0057,W1
chart1.xml,2,2023-04-18 01:55:15,5.357,-16.0,1,RX0058,W1
chart1.xml,3,2023-04-18 02:05:45,5.357,-15.0,1,RX0059,W1
chart1.xml,4,2023-04-18 02:16:00,5.357,-18.0,1,RX0060,W1
chart1.xml,5,2023-04-18 02:26:15,5.357,-18.0,1,RX0062,W1
chart1.xml,6,2023-04-18 02:57:00,5.357,-15.0,1,RX0065,W1
chart1.xml,7,2023-04-18 03:07:15,5.357,-17.0,1,RX0067,W1
chart1.xml,8,2023-04-18 03:17:45,5.357,-18.0,1,RX0069,W1
chart1.xml,9,2023-04-18 03:38:00,5.357,-16.0,1,RX0071,W1
chart1.xml,10,2023-04-18 03:48:15,5.357,-16.0,1,RX0073,W1
chart1.xml,11,2023-04-18 04:08:45,5.357,-18.0,1,RX0075,W1
chart1.xml,12,2023-04-18 04:19:00,5.357,-16.0,1,RX0077,W1
chart1.xml,13,2023-04-18 04:29:15,5.357,-18.0,1,RX0078,W1
chart1.xml,14,2023-04-18 04:39:30,5.357,-14.0,1,RX0080,W1
chart1.xml,15,2023-04-18 04:49:45,5.357,-19.0,1,RX0081,W1
chart1.xml,16,2023-04-18 05:00:00,5.357,-15.0,1,RX0082,W1
chart1.xml,17,2023-04-18 05:10:15,5.357,-15.0,1,RX0083,W1
chart1.xml,18,2023-04-18 05:20:30,5.357,-15.0,1,RX0085,W1
chart1.xml,19,2023-04-18 05:30:45,5.357,-18.0,1,RX0086,W1
chart1.xml,20,2023-04-18 05:41:00,5.357,-17.0,1,RX0088,W1
chart1.xml,21,2023-04-18 05:51:15,5.357,-10.0,1,RX0090,W1
chart1.xml,22,2023-04-18 06:01:30,5.357,-15.0,1,RX0091,W1
chart1.xml,23,2023-04-18 06:11:45,5.357,-14.0,1,RX0093,W1
chart1.xml,24,2023-04-18 06:22:00,5.357,-13.0,1,RX0095,W1
chart1.xml,25,2023-04-18 06:32:15,5.357,-14.0,1,RX0096,W1
chart1.xml,26,2023-04-18 06:42:30,5.357,-9.0,1,RX0098,W1
chart1.xml,27,2023-04-18 06:52:45,5.357,-6.0,1,RX0100,W1
chart1.xml,28,2023-04-18 07:13:15,5.357,0.0,1,RX0102,W1
chart1.xml,29,2023-04-18 07:23:30,5.357,-6.0,1,RX0104,W1
chart1.xml,30,2023-04-18 07:33:45,5.357,-4.0,1,RX0105,W1
chart1.xml,31,2023-04-18 07:44:00,5.357,-4.0,1,RX0107,W1
chart1.xml,32,2023-04-18 07:54:15,5.357,3.0,1,RX0109,W1
chart1.xml,33,2023-04-18 08:04:30,5.357,4.0,1,RX0111,W1
chart1.xml,34,2023-04-18 08:14:45,5.357,-5.0,1,RX0112,W1
chart1.xml,35,2023-04-18 08:25:00,5.357,1.0,1,RX0114,W1
chart1.xml,36,2023-04-18 08:35:15,5.357,-5.0,1,RX0117,W1
chart1.xml,37,2023-04-18 08:45:30,5.357,0.0,1,RX0120,W1
chart1.xml,38,2023-04-18 08:55:45,5.357,2.0,1,RX0123,W1
chart1.xml,39,2023-04-18 09:06:00,5.357,-2.0,1,RX0124,W1
chart1.xml,40,2023-04-18 09:16:15,5.357,0.0,1,RX0125,W1
chart1.xml,41,2023-04-18 09:26:30,5.357,-5.0,1,RX0127,W1
chart1.xml,42,2023-04-18 09:36:45,5.357,-7.0,1,RX0128,W1
chart1.xml,43,2023-04-18 09:47:00,5.357,-10.0,1,RX0130,W1
chart1.xml,44,2023-04-18 10:28:00,5.357,-1.0,1,RX0132,W1
chart1.xml,45,2023-04-18 10:38:15,5.357,-7.0,1,RX0133,W1
chart1.xml,46,2023-04-18 10:48:30,5.357,-9.0,1,RX0134,W1
chart1.xml,47,2023-04-18 10:58:45,5.357,-10.0,1,RX0136,W1
chart1.xml,48,2023-04-18 11:09:00,5.357,-7.0,1,RX0137,W1
chart1.xml,49,2023-04-18 11:19:15,5.357,-6.0,1,RX0139,W1
chart1.xml,50,2023-04-18 11:29:30,5.357,-3.0,1,RX0141,W1
chart1.xml,51,2023-04-18 11:39:45,5.357,-7.0,1,RX0142,W1
chart1.xml,52,2023-04-18 11:50:00,5.357,-3.0,1,RX0143,W1
chart1.xml,53,2023-04-18 12:00:15,5.357,-5.0,1,RX0144,W1
chart1.xml,54,2023-04-18 12:10:30,5.357,-4.0,1,RX0145,W1
chart1.xml,55,2023-04-18 12:20:45,5.357,-4.0,1,RX0146,W1
chart1.xml,56,2023-04-18 12:31:00,5.357,-3.0,1,RX0148,W1
chart1.xml,57,2023-04-18 12:41:30,5.357,-12.0,1,RX0149,W1
chart1.xml,58,2023-04-18 12:51:30,5.357,-11.0,1,RX0150,W1
chart1.xml,59,2023-04-18 13:01:45,5.357,-11.0,1,RX0151,W1
chart1.xml,60,2023-04-18 13:12:00,5.357,-11.0,1,RX0153,W1
chart1.xml,61,2023-04-18 13:22:15,5.357,-13.0,1,RX0154,W1
chart1.xml,62,2023-04-18 13:32:30,5.357,-16.0,1,RX0155,W1
chart1.xml,63,2023-04-18 13:42:45,5.357,-14.0,1,RX0157,W1
chart1.xml,64,2023-04-18 13:53:00,5.357,-12.0,1,RX0158,W1
chart1.xml,65,2023-04-18 14:03:15,5.357,-11.0,1,RX0160,W1
chart1.xml,66,2023-04-18 14:13:30,5.357,-13.0,1,RX0162,W1
chart1.xml,67,2023-04-18 14:23:45,5.357,-16.0,1,RX0163,W1
chart1.xml,68,2023-04-18 14:34:00,5.357,-12.0,1,RX0164,W1
chart1.xml,69,2023-04-18 14:44:15,5.357,-12.0,1,RX0165,W1
chart1.xml,70,2023-04-18 14:54:30,5.357,-12.0,1,RX0166,W1
chart1.xml,71,2023-04-18 15:15:00,5.357,-14.0,1,RX0168,W1
chart1.xml,72,2023-04-18 15:25:15,5.357,-11.0,1,RX0169,W1
chart1.xml,73,2023-04-18 15:35:30,5.357,-12.0,1,RX0171,W1
chart1.xml,74,2023-04-18 15:45:45,5.357,-8.0,1,RX0172,W1
chart1.xml,75,2023-04-18 15:56:15,5.357,-16.0,1,RX0173,W1
chart1.xml,76,2023-04-18 16:06:15,5.357,-15.0,1,RX0174,W1
chart1.xml,77,2023-04-18 16:16:30,5.357,-7.0,1,RX0176,W1
chart1.xml,78,2023-04-18 16:27:00,5.357,-15.0,1,RX0177,W1
chart1.xml,79,2023-04-18 16:37:00,5.357,-15.0,1,RX0179,W1
chart1.xml,80,2023-04-18 17:18:00,5.357,-14.0,1,RX0183,W1
chart1.xml,81,2023-04-18 17:28:15,5.357,-11.0,1,RX0184,W1
chart1.xml,82,2023-04-18 17:48:45,5.357,0.0,1,RX0187,W1
chart1.xml,83,2023-04-18 17:59:00,5.357,-3.0,1,RX0188,W1
chart1.xml,84,2023-04-18 18:09:15,5.357,-6.0,1,RX0190,W1
chart1.xml,85,2023-04-18 18:19:30,5.357,0.0,1,RX0191,W1
chart1.xml,86,2023-04-18 18:29:45,5.357,0.0,1,RX0192,W1
chart1.xml,87,2023-04-18 18:40:00,5.357,-1.0,1,RX0194,W1
chart1.xml,88,2023-04-18 18:50:15,5.357,-2.0,1,RX0196,W1
chart1.xml,89,2023-04-18 19:00:30,5.357,-3.0,1,RX0197,W1
chart1.xml,90,2023-04-18 19:10:45,5.357,3.0,1,RX0199,W1
chart1.xml,91,2023-04-18 19:21:00,5.357,-2.0,1,RX0201,W1
chart1.xml,92,2023-04-18 19:31:15,5.357,-3.0,1,RX0202,W1
chart1.xml,93,2023-04-18 19:41:30,5.357,-11.0,1,RX0204,W1
chart1.xml,94,2023-04-18 19:51:45,5.357,-8.0,1,RX0206,W1
chart1.xml,95,2023-04-18 20:02:00,5.357,-2.0,1,RX0207,W1
chart1.xml,96,2023-04-18 20:12:15,5.357,1.0,1,RX0209,W1
chart1.xml,97,2023-04-18 20:22:30,5.357,-2.0,1,RX0211,W1
chart1.xml,98,2023-04-18 20:32:45,5.357,-11.0,1,RX0212,W1
chart1.xml,99,2023-04-18 20:43:00,5.357,3.0,1,RX0214,W1
chart1.xml,100,2023-04-18 20:53:15,5.357,-5.0,1,RX0215,W1
chart1.xml,101,2023-04-18 21:03:30,5.357,-2.0,1,RX0216,W1
chart1.xml,102,2023-04-18 21:13:45,5.357,2.0,1,RX0217,W1
chart1.xml,103,2023-04-18 21:24:00,5.357,-9.0,1,RX0219,W1
chart1.xml,104,2023-04-18 21:34:15,5.357,0.0,1,RX0220,W1
chart1.xml,105,2023-04-18 21:44:30,5.357,-7.0,1,RX0222,W1
chart1.xml,106,2023-04-18 21:56:15,5.357,2.0,1,RX0224,W1
chart1.xml,107,2023-04-18 22:06:30,5.357,-1.0,1,RX0226,W1
chart1.xml,108,2023-04-18 22:16:45,5.357,0.0,1,RX0227,W1
chart1.xml,109,2023-04-18 22:27:00,5.357,-3.0,1,RX0229,W1
chart1.xml,110,2023-04-18 22:37:15,5.357,0.0,1,RX0231,W1
chart1.xml,111,2023-04-18 22:47:30,5.357,-7.0,1,RX0232,W1
chart1.xml,112,2023-04-18 22:57:45,5.357,-12.0,1,RX0234,W1
chart1.xml,113,2023-04-18 23:08:00,5.357,-6.0,1,RX0235,W1
chart1.xml,114,2023-04-18 23:18:15,5.357,-16.0,1,RX0236,W1
chart1.xml,115,2023-04-18 23:28:30,5.357,-11.0,1,RX0237,W1
chart1.xml,116,2023-04-18 23:38:45,5.357,-8.0,1,RX0238,W1
chart1.xml,117,2023-04-18 23:49:00,5.357,-9.0,1,RX0239,W1
chart1.xml,118,2023-04-19 00:12:45,5.357,-11.0,1,RX0240,W1
chart1.xml,119,2023-04-19 00:23:00,5.357,-14.0,1,RX0241,W1
chart1.xml,120,2023-04-19 00:33:15,5.357,-15.0,1,RX0242,W1
chart1.xml,121,2023-04-19 00:43:30,5.357,-11.0,1,RX0243,W1
chart1.xml,122,2023-04-19 00:53:45,5.357,-11.0,1,RX0244,W1
chart1.xml,123,2023-04-19 01:04:00,5.357,-14.0,1,RX0245,W1
chart1.xml,124,2023-04-19 01:14:15,5.357,-16.0,1,RX0246,W1
chart1.xml,125,2023-04-19 01:24:30,5.357,-18.0,1,RX0247,W1
chart3.xml,0,2023-04-20 02:15:00,7.078,-19.0,1,RX0297,W3
chart3.xml,1,2023-04-20 02:25:00,7.078,-20.0,1,RX0298,W3
chart3.xml,2,2023-04-20 02:35:15,7.078,-18.0,1,RX0299,W3
chart3.xml,3,2023-04-20 02:45:45,7.078,-19.0,1,RX0300,W3
chart3.xml,4,2023-04-20 02:55:45,7.078,-20.0,1,RX0301,W3
chart3.xml,5,2023-04-20 03:16:15,7.078,-18.0,1,RX0302,W3
chart3.xml,6,2023-04-20 03:26:30,7.078,-20.0,1,RX0303,W3
chart3.xml,7,2023-04-20 03:36:45,7.078,-19.0,1,RX0304,W3
chart3.xml,8,2023-04-20 03:47:00,7.078,-19.0,1,RX0305,W3
chart3.xml,9,2023-04-20 03:57:15,7.078,-20.0,1,RX0306,W3
chart3.xml,10,2023-04-20 04:07:30,7.078,-17.0,1,RX0307,W3
chart3.xml,11,2023-04-20 04:18:00,7.078,-20.0,1,RX0308,W3
chart3.xml,12,2023-04-20 04:28:00,7.078,-19.0,1,RX0309,W3
chart3.xml,13,2023-04-20 04:38:15,7.078,-20.0,1,RX0310,W3
chart3.xml,14,2023-04-20 04:48:30,7.078,-19.0,1,RX0311,W3
chart3.xml,15,2023-04-20 04:59:00,7.078,-20.0,1,RX0312,W3
chart3.xml,16,2023-04-20 05:09:00,7.078,-14.0,1,RX0313,W3
chart3.xml,17,2023-04-20 05:19:15,7.078,-14.0,1,RX0314,W3
chart3.xml,18,2023-04-20 05:29:30,7.078,-19.0,1,RX0315,W3
chart3.xml,19,2023-04-20 05:40:00,7.078,-19.0,1,RX0316,W3
chart3.xml,20,2023-04-20 06:00:15,7.078,-16.0,1,RX0317,W3
chart3.xml,21,2023-04-20 06:10:30,7.078,-14.0,1,RX0318,W3
chart3.xml,22,2023-04-20 06:20:45,7.078,-17.0,1,RX0319,W3
chart3.xml,23,2023-04-20 06:31:00,7.078,-19.0,1,RX0320,W3
chart3.xml,24,2023-04-20 06:41:15,7.078,-17.0,1,RX0321,W3
chart3.xml,25,2023-04-20 06:51:30,7.078,-15.0,1,RX0322,W3
chart3.xml,26,2023-04-20 07:01:45,7.078,-5.0,1,RX0323,W3
chart3.xml,27,2023-04-20 07:12:00,7.078,-14.0,1,RX0324,W3
chart3.xml,28,2023-04-20 07:22:15,7.078,-14.0,1,RX0325,W3
chart3.xml,29,2023-04-20 07:32:30,7.078,-17.0,1,RX0326,W3
chart3.xml,30,2023-04-20 07:42:45,7.078,-10.0,1,RX0327,W3
chart3.xml,31,2023-04-20 07:53:00,7.078,-11.0,1,RX0328,W3
chart3.xml,32,2023-04-20 08:03:15,7.078,-14.0,1,RX0329,W3
chart3.xml,33,2023-04-20 08:13:30,7.078,-14.0,1,RX0330,W3
chart3.xml,34,2023-04-20 08:23:45,7.078,-10.0,1,RX0331,W3
chart3.xml,35,2023-04-20 08:34:00,7.078,-3.0,1,RX0332,W3
chart3.xml,36,2023-04-20 08:44:15,7.078,-12.0,1,RX0333,W3
chart3.xml,37,2023-04-20 08:54:30,7.078,-10.0,1,RX0334,W3
chart3.xml,38,2023-04-20 09:04:45,7.078,-12.0,1,RX0335,W3
chart3.xml,39,2023-04-20 09:15:00,7.078,-15.0,1,RX0336,W3
chart3.xml,40,2023-04-20 09:25:15,7.078,-12.0,1,RX0337,W3
chart3.xml,41,2023-04-20 09:35:30,7.078,-13.0,1,RX0338,W3
chart3.xml,42,2023-04-20 09:45:45,7.078,-18.0,1,RX0339,W3
chart3.xml,43,2023-04-20 10:37:00,7.078,-13.0,1,RX0340,W3
chart3.xml,44,2023-04-20 10:47:15,7.078,-11.0,1,RX0341,W3
chart3.xml,45,2023-04-20 10:57:30,7.078,-12.0,1,RX0342,W3
chart3.xml,46,2023-04-20 11:07:45,7.078,-13.0,1,RX0343,W3
chart3.xml,47,2023-04-20 11:18:00,7.078,-11.0,1,RX0344,W3
chart3.xml,48,2023-04-20 11:28:15,7.078,-12.0,1,RX0345,W3
chart3.xml,49,2023-04-20 11:38:45,7.078,-12.0,1,RX0346,W3
chart3.xml,50,2023-04-20 11:48:45,7.078,-12.0,1,RX0347,W3
chart3.xml,51,2023-04-20 11:59:00,7.078,-12.0,1,RX0348,W3
chart3.xml,52,2023-04-20 12:09:15,7.078,-11.0,1,RX0349,W3
chart3.xml,53,2023-04-20 12:19:30,7.078,-15.0,1,RX0350,W3
chart3.xml,54,2023-04-20 12:40:00,7.078,-11.0,1,RX0351,W3
chart3.xml,55,2023-04-20 12:50:15,7.078,-11.0,1,RX0352,W3
chart3.xml,56,2023-04-20 13:00:30,7.078,-10.0,1,RX0353,W3
chart3.xml,57,2023-04-20 13:10:45,7.078,-11.0,1,RX0354,W3
chart3.xml,58,2023-04-20 13:21:00,7.078,-8.0,1,RX0355,W3
chart3.xml,59,2023-04-20 13:31:15,7.078,-9.0,1,RX0356,W3
chart3.xml,60,2023-04-20 13:41:30,7.078,-7.0,1,RX0357,W3
chart3.xml,61,2023-04-20 13:51:45,7.078,-7.0,1,RX0358,W3
chart3.xml,62,2023-04-20 14:02:00,7.078,-9.0,1,RX0359,W3
chart3.xml,63,2023-04-20 14:12:30,7.078,-12.0,1,RX0360,W3
chart3.xml,64,2023-04-20 14:22:30,7.078,2.0,1,RX0361,W3
chart3.xml,65,2023-04-20 14:33:00,7.078,-8.0,1,RX0362,W3
chart3.xml,66,2023-04-20 14:43:15,7.078,-10.0,1,RX0363,W3
chart3.xml,67,2023-04-20 15:03:30,7.078,-7.0,1,RX0364,W3
chart3.xml,68,2023-04-20 15:13:45,7.078,-6.0,1,RX0365,W3
chart3.xml,69,2023-04-20 15:24:00,7.078,-2.0,1,RX0366,W3
chart3.xml,70,2023-04-20 15:34:15,7.078,-4.0,1,RX0367,W3
chart3.xml,71,2023-04-20 15:44:30,7.078,1.0,1,RX0368,W3
chart3.xml,72,2023-04-20 15:54:45,7.078,-9.0,1,RX0369,W3
chart3.xml,73,2023-04-20 16:05:00,7.078,-7.0,1,RX0370,W3
chart3.xml,74,2023-04-20 16:15:15,7.078,-9.0,1,RX0371,W3
chart3.xml,75,2023-04-20 16:25:30,7.078,0.0,1,RX0372,W3
chart3.xml,76,2023-04-20 16:34:00,7.078,-9.0,1,RX0373,W3
chart3.xml,77,2023-04-20 16:44:30,7.078,2.0,1,RX0374,W3
chart3.xml,78,2023-04-20 16:55:00,7.078,-8.0,1,RX0375,W3
chart3.xml,79,2023-04-20 17:05:00,7.078,-3.0,1,RX0376,W3
chart3.xml,80,2023-04-20 17:15:15,7.078,-5.0,1,RX0377,W3
chart3.xml,81,2023-04-20 17:25:30,7.078,-13.0,1,RX0378,W3
chart3.xml,82,2023-04-20 17:35:45,7.078,-15.0,1,RX0379,W3
chart3.xml,83,2023-04-20 21:17:00,7.078,-14.0,1,RX0380,W3
chart3.xml,84,2023-04-20 21:27:15,7.078,-7.0,1,RX0381,W3
chart3.xml,85,2023-04-20 21:37:30,7.078,-4.0,1,RX0382,W3
chart3.xml,86,2023-04-20 21:47:45,7.078,-15.0,1,RX0383,W3
chart3.xml,87,2023-04-20 21:58:00,7.078,-6.0,1,RX0384,W3
chart3.xml,88,2023-04-20 22:08:15,7.078,-7.0,1,RX0385,W3
chart3.xml,89,2023-04-20 22:18:30,7.078,-6.0,1,RX0386,W3
chart3.xml,90,2023-04-20 22:28:45,7.078,-16.0,1,RX0387,W3
chart3.xml,91,2023-04-20 22:39:00,7.078,-10.0,1,RX0388,W3
chart3.xml,92,2023-04-20 22:49:15,7.078,-3.0,1,RX0389,W3
chart3.xml,93,2023-04-20 22:59:30,7.078,-2.0,1,RX0390,W3
chart3.xml,94,2023-04-20 23:09:45,7.078,-8.0,1,RX0391,W3
chart3.xml,95,2023-04-20 23:20:00,7.078,0.0,1,RX0392,W3
chart3.xml,96,2023-04-20 23:30:15,7.078,-7.0,1,RX0393,W3
chart3.xml,97,2023-04-20 23:40:30,7.078,1.0,1,RX0394,W3
chart3.xml,98,2023-04-20 23:50:45,7.078,-8.0,1,RX0395,W3
chart3.xml,99,2023-04-21 00:01:00,7.078,-14.0,1,RX0396,W3
chart3.xml,100,2023-04-21 00:07:00,7.078,-12.0,1,RX0397,W3
chart3.xml,101,2023-04-21 00:17:30,7.078,-7.0,1,RX0398,W3
chart4.xml,0,2023-04-23 00:02:00,10.13,8.0,1,RX0399,W4
chart4.xml,1,2023-04-23 00:13:00,10.13,12.0,1,RX0400,W4
chart4.xml,2,2023-04-23 00:23:15,10.13,14.0,1,RX0401,W4
chart4.xml,3,2023-04-23 00:33:30,10.13,12.0,1,RX0402,W4
chart4.xml,4,2023-04-23 00:43:45,10.13,5.0,1,RX0403,W4
chart4.xml,5,2023-04-23 00:49:15,10.13,-5.0,1,RX0404,W4
chart4.xml,6,2023-04-23 00:59:30,10.13,-6.0,1,RX0405,W4
chart4.xml,7,2023-04-23 01:04:15,10.13,-16.0,1,RX0406,W4
chart4.xml,8,2023-04-23 01:20:00,10.13,-7.0,1,RX0407,W4
chart4.xml,9,2023-04-23 03:11:45,10.13,-14.0,1,RX0408,W4
chart4.xml,10,2023-04-23 03:22:15,10.13,-13.0,1,RX0409,W4
chart4.xml,11,2023-04-23 03:32:15,10.13,-10.0,1,RX0410,W4
chart4.xml,12,2023-04-23 03:42:30,10.13,-7.0,1,RX0411,W4
chart4.xml,13,2023-04-23 03:52:45,10.13,-12.0,1,RX0412,W4
chart4.xml,14,2023-04-23 04:03:00,10.13,-11.0,1,RX0413,W4
chart4.xml,15,2023-04-23 04:13:15,10.13,-9.0,1,RX0414,W4
chart4.xml,16,2023-04-23 04:23:30,10.13,-8.0,1,RX0415,W4
chart4.xml,17,2023-04-23 04:33:45,10.13,-5.0,1,RX0416,W4
chart4.xml,18,2023-04-23 04:44:00,10.13,-15.0,1,RX0417,W4
chart4.xml,19,2023-04-23 04:54:15,10.13,-7.0,1,RX0418,W4
chart4.xml,20,2023-04-23 05:04:30,10.13,-4.0,1,RX0419,W4
chart4.xml,21,2023-04-23 05:14:45,10.13,-6.0,1,RX0420,W4
chart4.xml,22,2023-04-23 05:25:00,10.13,-9.0,1,RX0421,W4
chart4.xml,23,2023-04-23 05:35:15,10.13,-5.0,1,RX0422,W4
chart4.xml,24,2023-04-23 05:45:30,10.13,-8.0,1,RX0423,W4
chart4.xml,25,2023-04-23 05:55:45,10.13,-3.0,1,RX0424,W4
chart4.xml,26,2023-04-23 06:06:00,10.13,-6.0,1,RX0425,W4
chart4.xml,27,2023-04-23 06:16:15,10.13,-4.0,1,RX0426,W4
chart4.xml,28,2023-04-23 06:26:30,10.13,-4.0,1,RX0427,W4
chart4.xml,29,2023-04-23 06:36:45,10.13,3.0,1,RX0428,W4
chart4.xml,30,2023-04-23 06:47:00,10.13,-2.0,1,RX0429,W4
chart4.xml,31,2023-04-23 06:57:15,10.13,-3.0,1,RX0430,W4
chart4.xml,32,2023-04-23 07:07:30,10.13,-1.0,1,RX0431,W4
chart4.xml,33,2023-04-23 07:17:45,10.13,-4.0,1,RX0432,W4
chart4.xml,34,2023-04-23 07:28:00,10.13,-3.0,1,RX0433,W4
chart4.xml,35,2023-04-23 07:38:15,10.13,-3.0,1,RX0434,W4
chart4.xml,36,2023-04-23 07:48:30,10.13,-1.0,1,RX0435,W4
chart4.xml,37,2023-04-23 07:58:45,10.13,-6.0,1,RX0436,W4
chart4.xml,38,2023-04-23 08:09:00,10.13,1.0,1,RX0437,W4
chart4.xml,39,2023-04-23 08:19:15,10.13,-4.0,1,RX0438,W4
chart4.xml,40,2023-04-23 08:29:30,10.13,-5.0,1,RX0439,W4
chart4.xml,41,2023-04-23 08:39:45,10.13,-7.0,1,RX0440,W4
chart4.xml,42,2023-04-23 08:50:00,10.13,-12.0,1,RX0441,W4
chart4.xml,43,2023-04-23 09:00:30,10.13,-23.0,1,RX0442,W4
chart4.xml,44,2023-04-23 09:10:30,10.13,-17.0,1,RX0443,W4
chart4.xml,45,2023-04-23 09:20:45,10.13,-17.0,1,RX0444,W4
chart4.xml,46,2023-04-23 09:31:00,10.13,-9.0,1,RX0445,W4
chart4.xml,47,2023-04-23 09:41:15,10.13,-16.0,1,RX0446,W4
chart4.xml,48,2023-04-23 09:51:30,10.13,-9.0,1,RX0447,W4
chart4.xml,49,2023-04-23 10:01:45,10.13,-11.0,1,RX0448,W4
chart4.xml,50,2023-04-23 10:12:00,10.13,-3.0,1,RX0449,W4
chart4.xml,51,2023-04-23 10:22:15,10.13,-19.0,1,RX0450,W4
chart4.xml,52,2023-04-23 10:32:30,10.13,-15.0,1,RX0451,W4
chart4.xml,53,2023-04-23 10:42:45,10.13,-21.0,1,RX0452,W4
chart4.xml,54,2023-04-23 10:53:15,10.13,-21.0,1,RX0453,W4
chart4.xml,55,2023-04-23 11:20:30,10.13,-17.0,1,RX0454,W4
chart4.xml,56,2023-04-23 11:31:00,10.13,-20.0,1,RX0455,W4
chart4.xml,57,2023-04-23 12:00:00,10.13,-14.0,1,RX0456,W4
chart4.xml,58,2023-04-23 12:10:15,10.13,-13.0,1,RX0457,W4
chart4.xml,59,2023-04-23 12:20:30,10.13,-12.0,1,RX0458,W4
chart4.xml,60,2023-04-23 12:30:45,10.13,-19.0,1,RX0459,W4
chart4.xml,61,2023-04-23 12:36:00,10.13,-12.0,1,RX0460,W4
chart4.xml,62,2023-04-23 12:46:30,10.13,-21.0,1,RX0461,W4
chart4.xml,63,2023-04-23 12:56:45,10.13,-21.0,1,RX0462,W4
chart4.xml,64,2023-04-23 13:07:00,10.13,-12.0,1,RX0463,W4
chart4.xml,65,2023-04-23 13:17:15,10.13,-10.0,1,RX0464,W4
chart4.xml,66,2023-04-23 13:37:45,10.13,-17.0,1,RX0465,W4
chart4.xml,67,2023-04-23 13:48:00,10.13,-17.0,1,RX0466,W4
chart4.xml,68,2023-04-23 13:58:15,10.13,-18.0,1,RX0467,W4
chart4.xml,69,2023-04-23 14:08:30,10.13,-13.0,1,RX0468,W4
chart4.xml,70,2023-04-23 14:18:45,10.13,-10.0,1,RX0469,W4
chart4.xml,71,2023-04-23 14:29:00,10.13,-10.0,1,RX0470,W4
chart4.xml,72,2023-04-23 14:38:45,10.13,-14.0,1,RX0471,W4
chart4.xml,73,2023-04-23 14:49:15,10.13,-14.0,1,RX0472,W4
chart4.xml,74,2023-04-23 14:59:30,10.13,-16.0,1,RX0473,W4
chart4.xml,75,2023-04-23 15:09:45,10.13,-11.0,1,RX0474,W4
chart4.xml,76,2023-04-23 15:20:00,10.13,-16.0,1,RX0475,W4
chart4.xml,77,2023-04-23 21:57:00,10.13,-11.0,1,RX0476,W4
chart4.xml,78,2023-04-23 22:07:15,10.13,-7.0,1,RX0477,W4
chart4.xml,79,2023-04-23 22:17:30,10.13,-2.0,1,RX0478,W4
chart4.xml,80,2023-04-23 22:27:45,10.13,-15.0,1,RX0479,W4
chart4.xml,81,2023-04-23 22:38:00,10.13,-2.0,1,RX0480,W4
chart4.xml,82,2023-04-23 22:48:15,10.13,1.0,1,RX0481,W4
chart4.xml,83,2023-04-23 22:58:30,10.13,-2.0,1,RX0482,W4
chart4.xml,84,2023-04-23 23:08:45,10.13,-6.0,1,RX0483,W4
chart4.xml,85,2023-04-23 23:19:00,10.13,-3.0,1,RX0484,W4
chart4.xml,86,2023-04-23 23:29:15,10.13,-1.0,1,RX0485,W4
chart4.xml,87,2023-04-23 23:39:30,10.13,2.0,1,RX0486,W4
chart4.xml,88,2023-04-23 23:49:45,10.13,-7.0,1,RX0487,W4
chart4.xml,89,2023-04-24 00:00:00,10.13,-1.0,1,RX0488,W4
chart4.xml,90,2023-04-24 00:10:15,10.13,-2.0,1,RX0489,W4
chart4.xml,91,2023-04-24 00:20:30,10.13,-8.0,1,RX0490,W4
