window,local_date,local_hour_start,n,median_SNR_dB,min_SNR_dB,max_SNR_dB
W1,2023-04-17,12,2,21.5,20.0,23.0
W1,2023-04-17,16,20,18.5,10.0,22.0
W1,2023-04-17,20,12,17.0,11.0,19.0
W1,2023-04-18,4,19,22.0,19.0,23.0
W1,2023-04-18,8,12,-16.0,-18.0,22.0
W1,2023-04-18,12,22,-14.0,-19.0,3.0
W1,2023-04-18,16,20,-5.0,-10.0,4.0
W1,2023-04-18,20,23,-12.0,-16.0,-3.0
W1,2023-04-19,0,19,-3.0,-15.0,3.0
W1,2023-04-19,4,23,-3.0,-16.0,3.0
W1,2023-04-19,8,19,-16.0,-21.0,-11.0
W1,2023-04-19,12,21,-10.0,-16.0,6.0
W1,2023-04-19,16,16,-6.5,-13.0,3.0
W2,2023-04-18,8,6,-12.5,-14.0,-8.0
W2,2023-04-18,12,13,-10.0,-15.0,2.0
W2,2023-04-18,16,7,-3.0,-9.0,2.0
W2,2023-04-18,20,7,1.0,-2.0,3.0
W2,2023-04-19,0,14,-4.5,-16.0,3.0
W2,2023-04-19,4,10,-1.0,-16.0,5.0
W3,2023-04-20,8,10,-19.0,-20.0,-18.0
W3,2023-04-20,12,22,-17.0,-20.0,-5.0
W3,2023-04-20,16,20,-12.0,-18.0,-3.0
W3,2023-04-20,20,21,-9.0,-15.0,2.0
W3,2023-04-21,0,9,-7.0,-15.0,2.0
W3,2023-04-21,4,16,-7.0,-16.0,1.0
W3,2023-04-21,8,2,-10.5,-14.0,-7.0
W4,2023-04-23,8,14,-6.5,-16.0,14.0
W4,2023-04-23,12,24,-4.5,-15.0,3.0
W4,2023-04-23,16,19,-15.0,-23.0,1.0
W4,2023-04-23,20,18,-14.0,-21.0,-10.0
W4,2023-04-24,4,12,-2.5,-15.0,2.0
W4,2023-04-24,8,3,-2.0,-8.0,-1.0
W5,2023-04-25,12,19,13.0,4.0,19.0
W5,2023-04-25,16,23,10.0,-5.0,21.0
W5,2023-04-25,20,24,5.0,1.0,10.0
W5,2023-04-26,0,23,6.0,-8.0,14.0
W5,2023-04-26,4,23,17.0,-10.0,20.0
W5,2023-04-26,8,20,10.0,5.0,15.0
W5,2023-04-26,12,23,6.0,-11.0,14.0
W5,2023-04-26,16,23,3.0,-10.0,15.0
W5,2023-04-26,20,23,1.0,-9.0,9.0
W5,2023-04-27,0,22,-4.0,-20.0,6.0
W5,2023-04-27,4,23,8.0,-18.0,15.0
W6,2023-04-25,8,10,-13.0,-23.0,-1.0
W6,2023-04-25,12,20,-6.0,-20.0,1.0
W6,2023-04-25,16,11,-6.0,-15.0,1.0
W6,2023-04-25,20,13,-17.0,-22.0,-13.0
W6,2023-04-26,0,5,-22.0,-23.0,-20.0
W6,2023-04-26,4,18,-4.0,-22.0,7.0
W6,2023-04-26,8,21,-11.0,-18.0,-1.0
W6,2023-04-26,12,20,-5.0,-16.0,4.0
W6,2023-04-26,16,21,-9.0,-19.0,0.0
W6,2023-04-27,0,8,-23.0,-24.0,-21.0
W6,2023-04-27,4,19,-6.0,-23.0,5.0
W6,2023-04-27,8,10,-7.0,-17.0,-2.0
W7,2023-04-27,8,31,-1.0,-3.0,7.0
W7,2023-04-27,12,46,0.5,-11.0,14.0
W7,2023-04-27,16,46,-5.0,-16.0,14.0
W7,2023-04-27,20,46,-6.0,-16.0,8.0
W7,2023-04-28,0,45,-3.0,-13.0,7.0
W7,2023-04-28,4,8,-10.5,-16.0,-1.0
