record_id,window_id,recorded_timestamp,dial_frequency_MHz,SNR_dB,DT_seconds,audio_offset_Hz,category,in_previous_spreadsheets,source_locations,frequency_header_locations
RX0297,W3,2023-04-20 02:15:00,7.078,-19,0.7,1534,CQ,True,ALBackup 40m 10-130 24042023 @ 1256UTC.TXT:19; Final logs/ALL40m.TXT:19,ALBackup 40m 10-130 24042023 @ 1256UTC.TXT:9; Final logs/ALL40m.TXT:9
RX0298,W3,2023-04-20 02:25:00,7.078,-20,0.8,1533,CQ,True,ALBackup 40m 10-130 24042023 @ 1256UTC.TXT:21; Final logs/ALL40m.TXT:21,ALBackup 40m 10-130 24042023 @ 1256UTC.TXT:20; Final logs/ALL40m.TXT:20
RX0299,W3,2023-04-20 02:35:15,7.078,-18,0.7,1530,CQ,True,ALBackup 40m 10-130 24042023 @ 1256UTC.TXT:23; Final logs/ALL40m.TXT:23,ALBackup 40m 10-130 24042023 @ 1256UTC.TXT:22; Final logs/ALL40m.TXT:22
RX0300,W3,2023-04-20 02:45:45,7.078,-19,0.7,1530,CQ,True,ALBackup 40m 10-130 24042023 @ 1256UTC.TXT:26; Final logs/ALL40m.TXT:26,ALBackup 40m 10-130 24042023 @ 1256UTC.TXT:24; Final logs/ALL40m.TXT:24
RX0301,W3,2023-04-20 02:55:45,7.078,-20,0.8,1529,CQ,True,ALBackup 40m 10-130 24042023 @ 1256UTC.TXT:33; Final logs/ALL40m.TXT:33,ALBackup 40m 10-130 24042023 @ 1256UTC.TXT:31; Final logs/ALL40m.TXT:31
RX0302,W3,2023-04-20 03:16:15,7.078,-18,0.8,1529,CQ,True,ALBackup 40m 10-130 24042023 @ 1256UTC.TXT:37; Final logs/ALL40m.TXT:37,ALBackup 40m 10-130 24042023 @ 1256UTC.TXT:36; Final logs/ALL40m.TXT:36
RX0303,W3,2023-04-20 03:26:30,7.078,-20,0.8,1528,CQ,True,ALBackup 40m 10-130 24042023 @ 1256UTC.TXT:42; Final logs/ALL40m.TXT:42,ALBackup 40m 10-130 24042023 @ 1256UTC.TXT:41; Final logs/ALL40m.TXT:41
RX0304,W3,2023-04-20 03:36:45,7.078,-19,0.7,1529,CQ,True,ALBackup 40m 10-130 24042023 @ 1256UTC.TXT:44; Final logs/ALL40m.TXT:44,ALBackup 40m 10-130 24042023 @ 1256UTC.TXT:43; Final logs/ALL40m.TXT:43
RX0305,W3,2023-04-20 03:47:00,7.078,-19,0.8,1528,CQ,True,ALBackup 40m 10-130 24042023 @ 1256UTC.TXT:48; Final logs/ALL40m.TXT:48,ALBackup 40m 10-130 24042023 @ 1256UTC.TXT:47; Final logs/ALL40m.TXT:47
RX0306,W3,2023-04-20 03:57:15,7.078,-20,0.7,1529,CQ,True,ALBackup 40m 10-130 24042023 @ 1256UTC.TXT:49; Final logs/ALL40m.TXT:49,ALBackup 40m 10-130 24042023 @ 1256UTC.TXT:47; Final logs/ALL40m.TXT:47
RX0307,W3,2023-04-20 04:07:30,7.078,-17,0.7,1529,CQ,True,ALBackup 40m 10-130 24042023 @ 1256UTC.TXT:55; Final logs/ALL40m.TXT:55,ALBackup 40m 10-130 24042023 @ 1256UTC.TXT:54; Final logs/ALL40m.TXT:54
RX0308,W3,2023-04-20 04:18:00,7.078,-20,0.8,1528,CQ,True,ALBackup 40m 10-130 24042023 @ 1256UTC.TXT:57; Final logs/ALL40m.TXT:57,ALBackup 40m 10-130 24042023 @ 1256UTC.TXT:54; Final logs/ALL40m.TXT:54
RX0309,W3,2023-04-20 04:28:00,7.078,-19,0.7,1527,CQ,True,ALBackup 40m 10-130 24042023 @ 1256UTC.TXT:59; Final logs/ALL40m.TXT:59,ALBackup 40m 10-130 24042023 @ 1256UTC.TXT:58; Final logs/ALL40m.TXT:58
RX0310,W3,2023-04-20 04:38:15,7.078,-20,0.8,1527,CQ,True,ALBackup 40m 10-130 24042023 @ 1256UTC.TXT:63; Final logs/ALL40m.TXT:63,ALBackup 40m 10-130 24042023 @ 1256UTC.TXT:62; Final logs/ALL40m.TXT:62
RX0311,W3,2023-04-20 04:48:30,7.078,-19,0.8,1527,CQ,True,ALBackup 40m 10-130 24042023 @ 1256UTC.TXT:68; Final logs/ALL40m.TXT:68,ALBackup 40m 10-130 24042023 @ 1256UTC.TXT:66; Final logs/ALL40m.TXT:66
RX0312,W3,2023-04-20 04:59:00,7.078,-20,0.7,1527,CQ,True,ALBackup 40m 10-130 24042023 @ 1256UTC.TXT:70; Final logs/ALL40m.TXT:70,ALBackup 40m 10-130 24042023 @ 1256UTC.TXT:66; Final logs/ALL40m.TXT:66
RX0313,W3,2023-04-20 05:09:00,7.078,-14,0.8,1526,CQ,True,ALBackup 40m 10-130 24042023 @ 1256UTC.TXT:74; Final logs/ALL40m.TXT:74,ALBackup 40m 10-130 24042023 @ 1256UTC.TXT:73; Final logs/ALL40m.TXT:73
RX0314,W3,2023-04-20 05:19:15,7.078,-14,0.7,1526,CQ,True,ALBackup 40m 10-130 24042023 @ 1256UTC.TXT:76; Final logs/ALL40m.TXT:76,ALBackup 40m 10-130 24042023 @ 1256UTC.TXT:75; Final logs/ALL40m.TXT:75
RX0315,W3,2023-04-20 05:29:30,7.078,-19,0.7,1525,CQ,True,ALBackup 40m 10-130 24042023 @ 1256UTC.TXT:79; Final logs/ALL40m.TXT:79,ALBackup 40m 10-130 24042023 @ 1256UTC.TXT:75; Final logs/ALL40m.TXT:75
RX0316,W3,2023-04-20 05:40:00,7.078,-19,0.8,1526,CQ,True,ALBackup 40m 10-130 24042023 @ 1256UTC.TXT:82; Final logs/ALL40m.TXT:82,ALBackup 40m 10-130 24042023 @ 1256UTC.TXT:80; Final logs/ALL40m.TXT:80
RX0317,W3,2023-04-20 06:00:15,7.078,-16,0.8,1528,CQ,True,ALBackup 40m 10-130 24042023 @ 1256UTC.TXT:87; Final logs/ALL40m.TXT:87,ALBackup 40m 10-130 24042023 @ 1256UTC.TXT:86; Final logs/ALL40m.TXT:86
RX0318,W3,2023-04-20 06:10:30,7.078,-14,0.8,1527,CQ,True,ALBackup 40m 10-130 24042023 @ 1256UTC.TXT:90; Final logs/ALL40m.TXT:90,ALBackup 40m 10-130 24042023 @ 1256UTC.TXT:89; Final logs/ALL40m.TXT:89
RX0319,W3,2023-04-20 06:20:45,7.078,-17,0.7,1525,CQ,True,ALBackup 40m 10-130 24042023 @ 1256UTC.TXT:94; Final logs/ALL40m.TXT:94,ALBackup 40m 10-130 24042023 @ 1256UTC.TXT:93; Final logs/ALL40m.TXT:93
RX0320,W3,2023-04-20 06:31:00,7.078,-19,0.8,1525,CQ,True,ALBackup 40m 10-130 24042023 @ 1256UTC.TXT:97; Final logs/ALL40m.TXT:97,ALBackup 40m 10-130 24042023 @ 1256UTC.TXT:96; Final logs/ALL40m.TXT:96
RX0321,W3,2023-04-20 06:41:15,7.078,-17,0.7,1526,CQ,True,ALBackup 40m 10-130 24042023 @ 1256UTC.TXT:100; Final logs/ALL40m.TXT:100,ALBackup 40m 10-130 24042023 @ 1256UTC.TXT:99; Final logs/ALL40m.TXT:99
RX0322,W3,2023-04-20 06:51:30,7.078,-15,0.7,1526,CQ,True,ALBackup 40m 10-130 24042023 @ 1256UTC.TXT:103; Final logs/ALL40m.TXT:103,ALBackup 40m 10-130 24042023 @ 1256UTC.TXT:102; Final logs/ALL40m.TXT:102
RX0323,W3,2023-04-20 07:01:45,7.078,-5,0.8,1526,CQ,True,ALBackup 40m 10-130 24042023 @ 1256UTC.TXT:108; Final logs/ALL40m.TXT:108,ALBackup 40m 10-130 24042023 @ 1256UTC.TXT:107; Final logs/ALL40m.TXT:107
RX0324,W3,2023-04-20 07:12:00,7.078,-14,0.7,1527,CQ,True,ALBackup 40m 10-130 24042023 @ 1256UTC.TXT:114; Final logs/ALL40m.TXT:114,ALBackup 40m 10-130 24042023 @ 1256UTC.TXT:113; Final logs/ALL40m.TXT:113
RX0325,W3,2023-04-20 07:22:15,7.078,-14,0.8,1528,CQ,True,ALBackup 40m 10-130 24042023 @ 1256UTC.TXT:118; Final logs/ALL40m.TXT:118,ALBackup 40m 10-130 24042023 @ 1256UTC.TXT:117; Final logs/ALL40m.TXT:117
RX0326,W3,2023-04-20 07:32:30,7.078,-17,0.8,1528,CQ,True,ALBackup 40m 10-130 24042023 @ 1256UTC.TXT:120; Final logs/ALL40m.TXT:120,ALBackup 40m 10-130 24042023 @ 1256UTC.TXT:119; Final logs/ALL40m.TXT:119
RX0327,W3,2023-04-20 07:42:45,7.078,-10,0.7,1528,CQ,True,ALBackup 40m 10-130 24042023 @ 1256UTC.TXT:123; Final logs/ALL40m.TXT:123,ALBackup 40m 10-130 24042023 @ 1256UTC.TXT:122; Final logs/ALL40m.TXT:122
RX0328,W3,2023-04-20 07:53:00,7.078,-11,0.8,1528,CQ,True,ALBackup 40m 10-130 24042023 @ 1256UTC.TXT:126; Final logs/ALL40m.TXT:126,ALBackup 40m 10-130 24042023 @ 1256UTC.TXT:125; Final logs/ALL40m.TXT:125
RX0329,W3,2023-04-20 08:03:15,7.078,-14,0.7,1528,CQ,True,ALBackup 40m 10-130 24042023 @ 1256UTC.TXT:130; Final logs/ALL40m.TXT:130,ALBackup 40m 10-130 24042023 @ 1256UTC.TXT:129; Final logs/ALL40m.TXT:129
RX0330,W3,2023-04-20 08:13:30,7.078,-14,0.7,1529,CQ,True,ALBackup 40m 10-130 24042023 @ 1256UTC.TXT:135; Final logs/ALL40m.TXT:135,ALBackup 40m 10-130 24042023 @ 1256UTC.TXT:134; Final logs/ALL40m.TXT:134
RX0331,W3,2023-04-20 08:23:45,7.078,-10,0.8,1530,CQ,True,ALBackup 40m 10-130 24042023 @ 1256UTC.TXT:138; Final logs/ALL40m.TXT:138,ALBackup 40m 10-130 24042023 @ 1256UTC.TXT:137; Final logs/ALL40m.TXT:137
RX0332,W3,2023-04-20 08:34:00,7.078,-3,0.7,1530,CQ,True,ALBackup 40m 10-130 24042023 @ 1256UTC.TXT:142; Final logs/ALL40m.TXT:142,ALBackup 40m 10-130 24042023 @ 1256UTC.TXT:141; Final logs/ALL40m.TXT:141
RX0333,W3,2023-04-20 08:44:15,7.078,-12,0.7,1530,CQ,True,ALBackup 40m 10-130 24042023 @ 1256UTC.TXT:145; Final logs/ALL40m.TXT:145,ALBackup 40m 10-130 24042023 @ 1256UTC.TXT:144; Final logs/ALL40m.TXT:144
RX0334,W3,2023-04-20 08:54:30,7.078,-10,0.7,1532,CQ,True,ALBackup 40m 10-130 24042023 @ 1256UTC.TXT:152; Final logs/ALL40m.TXT:152,ALBackup 40m 10-130 24042023 @ 1256UTC.TXT:151; Final logs/ALL40m.TXT:151
RX0335,W3,2023-04-20 09:04:45,7.078,-12,0.7,1534,CQ,True,ALBackup 40m 10-130 24042023 @ 1256UTC.TXT:160; Final logs/ALL40m.TXT:160,ALBackup 40m 10-130 24042023 @ 1256UTC.TXT:159; Final logs/ALL40m.TXT:159
RX0336,W3,2023-04-20 09:15:00,7.078,-15,0.8,1534,CQ,True,ALBackup 40m 10-130 24042023 @ 1256UTC.TXT:182; Final logs/ALL40m.TXT:182,ALBackup 40m 10-130 24042023 @ 1256UTC.TXT:181; Final logs/ALL40m.TXT:181
RX0337,W3,2023-04-20 09:25:15,7.078,-12,0.8,1535,CQ,True,ALBackup 40m 10-130 24042023 @ 1256UTC.TXT:204; Final logs/ALL40m.TXT:204,ALBackup 40m 10-130 24042023 @ 1256UTC.TXT:203; Final logs/ALL40m.TXT:203
RX0338,W3,2023-04-20 09:35:30,7.078,-13,0.7,1533,CQ,True,ALBackup 40m 10-130 24042023 @ 1256UTC.TXT:240; Final logs/ALL40m.TXT:240,ALBackup 40m 10-130 24042023 @ 1256UTC.TXT:239; Final logs/ALL40m.TXT:239
RX0339,W3,2023-04-20 09:45:45,7.078,-18,0.8,1534,CQ,True,ALBackup 40m 10-130 24042023 @ 1256UTC.TXT:272; Final logs/ALL40m.TXT:272,ALBackup 40m 10-130 24042023 @ 1256UTC.TXT:271; Final logs/ALL40m.TXT:271
RX0340,W3,2023-04-20 10:37:00,7.078,-13,0.8,1536,CQ,True,ALBackup 40m 10-130 24042023 @ 1256UTC.TXT:292; Final logs/ALL40m.TXT:292,ALBackup 40m 10-130 24042023 @ 1256UTC.TXT:291; Final logs/ALL40m.TXT:291
RX0341,W3,2023-04-20 10:47:15,7.078,-11,0.7,1537,CQ,True,ALBackup 40m 10-130 24042023 @ 1256UTC.TXT:295; Final logs/ALL40m.TXT:295,ALBackup 40m 10-130 24042023 @ 1256UTC.TXT:294; Final logs/ALL40m.TXT:294
RX0342,W3,2023-04-20 10:57:30,7.078,-12,0.7,1537,CQ,True,ALBackup 40m 10-130 24042023 @ 1256UTC.TXT:297; Final logs/ALL40m.TXT:297,ALBackup 40m 10-130 24042023 @ 1256UTC.TXT:296; Final logs/ALL40m.TXT:296
RX0343,W3,2023-04-20 11:07:45,7.078,-13,0.8,1537,CQ,True,ALBackup 40m 10-130 24042023 @ 1256UTC.TXT:300; Final logs/ALL40m.TXT:300,ALBackup 40m 10-130 24042023 @ 1256UTC.TXT:299; Final logs/ALL40m.TXT:299
RX0344,W3,2023-04-20 11:18:00,7.078,-11,0.7,1535,CQ,True,ALBackup 40m 10-130 24042023 @ 1256UTC.TXT:305; Final logs/ALL40m.TXT:305,ALBackup 40m 10-130 24042023 @ 1256UTC.TXT:304; Final logs/ALL40m.TXT:304
RX0345,W3,2023-04-20 11:28:15,7.078,-12,0.8,1535,CQ,True,ALBackup 40m 10-130 24042023 @ 1256UTC.TXT:310; Final logs/ALL40m.TXT:310,ALBackup 40m 10-130 24042023 @ 1256UTC.TXT:309; Final logs/ALL40m.TXT:309
RX0346,W3,2023-04-20 11:38:45,7.078,-12,0.8,1539,CQ,True,ALBackup 40m 10-130 24042023 @ 1256UTC.TXT:318; Final logs/ALL40m.TXT:318,ALBackup 40m 10-130 24042023 @ 1256UTC.TXT:316; Final logs/ALL40m.TXT:316
RX0347,W3,2023-04-20 11:48:45,7.078,-12,0.7,1540,CQ,True,ALBackup 40m 10-130 24042023 @ 1256UTC.TXT:324; Final logs/ALL40m.TXT:324,ALBackup 40m 10-130 24042023 @ 1256UTC.TXT:323; Final logs/ALL40m.TXT:323
RX0348,W3,2023-04-20 11:59:00,7.078,-12,0.8,1540,CQ,True,ALBackup 40m 10-130 24042023 @ 1256UTC.TXT:334; Final logs/ALL40m.TXT:334,ALBackup 40m 10-130 24042023 @ 1256UTC.TXT:333; Final logs/ALL40m.TXT:333
RX0349,W3,2023-04-20 12:09:15,7.078,-11,0.7,1538,CQ,True,ALBackup 40m 10-130 24042023 @ 1256UTC.TXT:342; Final logs/ALL40m.TXT:342,ALBackup 40m 10-130 24042023 @ 1256UTC.TXT:341; Final logs/ALL40m.TXT:341
RX0350,W3,2023-04-20 12:19:30,7.078,-15,0.7,1539,CQ,True,ALBackup 40m 10-130 24042023 @ 1256UTC.TXT:344; Final logs/ALL40m.TXT:344,ALBackup 40m 10-130 24042023 @ 1256UTC.TXT:341; Final logs/ALL40m.TXT:341
RX0351,W3,2023-04-20 12:40:00,7.078,-11,0.7,1534,CQ,True,ALBackup 40m 10-130 24042023 @ 1256UTC.TXT:352; Final logs/ALL40m.TXT:352,ALBackup 40m 10-130 24042023 @ 1256UTC.TXT:351; Final logs/ALL40m.TXT:351
RX0352,W3,2023-04-20 12:50:15,7.078,-11,0.8,1537,CQ,True,ALBackup 40m 10-130 24042023 @ 1256UTC.TXT:354; Final logs/ALL40m.TXT:354,ALBackup 40m 10-130 24042023 @ 1256UTC.TXT:353; Final logs/ALL40m.TXT:353
RX0353,W3,2023-04-20 13:00:30,7.078,-10,0.8,1536,CQ,True,ALBackup 40m 10-130 24042023 @ 1256UTC.TXT:359; Final logs/ALL40m.TXT:359,ALBackup 40m 10-130 24042023 @ 1256UTC.TXT:358; Final logs/ALL40m.TXT:358
RX0354,W3,2023-04-20 13:10:45,7.078,-11,0.8,1538,CQ,True,ALBackup 40m 10-130 24042023 @ 1256UTC.TXT:366; Final logs/ALL40m.TXT:366,ALBackup 40m 10-130 24042023 @ 1256UTC.TXT:365; Final logs/ALL40m.TXT:365
RX0355,W3,2023-04-20 13:21:00,7.078,-8,0.8,1537,CQ,True,ALBackup 40m 10-130 24042023 @ 1256UTC.TXT:370; Final logs/ALL40m.TXT:370,ALBackup 40m 10-130 24042023 @ 1256UTC.TXT:369; Final logs/ALL40m.TXT:369
RX0356,W3,2023-04-20 13:31:15,7.078,-9,0.7,1538,CQ,True,ALBackup 40m 10-130 24042023 @ 1256UTC.TXT:373; Final logs/ALL40m.TXT:373,ALBackup 40m 10-130 24042023 @ 1256UTC.TXT:372; Final logs/ALL40m.TXT:372
RX0357,W3,2023-04-20 13:41:30,7.078,-7,0.7,1539,CQ,True,ALBackup 40m 10-130 24042023 @ 1256UTC.TXT:375; Final logs/ALL40m.TXT:375,ALBackup 40m 10-130 24042023 @ 1256UTC.TXT:372; Final logs/ALL40m.TXT:372
RX0358,W3,2023-04-20 13:51:45,7.078,-7,0.8,1538,CQ,True,ALBackup 40m 10-130 24042023 @ 1256UTC.TXT:379; Final logs/ALL40m.TXT:379,ALBackup 40m 10-130 24042023 @ 1256UTC.TXT:378; Final logs/ALL40m.TXT:378
RX0359,W3,2023-04-20 14:02:00,7.078,-9,0.7,1539,CQ,True,ALBackup 40m 10-130 24042023 @ 1256UTC.TXT:387; Final logs/ALL40m.TXT:387,ALBackup 40m 10-130 24042023 @ 1256UTC.TXT:386; Final logs/ALL40m.TXT:386
RX0360,W3,2023-04-20 14:12:30,7.078,-12,0.8,1537,CQ,True,ALBackup 40m 10-130 24042023 @ 1256UTC.TXT:393; Final logs/ALL40m.TXT:393,ALBackup 40m 10-130 24042023 @ 1256UTC.TXT:391; Final logs/ALL40m.TXT:391
RX0361,W3,2023-04-20 14:22:30,7.078,2,0.8,1538,CQ,True,ALBackup 40m 10-130 24042023 @ 1256UTC.TXT:396; Final logs/ALL40m.TXT:396,ALBackup 40m 10-130 24042023 @ 1256UTC.TXT:395; Final logs/ALL40m.TXT:395
RX0362,W3,2023-04-20 14:33:00,7.078,-8,0.7,1539,CQ,True,ALBackup 40m 10-130 24042023 @ 1256UTC.TXT:399; Final logs/ALL40m.TXT:399,ALBackup 40m 10-130 24042023 @ 1256UTC.TXT:397; Final logs/ALL40m.TXT:397
RX0363,W3,2023-04-20 14:43:15,7.078,-10,0.8,1540,CQ,True,ALBackup 40m 10-130 24042023 @ 1256UTC.TXT:402; Final logs/ALL40m.TXT:402,ALBackup 40m 10-130 24042023 @ 1256UTC.TXT:400; Final logs/ALL40m.TXT:400
RX0364,W3,2023-04-20 15:03:30,7.078,-7,0.7,1538,CQ,True,ALBackup 40m 10-130 24042023 @ 1256UTC.TXT:406; Final logs/ALL40m.TXT:406,ALBackup 40m 10-130 24042023 @ 1256UTC.TXT:405; Final logs/ALL40m.TXT:405
RX0365,W3,2023-04-20 15:13:45,7.078,-6,0.8,1538,CQ,True,ALBackup 40m 10-130 24042023 @ 1256UTC.TXT:408; Final logs/ALL40m.TXT:408,ALBackup 40m 10-130 24042023 @ 1256UTC.TXT:407; Final logs/ALL40m.TXT:407
RX0366,W3,2023-04-20 15:24:00,7.078,-2,0.7,1537,CQ,True,ALBackup 40m 10-130 24042023 @ 1256UTC.TXT:412; Final logs/ALL40m.TXT:412,ALBackup 40m 10-130 24042023 @ 1256UTC.TXT:411; Final logs/ALL40m.TXT:411
RX0367,W3,2023-04-20 15:34:15,7.078,-4,0.8,1538,CQ,True,ALBackup 40m 10-130 24042023 @ 1256UTC.TXT:417; Final logs/ALL40m.TXT:417,ALBackup 40m 10-130 24042023 @ 1256UTC.TXT:416; Final logs/ALL40m.TXT:416
RX0368,W3,2023-04-20 15:44:30,7.078,1,0.8,1538,CQ,True,ALBackup 40m 10-130 24042023 @ 1256UTC.TXT:423; Final logs/ALL40m.TXT:423,ALBackup 40m 10-130 24042023 @ 1256UTC.TXT:422; Final logs/ALL40m.TXT:422
RX0369,W3,2023-04-20 15:54:45,7.078,-9,0.7,1539,CQ,True,ALBackup 40m 10-130 24042023 @ 1256UTC.TXT:426; Final logs/ALL40m.TXT:426,ALBackup 40m 10-130 24042023 @ 1256UTC.TXT:425; Final logs/ALL40m.TXT:425
RX0370,W3,2023-04-20 16:05:00,7.078,-7,0.8,1540,CQ,True,ALBackup 40m 10-130 24042023 @ 1256UTC.TXT:433; Final logs/ALL40m.TXT:433,ALBackup 40m 10-130 24042023 @ 1256UTC.TXT:432; Final logs/ALL40m.TXT:432
RX0371,W3,2023-04-20 16:15:15,7.078,-9,0.7,1539,CQ,True,ALBackup 40m 10-130 24042023 @ 1256UTC.TXT:439; Final logs/ALL40m.TXT:439,ALBackup 40m 10-130 24042023 @ 1256UTC.TXT:438; Final logs/ALL40m.TXT:438
RX0372,W3,2023-04-20 16:25:30,7.078,0,0.7,1539,CQ,True,ALBackup 40m 10-130 24042023 @ 1256UTC.TXT:444; Final logs/ALL40m.TXT:444,ALBackup 40m 10-130 24042023 @ 1256UTC.TXT:443; Final logs/ALL40m.TXT:443
RX0373,W3,2023-04-20 16:34:00,7.078,-9,0.8,1538,ID_only,True,ALBackup 40m 10-130 24042023 @ 1256UTC.TXT:447; Final logs/ALL40m.TXT:447,ALBackup 40m 10-130 24042023 @ 1256UTC.TXT:446; Final logs/ALL40m.TXT:446
RX0374,W3,2023-04-20 16:44:30,7.078,2,0.7,1537,CQ,True,ALBackup 40m 10-130 24042023 @ 1256UTC.TXT:452; Final logs/ALL40m.TXT:452,ALBackup 40m 10-130 24042023 @ 1256UTC.TXT:451; Final logs/ALL40m.TXT:451
RX0375,W3,2023-04-20 16:55:00,7.078,-8,0.8,1538,CQ,True,ALBackup 40m 10-130 24042023 @ 1256UTC.TXT:453; Final logs/ALL40m.TXT:453,ALBackup 40m 10-130 24042023 @ 1256UTC.TXT:451; Final logs/ALL40m.TXT:451
RX0376,W3,2023-04-20 17:05:00,7.078,-3,0.7,1537,CQ,True,ALBackup 40m 10-130 24042023 @ 1256UTC.TXT:455; Final logs/ALL40m.TXT:455,ALBackup 40m 10-130 24042023 @ 1256UTC.TXT:454; Final logs/ALL40m.TXT:454
RX0377,W3,2023-04-20 17:15:15,7.078,-5,0.7,1538,CQ,True,ALBackup 40m 10-130 24042023 @ 1256UTC.TXT:459; Final logs/ALL40m.TXT:459,ALBackup 40m 10-130 24042023 @ 1256UTC.TXT:458; Final logs/ALL40m.TXT:458
RX0378,W3,2023-04-20 17:25:30,7.078,-13,0.8,1537,CQ,True,ALBackup 40m 10-130 24042023 @ 1256UTC.TXT:465; Final logs/ALL40m.TXT:465,ALBackup 40m 10-130 24042023 @ 1256UTC.TXT:464; Final logs/ALL40m.TXT:464
RX0379,W3,2023-04-20 17:35:45,7.078,-15,0.7,1538,CQ,True,ALBackup 40m 10-130 24042023 @ 1256UTC.TXT:467; Final logs/ALL40m.TXT:467,ALBackup 40m 10-130 24042023 @ 1256UTC.TXT:466; Final logs/ALL40m.TXT:466
RX0380,W3,2023-04-20 21:17:00,7.078,-14,0.7,1542,CQ,True,ALBackup 40m 10-130 24042023 @ 1256UTC.TXT:541; Final logs/ALL40m.TXT:541,ALBackup 40m 10-130 24042023 @ 1256UTC.TXT:540; Final logs/ALL40m.TXT:540
RX0381,W3,2023-04-20 21:27:15,7.078,-7,0.7,1542,CQ,True,ALBackup 40m 10-130 24042023 @ 1256UTC.TXT:547; Final logs/ALL40m.TXT:547,ALBackup 40m 10-130 24042023 @ 1256UTC.TXT:546; Final logs/ALL40m.TXT:546
RX0382,W3,2023-04-20 21:37:30,7.078,-4,0.6,1541,CQ,True,ALBackup 40m 10-130 24042023 @ 1256UTC.TXT:553; Final logs/ALL40m.TXT:553,ALBackup 40m 10-130 24042023 @ 1256UTC.TXT:552; Final logs/ALL40m.TXT:552
RX0383,W3,2023-04-20 21:47:45,7.078,-15,0.7,1540,CQ,True,ALBackup 40m 10-130 24042023 @ 1256UTC.TXT:556; Final logs/ALL40m.TXT:556,ALBackup 40m 10-130 24042023 @ 1256UTC.TXT:555; Final logs/ALL40m.TXT:555
RX0384,W3,2023-04-20 21:58:00,7.078,-6,0.6,1539,CQ,True,ALBackup 40m 10-130 24042023 @ 1256UTC.TXT:559; Final logs/ALL40m.TXT:559,ALBackup 40m 10-130 24042023 @ 1256UTC.TXT:558; Final logs/ALL40m.TXT:558
RX0385,W3,2023-04-20 22:08:15,7.078,-7,0.6,1540,CQ,True,ALBackup 40m 10-130 24042023 @ 1256UTC.TXT:562; Final logs/ALL40m.TXT:562,ALBackup 40m 10-130 24042023 @ 1256UTC.TXT:561; Final logs/ALL40m.TXT:561
RX0386,W3,2023-04-20 22:18:30,7.078,-6,0.7,1539,CQ,True,ALBackup 40m 10-130 24042023 @ 1256UTC.TXT:567; Final logs/ALL40m.TXT:567,ALBackup 40m 10-130 24042023 @ 1256UTC.TXT:566; Final logs/ALL40m.TXT:566
RX0387,W3,2023-04-20 22:28:45,7.078,-16,0.6,1538,CQ,True,ALBackup 40m 10-130 24042023 @ 1256UTC.TXT:569; Final logs/ALL40m.TXT:569,ALBackup 40m 10-130 24042023 @ 1256UTC.TXT:568; Final logs/ALL40m.TXT:568
RX0388,W3,2023-04-20 22:39:00,7.078,-10,0.7,1538,CQ,True,ALBackup 40m 10-130 24042023 @ 1256UTC.TXT:572; Final logs/ALL40m.TXT:572,ALBackup 40m 10-130 24042023 @ 1256UTC.TXT:571; Final logs/ALL40m.TXT:571
RX0389,W3,2023-04-20 22:49:15,7.078,-3,0.7,1537,CQ,True,ALBackup 40m 10-130 24042023 @ 1256UTC.TXT:574; Final logs/ALL40m.TXT:574,ALBackup 40m 10-130 24042023 @ 1256UTC.TXT:573; Final logs/ALL40m.TXT:573
RX0390,W3,2023-04-20 22:59:30,7.078,-2,0.6,1536,CQ,True,ALBackup 40m 10-130 24042023 @ 1256UTC.TXT:577; Final logs/ALL40m.TXT:577,ALBackup 40m 10-130 24042023 @ 1256UTC.TXT:576; Final logs/ALL40m.TXT:576
RX0391,W3,2023-04-20 23:09:45,7.078,-8,0.7,1535,CQ,True,ALBackup 40m 10-130 24042023 @ 1256UTC.TXT:581; Final logs/ALL40m.TXT:581,ALBackup 40m 10-130 24042023 @ 1256UTC.TXT:580; Final logs/ALL40m.TXT:580
RX0392,W3,2023-04-20 23:20:00,7.078,0,0.6,1534,CQ,True,ALBackup 40m 10-130 24042023 @ 1256UTC.TXT:585; Final logs/ALL40m.TXT:585,ALBackup 40m 10-130 24042023 @ 1256UTC.TXT:584; Final logs/ALL40m.TXT:584
RX0393,W3,2023-04-20 23:30:15,7.078,-7,0.6,1534,CQ,True,ALBackup 40m 10-130 24042023 @ 1256UTC.TXT:588; Final logs/ALL40m.TXT:588,ALBackup 40m 10-130 24042023 @ 1256UTC.TXT:587; Final logs/ALL40m.TXT:587
RX0394,W3,2023-04-20 23:40:30,7.078,1,0.7,1535,CQ,True,ALBackup 40m 10-130 24042023 @ 1256UTC.TXT:591; Final logs/ALL40m.TXT:591,ALBackup 40m 10-130 24042023 @ 1256UTC.TXT:587; Final logs/ALL40m.TXT:587
RX0395,W3,2023-04-20 23:50:45,7.078,-8,0.6,1535,CQ,True,ALBackup 40m 10-130 24042023 @ 1256UTC.TXT:595; Final logs/ALL40m.TXT:595,ALBackup 40m 10-130 24042023 @ 1256UTC.TXT:594; Final logs/ALL40m.TXT:594
RX0396,W3,2023-04-21 00:01:00,7.078,-14,0.6,1535,CQ,True,ALBackup 40m 10-130 24042023 @ 1256UTC.TXT:599; Final logs/ALL40m.TXT:599,ALBackup 40m 10-130 24042023 @ 1256UTC.TXT:598; Final logs/ALL40m.TXT:598
RX0397,W3,2023-04-21 00:07:00,7.078,-12,0.5,1535,ID_only,True,ALBackup 40m 10-130 24042023 @ 1256UTC.TXT:602; Final logs/ALL40m.TXT:602,ALBackup 40m 10-130 24042023 @ 1256UTC.TXT:601; Final logs/ALL40m.TXT:601
RX0398,W3,2023-04-21 00:17:30,7.078,-7,0.6,1533,CQ,True,ALBackup 40m 10-130 24042023 @ 1256UTC.TXT:612; Final logs/ALL40m.TXT:612,ALBackup 40m 10-130 24042023 @ 1256UTC.TXT:611; Final logs/ALL40m.TXT:611
