id,file,source_document,source_embedded_path,report_context,associated_date,caption,sha256
P01,P01_equipment.jpeg,DGFC Trials Results -v1.docx,word/media/image2.jpeg,Trial Settings; block 12,,"Deployment-equipment photograph: computer, radio/battery case and antenna materials.",3b9684c7e3fcea582e692a7fa95e5dddb65cee8ea0f40b562ee34eb21c3e1075
P02,P02_blue_trail_node.jpeg,DGFC Trials Results -v1.docx,word/media/image9.jpeg,Day 2; block 29,2023-04-17,"Remote equipment at the base of a tree, associated with the report’s 17 April 5.357 MHz deployment.",38c6cc242a468203a286e19fc40fcdbb801cc9714b820e4d9d3a8969b8c913ce
P03,P03_base_canopy.jpeg,DGFC Trials Results -v1.docx,word/media/image14.jpeg,Base Station Location; block 42,,Vegetation above the base-station antenna area.,5ac073fd26d1433bf3f6e8cfc824f2bd5a080eaede141dae0dcd5f3c57482f53
P04,P04_base_antenna_setting.jpeg,DGFC Trials Results -v1.docx,word/media/image15.jpeg,Base Station Location; block 42,,Second view of canopy and antenna installation context.,f33b0e18c6a5af680d10f30452599d3bbfb99c33e9e253123a1bc151404f90b3
P05,P05_ridge1_equipment.jpeg,DGFC Trials Results -v1.docx,word/media/image20.jpeg,Day 3; block 47,2023-04-18,"Equipment beneath canopy, associated with the Ridge 1 section of the 18 April report.",a4e77987d9c64d221a05f4411bac6442c0f335712410b7fd9fd5cca986352950
P06,P06_ridge2_setting.png,DGFC Trials Results -v1.docx,word/media/image22.png,Day 3; block 55,2023-04-18,Installation setting paired with the 18 April Ridge 2 7.078 MHz entry.,a8a544680fb7fb95c327317b134afc93d99162c2a43a514300b7fb7974c7da2e
P07,P07_ridge2_canopy.jpeg,DGFC Trials Results -v1.docx,word/media/image25.jpeg,Day 3; block 56,2023-04-18,"Annotated canopy photograph from the report. Its original length annotation is documentary, not a new calibrated measurement.",40ba0d58df59be84f5eeea4487212f574b36f39ff0a2d2dadf1b2c186389d3b4
P08,P08_river_access.jpeg,DGFC Trials Results -v1.docx,word/media/image27.jpeg,Day 5; block 71,2023-04-20,River-bank vegetation shown in the 20 April battery-change section.,1203973f111e8746ac8a5e85581d12b4dca1433f16d556cae700f819b6d44f32
P09,P09_base_retuning_setting.jpeg,DGFC Trials Results -v1.docx,word/media/image31.jpeg,Day 7; block 97,2023-04-22,Canopy/antenna setting associated with the 22 April base-antenna modification.,5407f3bfa79d1b8e66fd279d3e1d44bbc838305250453903492042dc4258d2c9
P10,P10_field_antenna_check.jpeg,DGFC Trials Results -v1.docx,word/media/image35.jpeg,Day 8; block 103,2023-04-23,Laptop and antenna-measurement equipment during the 23 April ridge retuning work.,1df0111cf336ebd70ad39b6d5bd2bfaf9b61309ae1903e7c0a3ad6f6f1bc6f47
P11,P11_ridge_equipment.jpeg,DGFC Trials Results -v1.docx,word/media/image40.jpeg,Day 9; block 109,2023-04-24,Field equipment photograph in the 24 April battery-change section.,388afb6a5355664f7edfc637b7b977f5ae720f3e381b401fc1427b961b4a35a3
P12,P12_additional_canopy.jpeg,DGFC Trials Results -v1.docx,word/media/image44.jpeg,Closing material; block 131,,Canopy photograph in the report’s closing third-location material; no precise capture date assigned.,defe0d65c8ad3a404aadabf029e79cb82306233ae61521c9f3c6495fd57cce67
