April_day,foF2_MHz
15.0,11.575
15.010416666666666,11.5
15.020833333333334,11.3
15.03125,10.65
15.041666666666666,10.5
15.052083333333334,10.475
15.0625,10.475
15.072916666666666,10.4
15.083333333333334,10.525
15.09375,10.7
15.104166666666666,10.75
15.114583333333334,10.575
15.125,10.65
15.135416666666666,10.75
15.145833333333334,10.4
15.15625,10.5
15.166666666666666,10.675
15.177083333333334,11.025
15.1875,10.8
15.197916666666666,11
15.208333333333334,11
15.21875,10.9
15.229166666666666,11.25
15.239583333333334,11.275
15.25,11.5
15.260416666666666,11.275
15.270833333333334,11.625
15.28125,11.175
15.291666666666666,11.175
15.302083333333334,11.688
15.3125,11.6
15.322916666666666,11.513
15.333333333333334,11.5
15.34375,11.475
15.354166666666666,11.4
15.364583333333334,11.35
15.375,11.075
15.385416666666666,11.175
15.395833333333334,9.3
15.40625,8.8
15.416666666666666,7.85
15.427083333333334,10.7
15.4375,10.5
15.447916666666666,11.4
15.458333333333334,11.05
15.46875,11.1
15.479166666666666,11.05
15.489583333333334,10.75
15.5,11.5
15.510416666666666,8.025
15.520833333333334,12.925
15.53125,9.1
15.541666666666666,11.1
15.552083333333334,11.375
15.5625,11.975
15.572916666666666,11.4
15.583333333333334,11.625
15.59375,11.675
15.604166666666666,11.55
15.614583333333334,11.675
15.625,11.975
15.635416666666666,11.975
15.645833333333334,11.975
15.65625,11.6
15.666666666666666,11.425
15.677083333333334,10.725
15.6875,9.55
15.697916666666666,9.325
15.708333333333334,9.275
15.71875,8.775
15.729166666666666,8.675
15.739583333333334,8.525
15.75,8.25
15.760416666666666,8.075
15.770833333333334,7.9
15.78125,7.775
15.791666666666666,7.425
15.802083333333334,7
15.8125,5.475
15.822916666666666,5.325
15.833333333333334,5.325
15.84375,7.55
15.854166666666666,8
15.864583333333334,8.55
15.875,9.063
15.885416666666666,9.413
15.895833333333334,10.075
15.90625,10.675
15.916666666666666,11.075
15.927083333333334,11.4
15.9375,11.4
15.947916666666666,11.05
15.958333333333334,11.525
15.96875,11.425
15.979166666666666,11.1
15.989583333333334,10.95
16.0,10.675
16.010416666666668,10.65
16.020833333333332,10.55
16.03125,10.725
16.041666666666668,10.55
16.052083333333332,10.675
16.0625,10.225
16.072916666666668,10.6
16.083333333333332,10.55
16.09375,10.775
16.104166666666668,10.9
16.114583333333332,10.775
16.125,10.95
16.135416666666668,10.325
16.145833333333332,10.375
16.15625,10.775
16.166666666666668,10.2
16.177083333333332,11.2
16.1875,10.825
16.197916666666668,11.075
16.208333333333332,10.775
16.21875,11.425
16.229166666666668,11.25
16.239583333333332,11.4
16.25,11.075
16.260416666666668,11
16.270833333333332,11.5
16.28125,11.5
16.291666666666668,11.45
16.302083333333332,11.925
16.3125,11.25
16.322916666666668,10.975
16.333333333333332,11.413
16.34375,11.3
16.354166666666668,11
16.364583333333332,11.2
16.375,10.525
16.385416666666668,9.875
16.395833333333332,11.225
16.40625,10.475
16.416666666666668,10.475
16.427083333333332,7.95
16.4375,8.55
16.447916666666668,7.725
16.458333333333332,8.6
16.46875,4.675
16.479166666666668,4.725
16.489583333333332,3.4
16.5,3.675
16.510416666666668,3.85
16.520833333333332,3.55
16.53125,8
16.541666666666668,8
16.552083333333332,3.125
16.5625,4.225
16.572916666666668,4.2
16.583333333333332,3.1
16.59375,3.1
16.604166666666668,9.275
16.614583333333332,8.55
16.625,10.925
16.635416666666668,11.075
16.645833333333332,8.3
16.65625,8.35
16.666666666666668,8.225
16.677083333333332,5.925
16.6875,6.8
16.697916666666668,7.175
16.708333333333332,7.225
16.71875,7.15
16.729166666666668,6.8
16.739583333333332,6.775
16.75,6.55
16.760416666666668,6.55
16.770833333333332,6.45
16.78125,6.175
16.791666666666668,5.775
16.802083333333332,5.575
16.8125,5.6
16.822916666666668,5.275
16.833333333333332,5.875
16.84375,7.15
16.854166666666668,8.075
16.864583333333332,8.9
16.875,9.363
16.885416666666668,10.25
16.895833333333332,10.85
16.90625,11.25
16.916666666666668,11.625
16.927083333333332,12.15
16.9375,11.725
16.947916666666668,12.325
16.958333333333332,11.075
16.96875,12.125
16.979166666666668,11.775
16.989583333333332,12.2
17.0,11
17.010416666666668,12.425
17.020833333333332,10.925
17.03125,10.275
17.041666666666668,10.875
17.052083333333332,10.65
17.0625,10.625
17.072916666666668,10.475
17.083333333333332,10.55
17.09375,10.5
17.104166666666668,10.775
17.114583333333332,10.8
17.125,11.5
17.135416666666668,11.475
17.145833333333332,11.975
17.15625,11.775
17.166666666666668,11.725
17.177083333333332,11.95
17.1875,11.35
17.197916666666668,12
17.208333333333332,12.55
17.21875,12.45
17.229166666666668,13.875
17.239583333333332,10.25
17.25,14.725
17.260416666666668,14.725
17.270833333333332,15.2
17.28125,15.35
17.291666666666668,15.4
17.302083333333332,14.363
17.3125,14.5
17.322916666666668,14.425
17.333333333333332,14.475
17.34375,15
17.354166666666668,13
17.364583333333332,10.8
17.375,10.025
17.385416666666668,8.7
17.395833333333332,7.35
17.40625,5.225
17.416666666666668,11.575
17.427083333333332,8.05
17.4375,7.45
17.447916666666668,8.25
17.458333333333332,7.825
17.46875,5.075
17.479166666666668,2.25
17.489583333333332,2.25
17.5,2.825
17.510416666666668,2.25
17.520833333333332,2.65
17.53125,2.65
17.541666666666668,4.2
17.552083333333332,4.2
17.5625,7.15
17.572916666666668,7.8
17.583333333333332,8.85
17.59375,10.575
17.604166666666668,8.75
17.614583333333332,4.75
17.625,7.8
17.635416666666668,11.65
17.645833333333332,11.675
17.65625,11.35
17.666666666666668,9.3
17.677083333333332,9.45
17.6875,9.1
17.697916666666668,8.55
17.708333333333332,8.65
17.71875,8.175
17.729166666666668,8.3
17.739583333333332,8.1
17.75,8.15
17.760416666666668,8.1
17.770833333333332,7.9
17.78125,7.6
17.791666666666668,7.6
17.802083333333332,7.275
17.8125,7.275
17.822916666666668,7.35
17.833333333333332,7.55
17.84375,7.875
17.854166666666668,8.225
17.864583333333332,8.55
17.875,9.125
17.885416666666668,9.463
17.895833333333332,10.025
17.90625,10.5
17.916666666666668,10.675
17.927083333333332,11.1
17.9375,11.413
17.947916666666668,11.425
17.958333333333332,11.325
17.96875,11.225
17.979166666666668,11.3
17.989583333333332,10.2
18.0,11.225
18.010416666666668,10.5
18.020833333333332,11.675
18.03125,11.2
18.041666666666668,11.163
18.052083333333332,11.35
18.0625,10.175
18.072916666666668,11.3
18.083333333333332,11.1
18.09375,11.225
18.104166666666668,11.2
18.114583333333332,11.65
18.125,11.7
18.135416666666668,11.3
18.145833333333332,11.4
18.15625,11.575
18.166666666666668,10.05
18.177083333333332,10.7
18.1875,11.75
18.197916666666668,12.025
18.208333333333332,12.275
18.21875,13.2
18.229166666666668,13.4
18.239583333333332,12.15
18.25,13.825
18.260416666666668,13.975
18.270833333333332,14.075
18.28125,14.363
18.291666666666668,14.725
18.302083333333332,14.725
18.3125,15
18.322916666666668,14.538
18.333333333333332,7.875
18.34375,13.3
18.354166666666668,9.5
18.364583333333332,12.425
18.375,10.95
18.385416666666668,11.35
18.395833333333332,8.3
18.40625,7.8
18.416666666666668,5.625
18.427083333333332,2.8
18.4375,2.525
18.447916666666668,8.075
18.458333333333332,2.4
18.46875,3.325
18.479166666666668,3.05
18.489583333333332,3.05
18.5,3.05
18.510416666666668,2.2
18.520833333333332,2.75
18.53125,2.425
18.541666666666668,7.8
18.552083333333332,2.65
18.5625,2.8
18.572916666666668,8.475
18.583333333333332,8.475
18.59375,5.25
18.604166666666668,9.125
18.614583333333332,5.225
18.625,8.725
18.635416666666668,10.575
18.645833333333332,10.95
18.65625,11.725
18.666666666666668,10.8
18.677083333333332,9.025
18.6875,7.925
18.697916666666668,8.8
18.708333333333332,5.45
18.71875,8.2
18.729166666666668,5.725
18.739583333333332,7.7
18.75,7.325
18.760416666666668,7.125
18.770833333333332,6.975
18.78125,6.975
18.791666666666668,6.975
18.802083333333332,3.225
18.8125,3.5
18.822916666666668,3.6
18.833333333333332,6.85
18.84375,6.625
18.854166666666668,6.925
18.864583333333332,7.975
18.875,7.95
18.885416666666668,9.263
18.895833333333332,9.425
18.90625,9.45
18.916666666666668,10.888
18.927083333333332,10.5
18.9375,11.325
18.947916666666668,11.125
18.958333333333332,10.95
18.96875,11.7
18.979166666666668,9.825
18.989583333333332,11.525
19.0,11.925
19.010416666666668,12.1
19.020833333333332,10.95
19.03125,11.125
19.041666666666668,10.4
19.052083333333332,10.775
19.0625,10.65
19.072916666666668,11.088
19.083333333333332,10.975
19.09375,10.975
19.104166666666668,10.975
19.114583333333332,10.95
19.125,11.15
19.135416666666668,10.8
19.145833333333332,11.2
19.15625,11.175
19.166666666666668,11.325
19.177083333333332,11.15
19.1875,11.225
19.197916666666668,11.65
19.208333333333332,11.75
19.21875,11.95
19.229166666666668,12.35
19.239583333333332,12.5
19.25,12.3
19.260416666666668,13.025
19.270833333333332,12.338
19.28125,13
19.291666666666668,13.538
19.302083333333332,13.775
19.3125,13.438
19.322916666666668,13.838
19.333333333333332,13.388
19.34375,13.2
19.354166666666668,13.3
19.364583333333332,12.35
19.375,12.275
19.385416666666668,11.325
19.395833333333332,11.45
19.40625,5.65
19.416666666666668,7.625
19.427083333333332,7.625
19.4375,7.625
19.447916666666668,2.425
19.458333333333332,2.7
19.46875,2.7
19.479166666666668,2.7
19.489583333333332,2.45
19.5,2.5
19.510416666666668,2.825
19.520833333333332,3.55
19.53125,3.55
19.541666666666668,3.45
19.552083333333332,2.4
19.5625,2.975
19.572916666666668,2.975
19.583333333333332,3.175
19.59375,5.25
19.604166666666668,5.25
19.614583333333332,3.725
19.625,7.9
19.635416666666668,5.25
19.645833333333332,3.2
19.65625,3.2
19.666666666666668,3.2
19.677083333333332,6.875
19.6875,3.2
19.697916666666668,7.75
19.708333333333332,7.95
19.71875,8.125
19.729166666666668,7.175
19.739583333333332,4.25
19.75,6.525
19.760416666666668,5.675
19.770833333333332,9.375
19.78125,9.15
19.791666666666668,9.225
19.802083333333332,9.025
19.8125,9.275
19.822916666666668,5.125
19.833333333333332,5.426
19.84375,9.3
19.854166666666668,9.25
19.864583333333332,7.6
19.875,9.525
19.885416666666668,11.5
19.895833333333332,11.7
19.90625,11.275
19.916666666666668,11.95
19.927083333333332,12.175
19.9375,11.95
19.947916666666668,11.675
19.958333333333332,11.725
19.96875,11.9
19.979166666666668,11.5
19.989583333333332,11.25
20.0,11.825
20.010416666666668,11.725
20.020833333333332,10.5
20.03125,12.4
20.041666666666668,9.775
20.052083333333332,12.95
20.0625,12.05
20.072916666666668,10.325
20.083333333333332,11.525
20.09375,12
20.104166666666668,11.35
20.114583333333332,11.35
20.125,11.775
20.135416666666668,11.7
20.145833333333332,11.6
20.15625,11.65
20.166666666666668,11.425
20.177083333333332,10.625
20.1875,12.675
20.197916666666668,11.875
20.208333333333332,11.925
20.21875,12.65
20.229166666666668,12.75
20.239583333333332,12.45
20.25,12.6
20.260416666666668,13.075
20.270833333333332,12.475
20.28125,13.15
20.291666666666668,12.838
20.302083333333332,13.75
20.3125,11.588
20.322916666666668,11.713
20.333333333333332,11.713
20.34375,12.2
20.354166666666668,10.925
20.364583333333332,11.375
20.375,10.975
20.385416666666668,10.95
20.395833333333332,11.1
20.40625,10.15
20.416666666666668,10.75
20.427083333333332,9.25
20.4375,7.875
20.447916666666668,7.2
20.458333333333332,2.775
20.46875,2.75
20.479166666666668,2.725
20.489583333333332,3.125
20.5,2.75
20.510416666666668,3.025
20.520833333333332,4.05
20.53125,2.7
20.541666666666668,4.575
20.552083333333332,3.8
20.5625,4.8
20.572916666666668,8.775
20.583333333333332,8.8
20.59375,11.275
20.604166666666668,11.35
20.614583333333332,11.35
20.625,11.125
20.635416666666668,11.35
20.645833333333332,11.35
20.65625,10.675
20.666666666666668,8.8
20.677083333333332,6.825
20.6875,8.375
20.697916666666668,9.175
20.708333333333332,8.45
20.71875,9.125
20.729166666666668,8.725
20.739583333333332,8.225
20.75,8.025
20.760416666666668,7.95
20.770833333333332,8.1
20.78125,7.825
20.791666666666668,7.15
20.802083333333332,6.55
20.8125,5.925
20.822916666666668,5.15
20.833333333333332,5.675
20.84375,6.375
20.854166666666668,7.25
20.864583333333332,7.788
20.875,8.225
20.885416666666668,8.538
20.895833333333332,8.975
20.90625,9.275
20.916666666666668,9.55
20.927083333333332,9.975
20.9375,10.175
20.947916666666668,10.425
20.958333333333332,10.475
20.96875,10.65
20.979166666666668,10.838
20.989583333333332,10.525
21.0,10.625
21.010416666666668,10.15
21.020833333333332,10.2
21.03125,10.325
21.041666666666668,10.075
21.052083333333332,9.95
21.0625,9.725
21.072916666666668,9.825
21.083333333333332,10.1
21.09375,10.075
21.104166666666668,10.175
21.114583333333332,10.4
21.125,10.5
21.135416666666668,10.575
21.145833333333332,10.7
21.15625,10.725
21.166666666666668,10.95
21.177083333333332,11.25
21.1875,11.35
21.197916666666668,11.375
21.208333333333332,11.15
21.21875,11.45
21.229166666666668,11.75
21.239583333333332,11.825
21.25,11.85
21.260416666666668,12.375
21.270833333333332,12.95
21.28125,12.925
21.291666666666668,13.4
21.302083333333332,13.275
21.3125,12.375
21.322916666666668,10.025
21.333333333333332,12.3
21.34375,12
21.354166666666668,12.175
21.364583333333332,11.4
21.375,11.375
21.385416666666668,11.475
21.395833333333332,10.825
21.40625,10.95
21.416666666666668,11.275
21.427083333333332,11.4
21.4375,11.325
21.447916666666668,11.4
21.458333333333332,8.125
21.46875,11.425
21.479166666666668,11.15
21.489583333333332,10.8
21.5,11.425
21.510416666666668,11.325
21.520833333333332,11.15
21.53125,11.45
21.541666666666668,11.475
21.552083333333332,11.125
21.5625,11.975
21.572916666666668,11.7
21.583333333333332,11.275
21.59375,11.625
21.604166666666668,11.7
21.614583333333332,11.775
21.625,11.975
21.635416666666668,11.675
21.645833333333332,11.975
21.65625,11.45
21.666666666666668,8.05
21.677083333333332,7.3
21.6875,6.575
21.697916666666668,5.575
21.708333333333332,5.85
21.71875,5.95
21.729166666666668,5.775
21.739583333333332,6.3
21.75,6.475
21.760416666666668,6.525
21.770833333333332,6.45
21.78125,6.275
21.791666666666668,6.4
21.802083333333332,5.775
21.8125,6.7
21.822916666666668,7.225
21.833333333333332,7.8
21.84375,7.925
21.854166666666668,8.025
21.864583333333332,8.15
21.875,8.7
21.885416666666668,8.425
21.895833333333332,8.45
21.90625,8.75
21.916666666666668,9.113
21.927083333333332,9.7
21.9375,10.2
21.947916666666668,10.325
21.958333333333332,10.625
21.96875,11.2
21.979166666666668,11.425
21.989583333333332,11.75
22.0,11.3
22.010416666666668,11.35
22.020833333333332,11.35
22.03125,11.35
22.041666666666668,11.3
22.052083333333332,11.55
22.0625,11.275
22.072916666666668,10.025
22.083333333333332,11.45
22.09375,11.375
22.104166666666668,11.525
22.114583333333332,10.975
22.125,12.275
22.135416666666668,11.775
22.145833333333332,12.05
22.15625,12.9
22.166666666666668,12.35
22.177083333333332,12
22.1875,11.975
22.197916666666668,11.75
22.208333333333332,13.05
22.21875,13.95
22.229166666666668,11.4
22.239583333333332,10.85
22.25,14.225
22.260416666666668,14.225
22.270833333333332,14.275
22.28125,14.15
22.291666666666668,13.75
22.302083333333332,14.225
22.3125,9.4
22.322916666666668,12.875
22.333333333333332,13.2
22.34375,12.7
22.354166666666668,12.25
22.364583333333332,10.9
22.375,11.45
22.385416666666668,10.925
22.395833333333332,10.925
22.40625,11.3
22.416666666666668,7.875
22.427083333333332,9.7
22.4375,9.325
22.447916666666668,10.725
22.458333333333332,11.3
22.46875,11.3
22.479166666666668,8.725
22.489583333333332,10.45
22.5,11.5
22.510416666666668,10.7
22.520833333333332,8.25
22.53125,8.35
22.541666666666668,8.175
22.552083333333332,3.225
22.5625,9.375
22.572916666666668,11.325
22.583333333333332,10.9
22.59375,10.85
22.604166666666668,11.25
22.614583333333332,11.175
22.625,11.25
22.635416666666668,11.275
22.645833333333332,11.175
22.65625,10.875
22.666666666666668,10.675
22.677083333333332,10.225
22.6875,9.35
22.697916666666668,9.325
22.708333333333332,9.025
22.71875,8.275
22.729166666666668,7.65
22.739583333333332,6.775
22.75,6.925
22.760416666666668,6.725
22.770833333333332,6.325
22.78125,5.7
22.791666666666668,5.7
22.802083333333332,4.325
22.8125,4.95
22.822916666666668,4.725
22.833333333333332,5.425
22.84375,5.75
22.854166666666668,6.95
22.864583333333332,7.55
22.875,8
22.885416666666668,8.525
22.895833333333332,9.025
22.90625,9.275
22.916666666666668,9.55
22.927083333333332,9.825
22.9375,10.1
22.947916666666668,10.188
22.958333333333332,10.35
22.96875,9.975
22.979166666666668,10.275
22.989583333333332,10.275
23.0,10.125
23.010416666666664,9.775
23.020833333333336,10
23.03125,10.325
23.041666666666664,10.275
23.052083333333336,10.675
23.0625,10.813
23.072916666666664,10.725
23.083333333333336,10.8
23.09375,11.3
23.104166666666664,10.825
23.114583333333336,11.125
23.125,11.45
23.135416666666664,11.45
23.145833333333336,11.1
23.15625,12.35
23.166666666666664,10.675
23.177083333333336,11.925
23.1875,13.55
23.197916666666664,12.875
23.208333333333336,12.275
23.21875,12.35
23.229166666666664,12.75
23.239583333333336,13.325
23.25,14.6
23.260416666666664,15.05
23.270833333333336,15.1
23.28125,15.55
23.291666666666664,15.425
23.302083333333336,5.175
23.3125,14.55
23.322916666666664,13.825
23.333333333333336,13.1
23.34375,13.175
23.354166666666664,12.95
23.364583333333336,12.95
23.375,12.625
23.385416666666664,10.3
23.395833333333336,8.1
23.40625,7.35
23.416666666666664,5.6
23.427083333333336,2.9
23.4375,2.9
23.447916666666664,2.3
23.458333333333336,2.375
23.46875,2.425
23.479166666666664,2.875
23.489583333333336,2.55
23.5,2.575
23.510416666666664,2.275
23.520833333333336,2.55
23.53125,2.375
23.541666666666664,2.725
23.552083333333336,2.075
23.5625,2.8
23.572916666666664,4.25
23.583333333333336,3.775
23.59375,3.775
23.604166666666664,10.775
23.614583333333336,8.825
23.625,11.1
23.635416666666664,8.825
23.645833333333336,9.275
23.65625,9.2
23.666666666666664,8.825
23.677083333333336,4.675
23.6875,5.425
23.697916666666664,7.65
23.708333333333336,7.65
23.71875,5.7
23.729166666666664,3.375
23.739583333333336,11.3
23.75,9.125
23.760416666666664,7.825
23.770833333333336,7.9
23.78125,7.925
23.791666666666664,5.375
23.802083333333336,4.35
23.8125,4.35
23.822916666666664,4.35
23.833333333333336,4.35
23.84375,5.675
23.854166666666664,6.2
23.864583333333336,7.088
23.875,7.75
23.885416666666664,8.525
23.895833333333336,8.6
23.90625,9.45
23.916666666666664,9.325
23.927083333333336,9.6
23.9375,9.425
23.947916666666664,8.825
23.958333333333336,9.325
23.96875,10.4
23.979166666666664,10.988
23.989583333333336,10.825
24.0,10.725
24.010416666666664,11.175
24.020833333333336,12.1
24.03125,12.9
24.041666666666664,13.325
24.052083333333336,13.3
24.0625,11.725
24.072916666666664,12.175
24.083333333333336,12.1
24.09375,11.375
24.104166666666664,10.025
24.114583333333336,9.125
24.125,10.075
24.135416666666664,10.9
24.145833333333336,10.725
24.15625,10.85
24.166666666666664,11.175
24.177083333333336,11.35
24.1875,11.4
24.197916666666664,11.325
24.208333333333336,11.7
24.21875,12.325
24.229166666666664,12.875
24.239583333333336,12.263
24.25,13.2
24.260416666666664,13.125
24.270833333333336,12.425
24.28125,13.55
24.291666666666664,14.075
24.302083333333336,14.225
24.3125,14.075
24.322916666666664,14.175
24.333333333333336,14.05
24.34375,9.025
24.354166666666664,11.975
24.364583333333336,13.25
24.375,12.7
24.385416666666664,13.15
24.395833333333336,10.95
24.40625,11.5
24.416666666666664,11.475
24.427083333333336,11.275
24.4375,11.35
24.447916666666664,11.15
24.458333333333336,11.375
24.46875,11.075
24.479166666666664,8.975
24.489583333333336,9.225
24.5,9.25
24.510416666666664,9.25
24.520833333333336,9.025
24.53125,8.325
24.541666666666664,8.05
24.552083333333336,7.475
24.5625,8
24.572916666666664,7.925
24.583333333333336,7.7
24.59375,7.125
24.604166666666664,6.625
24.614583333333336,5.8
24.625,6.525
24.635416666666664,6.625
24.645833333333336,5.275
24.65625,7.625
24.666666666666664,7.825
24.677083333333336,8.15
24.6875,8.15
24.697916666666664,7.825
24.708333333333336,7.3
24.71875,6.9
24.729166666666664,6.85
24.739583333333336,6.85
24.75,6.8
24.760416666666664,6.875
24.770833333333336,6.95
24.78125,6.6
24.791666666666664,5.675
24.802083333333336,6.325
24.8125,5.9
24.822916666666664,5.85
24.833333333333336,6
24.84375,6.975
24.854166666666664,7.625
24.864583333333336,8.3
24.875,9
24.885416666666664,9.7
24.895833333333336,10.375
24.90625,11.025
24.916666666666664,11.55
24.927083333333336,11.775
24.9375,12.075
24.947916666666664,12.35
24.958333333333336,11.925
24.96875,11.375
24.979166666666664,11.975
24.989583333333336,12.425
25.0,11.55
25.010416666666664,11.55
25.020833333333336,11.6
25.03125,11.225
25.041666666666664,11.825
25.052083333333336,12.025
25.0625,11.875
25.072916666666664,11.4
25.083333333333336,11.475
25.09375,12.25
25.104166666666664,11.975
25.114583333333336,11.975
25.125,11.013
25.135416666666664,11.375
25.145833333333336,11.575
25.15625,11
25.166666666666664,11.225
25.177083333333336,11.275
25.1875,11.25
25.197916666666664,11.225
25.208333333333336,11.15
25.21875,10.9
25.229166666666664,11.45
25.239583333333336,10.825
25.25,11.25
25.260416666666664,11.675
25.270833333333336,11.05
25.28125,11.775
25.291666666666664,11.525
25.302083333333336,11.85
25.3125,11.425
25.322916666666664,11.85
25.333333333333336,11.825
25.34375,11.65
25.354166666666664,10.925
25.364583333333336,11
25.375,9.375
25.385416666666664,9.25
25.395833333333336,8.575
25.40625,7.6
25.416666666666664,6.825
25.427083333333336,7.65
25.4375,3.6
25.447916666666664,2.825
25.458333333333336,4.625
25.46875,3.275
25.479166666666664,2.575
25.489583333333336,2.85
25.5,3.3
25.510416666666664,3.3
25.520833333333336,3.275
25.53125,2.825
25.541666666666664,7.975
25.552083333333336,8.725
25.5625,9.2
25.572916666666664,10.9
25.583333333333336,9.225
25.59375,10.9
25.604166666666664,11.1
25.614583333333336,11.1
25.625,11.175
25.635416666666664,11.175
25.645833333333336,5.2
25.65625,11.525
25.666666666666664,5.55
25.677083333333336,11.45
25.6875,5.725
25.697916666666664,7.5
25.708333333333336,5.15
25.71875,8.35
25.729166666666664,9.275
25.739583333333336,10.9
25.75,11.125
25.760416666666664,10.925
25.770833333333336,10.05
25.78125,9.45
25.791666666666664,9
25.802083333333336,8.325
25.8125,7.95
25.822916666666664,7.375
25.833333333333336,7.675
25.84375,7.975
25.854166666666664,8.6
25.864583333333336,9.075
25.875,9.313
25.885416666666664,9.475
25.895833333333336,9.975
25.90625,10.2
25.916666666666664,10.325
25.927083333333336,10.4
25.9375,10.5
25.947916666666664,10.55
25.958333333333336,10.5
25.96875,10.5
25.979166666666664,10.5
25.989583333333336,10.5
26.0,10.5
26.010416666666664,10.5
26.020833333333336,10.5
26.03125,10.5
26.041666666666664,9.925
26.052083333333336,9.988
26.0625,10.45
26.072916666666664,10.625
26.083333333333336,10.75
26.09375,10.875
26.104166666666664,10.7
26.114583333333336,10.775
26.125,10.838
26.135416666666664,10.688
26.145833333333336,10.725
26.15625,10.85
26.166666666666664,10.975
26.177083333333336,11.125
26.1875,11.125
26.197916666666664,11.125
26.208333333333336,11.125
26.21875,11.125
26.229166666666664,11.125
26.239583333333336,11.125
26.25,11.125
26.260416666666664,11.125
26.270833333333336,11.125
26.28125,12.8
26.291666666666664,13.275
26.302083333333336,13.275
26.3125,13.338
26.322916666666664,12.963
26.333333333333336,13.313
26.34375,13.3
26.354166666666664,12.825
26.364583333333336,13.075
26.375,12.75
26.385416666666664,12.35
26.395833333333336,11.425
26.40625,11.15
26.416666666666664,10.925
26.427083333333336,11.25
26.4375,10.875
26.447916666666664,4.675
26.458333333333336,10.55
26.46875,11.025
26.479166666666664,10.7
26.489583333333336,10.875
26.5,10.925
26.510416666666664,11
26.520833333333336,11.2
26.53125,11.075
26.541666666666664,11.275
26.552083333333336,11.225
26.5625,11.25
26.572916666666664,11.3
26.583333333333336,11.3
26.59375,11.475
26.604166666666664,11.475
26.614583333333336,11.425
26.625,11.575
26.635416666666664,11.525
26.645833333333336,11.575
26.65625,11.4
26.666666666666664,10.825
26.677083333333336,10.35
26.6875,10.075
26.697916666666664,9.6
26.708333333333336,9.175
26.71875,8.675
26.729166666666664,8.125
26.739583333333336,7.825
26.75,7.575
26.760416666666664,7.2
26.770833333333336,6.725
26.78125,6.2
26.791666666666664,5.3
26.802083333333336,4.975
26.8125,4.425
26.822916666666664,4.65
26.833333333333336,5.238
26.84375,5.625
26.854166666666664,6.925
26.864583333333336,7.425
26.875,7.963
26.885416666666664,8.375
26.895833333333336,8.775
26.90625,8.725
26.916666666666664,9.7
26.927083333333336,10.263
26.9375,10.5
26.947916666666664,10.6
26.958333333333336,10.7
26.96875,10.7
26.979166666666664,10.7
26.989583333333336,10.7
27.0,10.7
27.010416666666664,10.7
27.020833333333336,10.7
27.03125,10.7
27.041666666666664,10.7
27.052083333333336,10.7
27.0625,10.7
27.072916666666664,10.7
27.083333333333336,10.7
27.09375,10.7
27.104166666666664,10.7
27.114583333333336,10.7
27.125,10.7
27.135416666666664,10.7
27.145833333333336,11.2
27.15625,11.1
27.166666666666664,11.05
27.177083333333336,11.125
27.1875,11.125
27.197916666666664,11.225
27.208333333333336,10.95
27.21875,11.7
27.229166666666664,11.7
27.239583333333336,11.7
27.25,11.7
27.260416666666664,12.25
27.270833333333336,12.675
27.28125,12.975
27.291666666666664,13.35
27.302083333333336,13.35
27.3125,13.45
27.322916666666664,13.675
27.333333333333336,13.725
27.34375,13.225
27.354166666666664,12.6
27.364583333333336,11.65
27.375,11.35
27.385416666666664,11.05
27.395833333333336,11.375
27.40625,11.275
27.416666666666664,11
27.427083333333336,11.4
27.4375,10.175
27.447916666666664,10.175
27.458333333333336,11.5
27.46875,10.875
27.479166666666664,11.325
27.489583333333336,11.425
27.5,11.475
27.510416666666664,9.25
27.520833333333336,11.55
27.53125,10.425
27.541666666666664,5.375
27.552083333333336,8.425
27.5625,11.45
27.572916666666664,11.425
27.583333333333336,11.325
27.59375,11.275
27.604166666666664,11.1
27.614583333333336,7.65
27.625,7.65
27.635416666666664,10.575
27.645833333333336,10.275
27.65625,9.9
27.666666666666664,9.725
27.677083333333336,9.325
27.6875,9.425
27.697916666666664,9.3
27.708333333333336,9.275
27.71875,9.25
27.729166666666664,9.125
27.739583333333336,9.275
27.75,9.2
27.760416666666664,9.6
27.770833333333336,9.5
27.78125,8.975
27.791666666666664,9.05
27.802083333333336,8.45
27.8125,7.7
27.822916666666664,7.725
27.833333333333336,8.225
27.84375,8.85
27.854166666666664,9.325
27.864583333333336,9.8
27.875,9.9
27.885416666666664,9.775
27.895833333333336,9.725
27.90625,10.2
27.916666666666664,10.575
27.927083333333336,10.938
27.9375,11.175
27.947916666666664,11.45
27.958333333333336,11.525
27.96875,11.6
27.979166666666664,11.613
27.989583333333336,11.625
28.0,11.35
28.010416666666664,11.05
28.020833333333336,11.05
28.03125,11.05
28.041666666666664,11.05
28.052083333333336,11.05
28.0625,11.05
28.072916666666664,11.05
28.083333333333336,11.05
28.09375,11.05
28.104166666666664,11.4
28.114583333333336,11.525
28.125,11.4
28.135416666666664,11.8
28.145833333333336,11.525
28.15625,12.175
28.166666666666664,12.35
28.177083333333336,12.3
28.1875,12.3
28.197916666666664,12.3
28.208333333333336,12.3
28.21875,12.3
28.229166666666664,12.725
28.239583333333336,12.725
28.25,12.725
28.260416666666664,13.425
28.270833333333336,13.913
28.28125,14.2
28.291666666666664,14.15
28.302083333333336,13.975
28.3125,14.4
28.322916666666664,14.275
28.333333333333336,13.7
28.34375,13.725
28.354166666666664,13.325
28.364583333333336,12.125
28.375,7.525
28.385416666666664,10.556
28.395833333333336,10.475
28.40625,10.975
28.416666666666664,10.75
28.427083333333336,11.325
28.4375,8.075
28.447916666666664,8.7
28.458333333333336,10.15
28.46875,5.65
28.479166666666664,6.3
28.489583333333336,5.275
28.5,7.925
28.510416666666664,8.475
28.520833333333336,8.675
28.53125,7.45
28.541666666666664,11.45
28.552083333333336,9.225
28.5625,11
28.572916666666664,10.95
28.583333333333336,10.4
28.59375,11.425
28.604166666666664,7.775
28.614583333333336,11.45
28.625,11.6
28.635416666666664,11.075
28.645833333333336,11.425
28.65625,10.975
28.666666666666664,10.65
28.677083333333336,10.05
28.6875,9.4
28.697916666666664,9.05
28.708333333333336,8.875
28.71875,8.775
28.729166666666664,8.75
28.739583333333336,8.775
28.75,8.65
28.760416666666664,8.425
28.770833333333336,7.9
28.78125,7.575
28.791666666666664,7.175
28.802083333333336,7.2
28.8125,7.25
28.822916666666664,7.525
28.833333333333336,7.95
28.84375,8.55
28.854166666666664,9.075
28.864583333333336,9.2
28.875,9.525
28.885416666666664,10.163
28.895833333333336,10.538
28.90625,10.8
28.916666666666664,11.125
28.927083333333336,11.2
28.9375,11.325
28.947916666666664,11.45
28.958333333333336,11.6
28.96875,11.8
28.979166666666664,11.675
28.989583333333336,11.65
