filename,timestamp_UTC,sha256
RF_20230414_1230.png,2023-04-14 12:30:00,7f10f2e54a1c527dfd8e7c4fecbc4650d0d58c1c2f121d72f8075b4723b1d838
RF_20230414_1245.png,2023-04-14 12:45:00,c623546ba4fd8f165606f9c15cc03e83a0031dc694599da9a230e1d8ab803c5c
RF_20230414_1400.png,2023-04-14 14:00:00,d83370c8451444657baa7475937eb28c965edf39b90f37afb7e90b22d62ac95d
RF_20230414_1415.png,2023-04-14 14:15:00,23491c27d8aecf8dc7b041c8c3be012e2846d2cb864316e7588cd1a4bc9b3775
RF_20230414_1430.png,2023-04-14 14:30:00,4b3b1fdf52a22305a91966b6b0088d8c47fde7265ef19fbb9b2d0625991b3a5b
RF_20230414_1445.png,2023-04-14 14:45:00,280946a9ed20d606c3b57358ec3dba6055e17f0206af6d97d495f86740e10cd3
RF_20230414_1500.png,2023-04-14 15:00:00,d9dcca2d4062318d595baedd2f99ae6c1b846290552cc83e40dc5861ff7a2edf
RF_20230414_1515.png,2023-04-14 15:15:00,21968f7ab4b0dcdfa96c1ef9835ffcb1c3096760a249fd69bd0fa2fca38fd0ad
RF_20230414_1530.png,2023-04-14 15:30:00,803781591eb0ddd440633a7563f5349bc7e5bd36bb17d84de5e826a66ee9c4f5
RF_20230414_1545.png,2023-04-14 15:45:00,908ff67c18f9ba0420fab79bcc1140ed54ee7c0ae16d5ee161c53bc811331ee1
RF_20230414_1600.png,2023-04-14 16:00:00,95c042e381599e4eff5131b65ba787e967016c7697098f8f0e6005ce0af6c206
RF_20230414_1615.png,2023-04-14 16:15:00,da60de994d54e618b57e376e7f7b6afe635ccf40be4685588322896ec29f37c1
RF_20230414_1630.png,2023-04-14 16:30:00,525c14bdea6eabe2c127d2d7eed61f3188129110b0b273379ec99eb35e68c61f
RF_20230414_1645.png,2023-04-14 16:45:00,520949bff8c66ee7819d41ffbb5a7b24642e0ebb68d3a4dc62f5ab47e21b1520
RF_20230414_1700.png,2023-04-14 17:00:00,80fc8b6932ad6422ed36bbe4de9226badfe8e9f3c8bbd59290de8d67aa215d5e
RF_20230414_1715.png,2023-04-14 17:15:00,3c77b1bdd57baef0d00f96c7f26a757e384aa3a9d97701ae648455ce97bf7bc8
RF_20230414_1730.png,2023-04-14 17:30:00,8a085c2ff466b1e3920a17250c6c85dcd3435fb9b0ca7b645b1dd142cf9682de
RF_20230414_1745.png,2023-04-14 17:45:00,24362d9619477374d385bac79959802ffabb8e399d9c7b1a6d95edb7b6a241ea
RF_20230414_1800.png,2023-04-14 18:00:00,b6eafaaf985a5fbbbd20584fd9a86ed955a04b5556a44514837a8d11cb6c646f
RF_20230414_1815.png,2023-04-14 18:15:00,497b6ed914600a6ab3ab43a80ecfd1e10bd915f8ebac034f655241e0e1e6fe82
RF_20230414_1830.png,2023-04-14 18:30:00,9cc85d6e692faf9d3836bcbe4f870c0cccf2f3fdf864f05cf39836959f438541
RF_20230414_1845.png,2023-04-14 18:45:00,bff0ac0b0dee9efdafb333fe0bb83b183310276044607657c4b7ef91ed6e3491
RF_20230414_1900.png,2023-04-14 19:00:00,df01cb75950fa5fc6d5d9a803c8d5690658cb2e89506268c164bbb25d531548c
RF_20230414_1930.png,2023-04-14 19:30:00,4908f406b1553e9e98a824ea652b7b26e354ffd68935846eb45ae8a0532ff83d
RF_20230414_1945.png,2023-04-14 19:45:00,d9ea238e1589482c1d66817fd7dcf26702214947ca147e4b1def3dfe49153537
RF_20230414_2000.png,2023-04-14 20:00:00,b7918b74d8346d2b8dbaba567e28bc1ed9658d2ecf1822fe8c988e56100767e0
RF_20230414_2015.png,2023-04-14 20:15:00,79f6350811120ec3eefa816066f3526ebb8a47905a62e241c010979aa03df36d
RF_20230414_2030.png,2023-04-14 20:30:00,42ff947130d1e33f8d4bb9af9bb78a647ca5f479bc0a82b43e925dbfe26b4e8d
RF_20230414_2045.png,2023-04-14 20:45:00,a51dfeb1e10dfd529d718a48769a67dff92099b3ffcac7638fe464db21be4f4b
RF_20230414_2100.png,2023-04-14 21:00:00,7f7eb5e281e065c5a162641af09c25b39ad1d3c2bc4172a2b6fd41143d85dba7
RF_20230414_2115.png,2023-04-14 21:15:00,cf6b26696694f52843e9a6b80d7caf8e083b090016a05d1719fa7c24f576b77b
RF_20230414_2130.png,2023-04-14 21:30:00,a8f0bf8a592a4080d6c44e98ee1ccf8d3cc5dd2a5d67ce9e4eb1490ce87e4922
RF_20230414_2145.png,2023-04-14 21:45:00,d529b89259c926b1de285670b927ce50cae32ca920337b96e6592ac134784b3a
RF_20230414_2200.png,2023-04-14 22:00:00,651f845a323960e16e146ad3209d7ba126827bdaeb74c4d503977a5d9cb489d6
RF_20230414_2215.png,2023-04-14 22:15:00,35c34038647b1c8cd6b852514911cb75ef811767136697ba2d4df7f0e8d29632
RF_20230414_2230.png,2023-04-14 22:30:00,fe2972ec94293aac6bcabca61bd6528d2df9048f9def3aca4bae8a58da515467
RF_20230414_2245.png,2023-04-14 22:45:00,2235b63f0e5963ab79483d1a8fea27808260f23af75cf0bd625f14ee3fc3b327
RF_20230414_2300.png,2023-04-14 23:00:00,a081dd105464cbe94b5c3f4006b22710e80f7ed8518b8d348eb1abe22b2ceb86
RF_20230414_2315.png,2023-04-14 23:15:00,7d7a92b6e5a2f095a1593be3b39ca15485a0bf897e49e012ab33f9ff381fde88
RF_20230414_2330.png,2023-04-14 23:30:00,db1afdc115b68e2ce9fbbfa68b2fa77278c6358faf56e6137fd371c0611cb757
RF_20230414_2345.png,2023-04-14 23:45:00,70ba77bda198b761c840cbb538a5781510f3f15c7cd83ee9b2a6f2ddd93eff42
RF_20230415_0000.png,2023-04-15 00:00:00,be2692cfb6e19c26d48c8935c64c63dba4214c288ac04f2dcf82cb0ccccf8484
RF_20230415_0015.png,2023-04-15 00:15:00,6218cc3970d19e519ff82432ebb8a263230ecdd85f8510624b6e14237179674c
RF_20230415_0030.png,2023-04-15 00:30:00,ac04fb6aeed6e7639716c980ca284f62d53c65b2e679d704dd55c4f697fee412
RF_20230415_0045.png,2023-04-15 00:45:00,551bdca5e488d87a26fa35ef0ed3009768e607e6e6d0803ed8183d11be6c7613
RF_20230415_0100.png,2023-04-15 01:00:00,16a774eba2b63384ac43c0d65d36e01320ddddeec670245a323cb1d539cdc0b0
RF_20230415_0115.png,2023-04-15 01:15:00,8d6a71ed2dc80af306bd892ade96454fd4e8ff7699782d3d9f5be55cea6b94b9
RF_20230415_0130.png,2023-04-15 01:30:00,2722be49a46f196e87adead0bf8cb3e0528aec873c4b1f5d1e20a8d6be49fa57
RF_20230415_0145.png,2023-04-15 01:45:00,d997597dfdf37e8d8eae3b8d599aaa21bf86094554b0db7e2630099d4eebb8bc
RF_20230415_0200.png,2023-04-15 02:00:00,eaa05edb3d6fb85e5c7b00d64cb13f7610a6a6af87c681bba32db9841c14f755
RF_20230415_0215.png,2023-04-15 02:15:00,391b442d8192d59a040e875deb25a8d4a262a4c0a688dc2a6472fba6ee5b4eed
RF_20230415_0230.png,2023-04-15 02:30:00,48aad00d63ab52248edbeebc9b0a6647851adf9a20ed3771eaddad136f48899a
RF_20230415_0245.png,2023-04-15 02:45:00,ab01cf3c6825e92c116f0e25a6cf1c984096f3bbeb8e59b78b36367e48981fee
RF_20230415_0300.png,2023-04-15 03:00:00,713b8a781f1d3f1281189a99c3fe06a1198990458b323a148135eb01d1862bd9
RF_20230415_0315.png,2023-04-15 03:15:00,da9e22f2564d65587694cd0903fa61a256151736c8e00636ab80baa4e6c01cf0
RF_20230415_0330.png,2023-04-15 03:30:00,f608adf6648818ba3fc5aabbc5fd17bdd3e5ae2a909c8617dc9c6e846e5fc9ba
RF_20230415_0400.png,2023-04-15 04:00:00,900b34e1edb284285504197d53ddb45dad88b209b28c646c49da21aaea712426
RF_20230415_0415.png,2023-04-15 04:15:00,56353679bb438c4e7c51716ce80e7927cdb07d8b8e34881405fb8d02d371d755
RF_20230415_0430.png,2023-04-15 04:30:00,7a1f0378950908dff504f632c12fdfafc603139274d372bc189d902b2539a65f
RF_20230415_0445.png,2023-04-15 04:45:00,234eca8ffd48fb1a52c8787f1787b82f81df41302d5f2e031f28922f7a89f2c0
RF_20230415_0500.png,2023-04-15 05:00:00,c37517443527eb8982b6f9c8a61d92b877a86c1ca4e928819d02b9e9d2524b77
RF_20230415_0515.png,2023-04-15 05:15:00,38de3724c517b5034c5635c2daf18c060dddd113f45b702407f2ea8cf0c8bb7f
RF_20230415_0530.png,2023-04-15 05:30:00,432936547e41d90b052580c36321c32770b6ab03e249afbff899314ed40fd0a4
RF_20230415_0545.png,2023-04-15 05:45:00,a3ed2fa197286a55d246710fbf1741d52ae8eedfb9d9daf6b45ae721d75cdfc4
RF_20230415_0600.png,2023-04-15 06:00:00,07235dfc714995d3ea4079d7676c322f79870d3c8e73187629706cda61d69a6c
RF_20230415_0615.png,2023-04-15 06:15:00,073c1bbe85a3a54e1d3ae828db8b4c8d1f548491431a66de653ef2ff964140fa
RF_20230415_0630.png,2023-04-15 06:30:00,6888dd213b3712ddd978630dce8788da2778ac523ffbb00f74bc20d57006ef2b
RF_20230415_0645.png,2023-04-15 06:45:00,44d48038b97bfecb9b40ec426e212089b5cae131850d01fc9a822ceac8e1a2a8
RF_20230415_0700.png,2023-04-15 07:00:00,3e4e437e4edf1b87cfc717e2712885e4624715e9881b742a46ba562da6f10ba7
RF_20230415_0715.png,2023-04-15 07:15:00,ba785c8de8a21b5d6dbf399c32b240d00c2cfb95d98cf09364bdb885f28f49a2
RF_20230415_0730.png,2023-04-15 07:30:00,13368d043205c6a33faf94827d747602b8429112d3566141c901f0c241f471b7
RF_20230415_0745.png,2023-04-15 07:45:00,b5aeb24e73a84b55cc0d28f8646d93c239af6e1d747c4da921b2e5794f649441
RF_20230415_0800.png,2023-04-15 08:00:00,5d61331abdff618e7b09672be666dcbe5b1168d4cb622884166c5f5a1e231dce
RF_20230415_0815.png,2023-04-15 08:15:00,15f1e40d097758204a1e96ac3ad3b1e8fbcb165a35c3f44528e683326c25f5a9
RF_20230415_0830.png,2023-04-15 08:30:00,7daa5d91f467c9258ce7eebc01693e46046c9c419ee3bc15f7ee1689f4a73208
RF_20230415_0845.png,2023-04-15 08:45:00,fb90b1fc7fdec610eaba91af2748a44638e99a07607db5a769da3fb8b4a604c8
RF_20230415_0900.png,2023-04-15 09:00:00,91bb59e87942218d923491426c65d255315932cc08a4cd044051b41216cc3069
RF_20230415_0915.png,2023-04-15 09:15:00,40592c5cf1e2774877e3d6d7e12ca4e6a1776af07ed09dd9405746c034dd9c7a
RF_20230415_0930.png,2023-04-15 09:30:00,3a528247c952a0fc13742948672fd9db4c58907bc205ac35e02bdf019671c22e
RF_20230415_0945.png,2023-04-15 09:45:00,3b56b3d58f5ef931f7212e89a0e6ce005ee8c514b6db1df4af01ea6660f7b572
RF_20230415_1000.png,2023-04-15 10:00:00,257b4346209873c4df935ac77da7bf8dbe3a40df4e60781f5c05d2bb06172d42
RF_20230415_1015.png,2023-04-15 10:15:00,35697c3db4aad9bf46baee77f1155b8f96498c7d0c0068f15f2a3e90407711d5
RF_20230415_1030.png,2023-04-15 10:30:00,79f20cb6af264654d6d8c35f2bf9ff84d8443f0e77d36cb67afc388a02a89aae
RF_20230415_1045.png,2023-04-15 10:45:00,72573d574eade0f4d045f4e10b740e34447985a76d8ab9001d7b0991895b2497
RF_20230415_1100.png,2023-04-15 11:00:00,04292b5dbf27c890ddd6804a6e327e085057b006e1add16940e37bc4b8683272
RF_20230415_1115.png,2023-04-15 11:15:00,688610639f56e8d69658e761e7c9b28cfb04d463d1d641eb9abc300d809bbf10
RF_20230415_1130.png,2023-04-15 11:30:00,0b132963bd897d70a38c37c431623ba6baba0e8bd03856362ea5e742b2db24ab
RF_20230415_1145.png,2023-04-15 11:45:00,b7f6a450802a342db10eb143a51e5ac5202dd621b12d34c606cceea9e331c295
RF_20230415_1200.png,2023-04-15 12:00:00,eee26bae40a0752d024a1aada34877ae9c97ca11ac15c9335dd37db7fb425413
RF_20230415_1215.png,2023-04-15 12:15:00,0b880a9f8a1b7abf3c544023f6e0207da62d6c6a6a1be146448ce58298f3f22e
RF_20230415_1245.png,2023-04-15 12:45:00,4acddb59507284f142bc213a39ca4adddbf9ead553ade87e45ef04987f0af845
RF_20230415_1300.png,2023-04-15 13:00:00,2693670f5e219122813d12ec6d71699227959ca218d3074a582bb8125a36e536
RF_20230415_1315.png,2023-04-15 13:15:00,f16ef784426198e7bd30cf31626609b101c2bef2b8f5172a7bfd88aedca52b14
RF_20230415_1330.png,2023-04-15 13:30:00,9467f9b5b4649882fca6dcdac0cbc4999ac842f3bfea3bee9de40b08593d658d
RF_20230415_1345.png,2023-04-15 13:45:00,126105851f68fa5458a6b7f835719003ddc973ba21b7a6baa3a8566da29d643f
RF_20230415_1400.png,2023-04-15 14:00:00,cb67c076dba46e8c89f15fa23a80c2cfd53617f3ea143443b2cc2e0b59b97915
RF_20230415_1415.png,2023-04-15 14:15:00,603abf5bc8a0cb7ce2d608d0f34d9a9d038a7c247e329cba4ac8f3cb54a030c1
RF_20230415_1430.png,2023-04-15 14:30:00,157dc5fc8ec63aaee1a77e987d820474ab7f900588e24b84bbbc3d2f5f5fcc76
RF_20230415_1445.png,2023-04-15 14:45:00,c1d2d64e3fcfb89bfb728548d0e35a168aaf7dc47c88ff39a63644aebc082511
RF_20230415_1500.png,2023-04-15 15:00:00,b3a7ba4571189cf1da7c22b96ac31efb4abb1f3ee6d6b8225294094c232ce917
RF_20230415_1515.png,2023-04-15 15:15:00,e053855b2ec1e104bea1e7823a0921395403a3729d9258e0f9a212f18d9807b2
RF_20230415_1530.png,2023-04-15 15:30:00,7a75c9d20667080334f9500cb96b89f60f280290f7d578f3b2702fafef898ad1
RF_20230415_1545.png,2023-04-15 15:45:00,3870ffc1361e6736b0a11b5e59af687954c816fd3a6324d602ae8942fee06fce
RF_20230415_1600.png,2023-04-15 16:00:00,78117d9dd23d6983b5a3dea298f1101b12b061b34ba8671b647c6281ae8ab38e
RF_20230415_1615.png,2023-04-15 16:15:00,1209d95e4230fca5ea7c5f0a12dc0030fa4136fee0322108db66740cc4139579
RF_20230415_1630.png,2023-04-15 16:30:00,3f4e2a323fbf5e77f6736151ec49f0d88bcfb44c94194f73a44296733fd5af58
RF_20230415_1645.png,2023-04-15 16:45:00,7c1372ffb6ae55e7ad75105224dc074df8749cff8c9c5c21422bf292c97e0d94
RF_20230415_1700.png,2023-04-15 17:00:00,7cf12ddc303428e57aa3570a0ead18f052ceb52fd8c312f3bf624366c5ac3908
RF_20230415_1715.png,2023-04-15 17:15:00,7a5b583e2411eaae27f96ea8177c23b1bf16cae4aa0930c3d79f1881f1956763
RF_20230415_1730.png,2023-04-15 17:30:00,5e089dfa94597c5456ea712b3fa324ea74ba96065a57a46b371cda3c07163850
RF_20230415_1745.png,2023-04-15 17:45:00,63e6c3dd0c1e0a959c79b77d5f77b77bddce805b1dfa88e25c13a92ee8d62dd1
RF_20230415_1800.png,2023-04-15 18:00:00,31dd94dcf6336aa0bd708fe06dd8fe45f665d48bd669173592d5d327d959a407
RF_20230415_1815.png,2023-04-15 18:15:00,43f0b4c8425492c4d7e92b80bc2e864a5c0bbcc07698217b8d106551a738174b
RF_20230415_1830.png,2023-04-15 18:30:00,07f72962e4446b166187e4fa552e0c5a0803162792366d407b0e236d2322aea0
RF_20230415_1845.png,2023-04-15 18:45:00,d329a2a46d2b4e4856012d3f38a33f340b5b5b0c020057ca420e89230b34a39f
RF_20230415_1900.png,2023-04-15 19:00:00,28d8543743e6c280ff68fb5f39d28b721210046e7ddf8b335a16d694e1cdedd1
RF_20230415_1915.png,2023-04-15 19:15:00,8dc27405976e5ba153e3155d344f9d4c5e71f8ea579411bd1729876f7b850fb3
RF_20230415_1930.png,2023-04-15 19:30:00,295581c7dfc5c1f71600df3237679a2b530bf5941e512d36943e513f6a6d42bf
RF_20230415_1945.png,2023-04-15 19:45:00,f2b86c86c65246bc9f765338efd81af5191c83488681cb351d370610d950ff9c
RF_20230415_2000.png,2023-04-15 20:00:00,f158430fb3b3ff18c6649c66470761ab391ef9bc242571d42332e16f5eb886e2
RF_20230415_2015.png,2023-04-15 20:15:00,f92b3e6c30a282d8cbed44d7a7df7dfc02c4d536bb41efa870e85e13d38afcc0
RF_20230415_2030.png,2023-04-15 20:30:00,dadfeaada5bc5280a0fc42e48ce7f78999befb97c134b6408b9298ec0ce80966
RF_20230415_2045.png,2023-04-15 20:45:00,4d0f9721934a4d83322bd33a4589f7a471cf1f4dc3796fb69f305f4c66c58ab9
RF_20230415_2100.png,2023-04-15 21:00:00,5dc5792f8945fc23bf3ec8c2018001378b39076bbc32ad20c96970c79f385e9e
RF_20230415_2115.png,2023-04-15 21:15:00,705980e43c0f33a13133cc30e1fc7c4ba4cca6faa411897032cbdda3ed587381
RF_20230415_2130.png,2023-04-15 21:30:00,f4b2ffd9b62292becb9f01a58ac06adf18a87508cfae841fea600467f748a595
RF_20230415_2145.png,2023-04-15 21:45:00,6a6b136b6bc8adf7b4c39de44f6a87bce11b4769c1dc27c574f33dc98444b68a
RF_20230415_2200.png,2023-04-15 22:00:00,e68d771aa2eb82289188f20461b43b93eb580b7a79ce5def68c49467397b8d95
RF_20230415_2215.png,2023-04-15 22:15:00,a295ba5af6bb61632313d01e5e649c5551b1eeab946bd553b53bb37698ddd988
RF_20230415_2230.png,2023-04-15 22:30:00,b3e424a65d06d4c15ef152eb143c61c81fc114c1bfc680d03c7a0fe42813f2f8
RF_20230415_2245.png,2023-04-15 22:45:00,6b0a70c8951465d22a80b1d612cc181ca4c1147f253167859358477ba8523571
RF_20230415_2300.png,2023-04-15 23:00:00,790fdc5eaf890ef992a94f344823b7e9f391cd05be6af0e05f98f5e5fa049db4
RF_20230415_2315.png,2023-04-15 23:15:00,c61398609ba519e9238972eb0386f6b93293266432660409e31814c84ec44255
RF_20230415_2330.png,2023-04-15 23:30:00,f0bd982d1de836876c0a74f9397c609076d37940b6779fceaa18d4b79b448a89
RF_20230415_2345.png,2023-04-15 23:45:00,df803ec23cef98e45cde7050929f8b36503d17f136d61a5522ceac9c99a05b83
RF_20230416_0000.png,2023-04-16 00:00:00,cc69a61a177d9b186d0ea5b1e975969db8540bbc9b6c62b22d12a7ef627c22d9
RF_20230416_0015.png,2023-04-16 00:15:00,a4ac8ef6f90e1fabed197cf3ff95bf75b8ca9ff111afc24cf566a51aab848ae7
RF_20230416_0030.png,2023-04-16 00:30:00,fb2313e2bbbb8e540890257b43ee119a0aa159e7e2e6ab4724f2b37c42772b5b
RF_20230416_0045.png,2023-04-16 00:45:00,4daf8ab89c5d0f5e04c9637d76f9bfde3ee24e4bf441d63df1232dddfcce627c
RF_20230416_0100.png,2023-04-16 01:00:00,66821fb8edfdc8e2a305a9979dddb733080e8c66ca9e6a7b8c91c36ca2acc18e
RF_20230416_0115.png,2023-04-16 01:15:00,80d7a8f7dcbad65f52c2a89f2da5e8ff33c62bcba05473baa17105a92e9d5b19
RF_20230416_0130.png,2023-04-16 01:30:00,677f7fb127124b7bf4f414e6b8cd0aabf1b8d351ecebbaf7652762d1452f5bb6
RF_20230416_0145.png,2023-04-16 01:45:00,15e42f49acbcde0b32e7b48b7ea9f5d93b93cc84f1d5388c6943a131aed90ffb
RF_20230416_0200.png,2023-04-16 02:00:00,06ebdcc860167c9e3585919f9542ffabf3d8164a0a8211d487f965bdd1caa864
RF_20230416_0215.png,2023-04-16 02:15:00,fee73b28f5826ef24239aa19b5173300568fb672e5ec973c80b726c37c6e3034
RF_20230416_0230.png,2023-04-16 02:30:00,656a931e555077a6a338cbc60eb856efaef0ff61a939d79e1a9cc988902182da
RF_20230416_0245.png,2023-04-16 02:45:00,82bc373df1e5a895133c6da5650e175151baa540f3160be8656ed6ad46e365f3
RF_20230416_0300.png,2023-04-16 03:00:00,ee7f6779d8c7441ef268cb0a071793a74e295ee40df6a53ae981ab6c98ada3c4
RF_20230416_0315.png,2023-04-16 03:15:00,9e732f198e898e5d02281369919c164ac5c81c79d0819b296597386529c90f26
RF_20230416_0330.png,2023-04-16 03:30:00,9d7df29852b835a4af26eb4d136c5de8d37b024096ba84d8e399fbff43c628c3
RF_20230416_0345.png,2023-04-16 03:45:00,d92665c81af6418f2da26bb3c8eae860a4c15eebd99a57420b5e9d455c04924d
RF_20230416_0400.png,2023-04-16 04:00:00,58fc62db18c5410e7b2ce00e7d3664b7279536c1fee6b42f45547b1b46b88a8d
RF_20230416_0415.png,2023-04-16 04:15:00,0ae7947a8d2f373e799f492c6cbb2675e5a90cb372b5a7eaa90bbdaf6dbb15bc
RF_20230416_0430.png,2023-04-16 04:30:00,30e6ed9a0f12a66cb5dad94cd521e1ea66e018f5c78949728a8300b34e1690c9
RF_20230416_0445.png,2023-04-16 04:45:00,1aee5106d398bcbdca02de64830a02cbfb60e1304fb8814140ee5e4e92c74c43
RF_20230416_0500.png,2023-04-16 05:00:00,922747fbb06fcec0589779fc581eac76231180a0bfbcd3a6e189282e2fc47cf1
RF_20230416_0515.png,2023-04-16 05:15:00,2eb74e0a72841f08ff9758703f9b67dbe4cbfd5afca453e4c169779fe12825b2
RF_20230416_0530.png,2023-04-16 05:30:00,2d16b96373d41e75a53c49a0457304e1de2155d354cd12a486609b443337b07b
RF_20230416_0545.png,2023-04-16 05:45:00,d59845c5e037201722aa18f85a142490c84c57860bc21b640ec6549b247bad6d
RF_20230416_0600.png,2023-04-16 06:00:00,531191699d582340e0ba29aa58438f633669a647cafdac0958960b57c9b24320
RF_20230416_0615.png,2023-04-16 06:15:00,561065136d7a3dabdb9a4c00690a0f65c5b07ba6edaf1ef7fbf10a58090c57b9
RF_20230416_0630.png,2023-04-16 06:30:00,53c51351a74dc1d8064a4e4af0ebe90d9b8acce069edd0d24e616e141d0852c1
RF_20230416_0645.png,2023-04-16 06:45:00,6be0c3e4fb132b36875ff60936078e9890fb5cb31d0e8cd85730828845fd036e
RF_20230416_0700.png,2023-04-16 07:00:00,5b15d104ab2fcf2315f1cf73d49406ea60a56a936311686113034a2ecc7e7bf5
RF_20230416_0715.png,2023-04-16 07:15:00,df6b501460cbd514d32589ed13c932a08a08d49e1485652592b638539de175b4
RF_20230416_0730.png,2023-04-16 07:30:00,fa20daab93209d41a854ae5b1ce564306fe9ca93f284a0dfa9a6d7bfb4e09c1c
RF_20230416_0745.png,2023-04-16 07:45:00,447e9e45bd8e81f760a2d4ecdc1523b51acf6e4f543bb856e3f1afb3f507db79
RF_20230416_0800.png,2023-04-16 08:00:00,1d70d2106a4f5854f33cf8ddc2ee497c8c6c26d1d583b6897a98dca48560f93a
RF_20230416_0815.png,2023-04-16 08:15:00,04778e30b0840d16eb49494c5b4cfc24f98d5481975b53dc60a2463a692f570a
RF_20230416_0830.png,2023-04-16 08:30:00,ffc400c3dac469483071506f89b095f2d72bb7224ba8034b4417e48146466a84
RF_20230416_0845.png,2023-04-16 08:45:00,03abe4b60e5111c6125f7da353a28d6b1b44a4255f17444d739bb7acb6ea6c8a
RF_20230416_0900.png,2023-04-16 09:00:00,b8bb1cef6db12589010cbdccbe7d22600e73b9913bcb0f63a6b72ec50b1bae0f
RF_20230416_0915.png,2023-04-16 09:15:00,b263de6bd3aaea13099df6db11fb2d7dfd5c359159765bfa9d541c84f9a15470
RF_20230416_0930.png,2023-04-16 09:30:00,86ab5819ed4cfa863d5c7c142325f3e3bdac76ff77ac5071b5e62b711369eef5
RF_20230416_0945.png,2023-04-16 09:45:00,7f10fc3cf588c2654e2b3ca18fb8624f61566c2da76576cffd53991e4b699699
RF_20230416_1000.png,2023-04-16 10:00:00,b2b04ab71b2c62343293a24d70ed3de37534834b76ab9b582de2b5ef857a8c9c
RF_20230416_1015.png,2023-04-16 10:15:00,00a1c165e112e1e797e2e4836c864461cac772c11e8e2d9011ac9b741546c9b8
RF_20230416_1030.png,2023-04-16 10:30:00,ffea5852235119d3d50407677946b86bf3b332907bd26beb02b70eda031a7496
RF_20230416_1045.png,2023-04-16 10:45:00,af8068de8cdff8256a922941b7119c0ea4f1bd82a4f202e63175f53626f64355
RF_20230416_1100.png,2023-04-16 11:00:00,477df2488203c092e595de2eda37cb3e474ed3bb3e27e3c86e823c48f23455e8
RF_20230416_1115.png,2023-04-16 11:15:00,690732c79e05301b0baca5bb92cf0f9e968f10ec634bdb03bacfd6842f821cc2
RF_20230416_1130.png,2023-04-16 11:30:00,b29a0c4b50e914a9234ac123023e905303da09ffda79eb94f52dfffcb5539b21
RF_20230416_1145.png,2023-04-16 11:45:00,88b2429daafa80c7c36c7857d71a30aad046db239874e3c4a4e18139569a2a01
RF_20230416_1200.png,2023-04-16 12:00:00,eb077b4e3ca5b8ffa3439f0d62db181f11629dc52976eba67d9ad4eedb205c22
RF_20230416_1215.png,2023-04-16 12:15:00,0c0e8d96fb66eae641712839a705746dd3f6f90ee8d249816e7d4b40050f5855
RF_20230416_1230.png,2023-04-16 12:30:00,22d0c4a43873ee748ec3f113bd126ed61be59a3de7e57ec05808934138e0590e
RF_20230416_1245.png,2023-04-16 12:45:00,019c1f9f58bac38144185eec4cbf8d89e4071116c61c8f339be542d02754ce0a
RF_20230416_1300.png,2023-04-16 13:00:00,c6b2707586d46433515e20a537ecf9865310d94faecf7e37387b76dfee53e56a
RF_20230416_1315.png,2023-04-16 13:15:00,9331a4ee5c20c664e03d16da83f4b6fb72c8dbac00f7f3a06a5553819c929579
RF_20230416_1330.png,2023-04-16 13:30:00,266277071eb264ee3371129c0cc97746ab38cfb549c4b9818235bb7950c684ff
RF_20230416_1345.png,2023-04-16 13:45:00,8bf69eee2e3ebe60d2571545f2b924647123ca56191f78f821befb6a8b424d76
RF_20230416_1400.png,2023-04-16 14:00:00,654de753833b25ce3a37b6843ec216d3e3d3c23aa3b618f57b9d852028975862
RF_20230416_1415.png,2023-04-16 14:15:00,7ef5809671da795617261f681e029372500cb4fda366a2d4053a4f664616c2f8
RF_20230416_1430.png,2023-04-16 14:30:00,e58cf64405e8b5169636cb5f6cf7a88dccc5843800110c06af0d44ed207e145b
RF_20230416_1445.png,2023-04-16 14:45:00,f9652b698bd7e361b0c65e3dca7b2f847881f3aafbded94edf256bfc6b330696
RF_20230416_1500.png,2023-04-16 15:00:00,8e498c5aa6730abd2c39d5086a3a6b306c816f5d54f05c81dc7e0e3c2ce64402
RF_20230416_1515.png,2023-04-16 15:15:00,4e3a06a89585a6f4dd1a8b4dbd7c33c271cfe73a1ca91aa6ece7a58bfea11d0c
RF_20230416_1530.png,2023-04-16 15:30:00,b77fa903b2b331c08f38ebcb5f0343c618712026baf3d2a4696f9c1a32a5c215
RF_20230416_1545.png,2023-04-16 15:45:00,e8c78d8bca6d21d9986567d3bf58b28c21b26604bf292379b44948ce415f0e25
RF_20230416_1600.png,2023-04-16 16:00:00,805e981033189fc688d295efdcdbc6eb5de8ff164218a5b6548db34821e189d4
RF_20230416_1615.png,2023-04-16 16:15:00,5937c03c2ad0ee1d23d19edba32a5c2a5be5e097a78ae52ecbb061664a86ca5a
RF_20230416_1630.png,2023-04-16 16:30:00,733ca21411b636b13aab11b5f944b016dc58211f529ecbcaadda2b210bf2e96f
RF_20230416_1645.png,2023-04-16 16:45:00,1c1c28d1972e3d76a017d78dcaaeec14401b0d278a8a96c9016a186bb2c7aab9
RF_20230416_1700.png,2023-04-16 17:00:00,6c56ac07dba1d24cc10c532285679973e418443d7745205a350b35f8624a4a80
RF_20230416_1715.png,2023-04-16 17:15:00,885a2c766fd9cca30baafbe7710be14e813651266a1ccf03ac4148cc6399a25b
RF_20230416_1730.png,2023-04-16 17:30:00,21139342c3f74be2549a20c0c8ef78ffa9044bbe61230fe09432af74beeb9cdd
RF_20230416_1745.png,2023-04-16 17:45:00,2ba3003e4e49ed96f70def5451c0b11694764904e5f807afb69c531508b81240
RF_20230416_1800.png,2023-04-16 18:00:00,04ebb3812308d1eb59cd3a48762833a0277d8dc66998ea2277b5cedce60668ef
RF_20230416_1815.png,2023-04-16 18:15:00,1f9ec3877d0cbee268fca5629250e333bacf216b9651f56acaa951e545dc94eb
RF_20230416_1830.png,2023-04-16 18:30:00,6a4b65de5700255168845b05046f0bfa8441e0b55791a6402d8d9a4555570975
RF_20230416_1845.png,2023-04-16 18:45:00,0d4199f4f16ff731af12a1fe2639d1af7fd8a7ec1c2737e7c538c81c4b231733
RF_20230416_1900.png,2023-04-16 19:00:00,f3324473905a34a6ffc5b43e6e768cd6d291ec3b2582e72cae8e86b7732c3c0b
RF_20230416_1915.png,2023-04-16 19:15:00,7e9342354090e53eb0a66cc721f9e7580a0b04f88c3bb3b1e2d298f3f3e9bbb5
RF_20230416_1930.png,2023-04-16 19:30:00,0bf9cad026b3a69d1def0cf56de3c0d8cbf99d9bedadd91524a74927db5eac50
RF_20230416_1945.png,2023-04-16 19:45:00,f04ea58dc6722e706cd4f175fdace4948cabec8df8e65fb088c51ce947b36fc6
RF_20230416_2000.png,2023-04-16 20:00:00,f0f45489128d283354be0d3ee9951a266e070c7562dfb18b6c67f522c962459a
RF_20230416_2015.png,2023-04-16 20:15:00,17cc0ef09afc4695537235055653353050a13a52bdc1d212d1c11c22c4494f4f
RF_20230416_2030.png,2023-04-16 20:30:00,b0f00ca0a4686beeaa14ac8bef28dcb516e37a58554c9f03e4a562912ef034b7
RF_20230416_2045.png,2023-04-16 20:45:00,bdae0372d99dc30867c0344ef9f763ff6d5f51002d11c984a926665503757942
RF_20230416_2100.png,2023-04-16 21:00:00,981abb83d46c83558a0b850c784583978e472213b5d7db63d6cc8e4f0023c1e9
RF_20230416_2115.png,2023-04-16 21:15:00,df6f14f959de4ab63bcf53e4127e1d2f4468c1bf3c7f45c9cae215bf0e0f4209
RF_20230416_2130.png,2023-04-16 21:30:00,e08476c32ce965e73b8b70d0d3bcd495977b4551ec0eba1edff5c3e535a6e42d
RF_20230416_2145.png,2023-04-16 21:45:00,6ef819ad24e7845b9d9d19613cd823f066c092895c89cf8af3db8c1c070fe0bd
RF_20230416_2200.png,2023-04-16 22:00:00,d7f9c4187bca0d5cede5425e27b3c0325457140eb0265219e914d1c9b9bf4a98
RF_20230416_2215.png,2023-04-16 22:15:00,cdabd3e39d845673d8d4052d25a06daa01459a4f29619e1223045044015dcbef
RF_20230416_2230.png,2023-04-16 22:30:00,93d067d146bae2421fb20625400b250f8443fc44395f4aa0d2ed354857f556ba
RF_20230416_2245.png,2023-04-16 22:45:00,7c2040dd7e92a37afcf69b7ddef57bedf89c14f719c17b3f4740f3f2dcb8e8e6
RF_20230416_2300.png,2023-04-16 23:00:00,65f9d68c4b5dc11c64c145e247634cf7cf63bad75305e80007ca34f293936c9a
RF_20230416_2315.png,2023-04-16 23:15:00,9ebec4446767add7cc19ed152d548a7cfa8012a015114d135fbef40a3679f930
RF_20230416_2330.png,2023-04-16 23:30:00,dac4810e3be1132174b909c9b94f2514ae8a68c64fe3333f755e69b13a1a9fab
RF_20230416_2345.png,2023-04-16 23:45:00,ba506578c63abd579566dd9328409a4a8a67862b87b084728bc40da8bd656898
RF_20230417_0000.png,2023-04-17 00:00:00,ce01c1725275c4904dacaa91eaa249511deb46216a415837b2cb3b587119ce39
RF_20230417_0015.png,2023-04-17 00:15:00,de956ff18e009cd9e0da574008a655643a86b2a8d39723c5aa07998eea30b725
RF_20230417_0030.png,2023-04-17 00:30:00,493833824d09840760e353dbfeceb603934f4859eeec8cb25a21107f74113b80
RF_20230417_0045.png,2023-04-17 00:45:00,79cdf7b50d43ff9da113b7983287351bf88b35670e93981b2a427b6c225e4407
RF_20230417_0100.png,2023-04-17 01:00:00,914f94d98a645b5009145b4afab64bcd6e240b9a09e80f3a873d2e46749509d2
RF_20230417_0115.png,2023-04-17 01:15:00,8ec6d82771ab552edab301335b92172b2613225af60c3abb4287c73e83a41074
RF_20230417_0130.png,2023-04-17 01:30:00,f59f4d73bc7b157ed8f7c024c7dddfa829788f551423c63297296ddc0ffad75b
RF_20230417_0145.png,2023-04-17 01:45:00,475cf5c808e4b9229b833f989f8ec8a1152702517a1f3876779401fbcd4f299a
RF_20230417_0200.png,2023-04-17 02:00:00,a21f5534d6748de8022e04733ca752480453d43e3274d755d056394742257a50
RF_20230417_0215.png,2023-04-17 02:15:00,c5f5a3488b1a810872df9821ae83fbb208ea5b2a1158889b359edefc7aba2f1f
RF_20230417_0230.png,2023-04-17 02:30:00,3ad13e8c119d1756307574216ad07508415967a9d3831ddcd0ec699e4b6bfc97
RF_20230417_0245.png,2023-04-17 02:45:00,470d00a610745de3b3ed4cf1fd55674df0137b5706053325e1fed60a43486a22
RF_20230417_0300.png,2023-04-17 03:00:00,3866e2592fda7f48fbe29c4cef66b92e69e2310177ca2b9ce80ec4321663a7bc
RF_20230417_0315.png,2023-04-17 03:15:00,8db7d743d72d79155dfcaa4040ccd355f7d95700019c558e9462ad7458c8cdf2
RF_20230417_0330.png,2023-04-17 03:30:00,1c23ba9b32d51dc328467b2dfef91a526bce9291ffdaa3dd1a279b2c2e9b559b
RF_20230417_0345.png,2023-04-17 03:45:00,fb1713dbfeeea2a861376648fecbcfd6c49548842bff616402ea3f218ad8881d
RF_20230417_0400.png,2023-04-17 04:00:00,8ec43a7bfed7537554e379d00f300f7d858bab01a34b7260114d0430d4b4497e
RF_20230417_0415.png,2023-04-17 04:15:00,bcf2c2e51de47ee65159106cfd8457e60d13dd8cf7900515b6331203f57c3cd2
RF_20230417_0430.png,2023-04-17 04:30:00,301b91cdc0930c9690baf090f380e420cbfb1ca3daae5dd611c1c22e8735136a
RF_20230417_0445.png,2023-04-17 04:45:00,52e1b23a2addc733170ade953c2415840e4f8512e9c75e37a528c752a82c6a91
RF_20230417_0500.png,2023-04-17 05:00:00,e19353514c2c07c9c55f265f091c77f08f0f66791930793ebc3114effa0ab445
RF_20230417_0515.png,2023-04-17 05:15:00,28881113dcdd815db75d3b72384ecad9a200fcdaf7ccc4acf8212983a6f6c447
RF_20230417_0530.png,2023-04-17 05:30:00,26220a1decafcc0acd3201e6df470b76fd13dea36e6cba2fce287cbe2b476fe0
RF_20230417_0545.png,2023-04-17 05:45:00,425fe1db8053a9132ecb8355bfa45e7dcb20a00599747651da0d6a955e875565
RF_20230417_0600.png,2023-04-17 06:00:00,ccd651d902b2e8a22c9fbc5ce0109bfb4d00c26ccc531b58f2944347f48ba1e2
RF_20230417_0615.png,2023-04-17 06:15:00,401609ff91403d547456907d0defc9a11b27b4111b74f40a9aeed73fb839f23d
RF_20230417_0630.png,2023-04-17 06:30:00,dbac6ead9adf0b062f802601c72ab7036ce30f0afdf4c835ecccc30b83f2edfe
RF_20230417_0645.png,2023-04-17 06:45:00,e481750e372efbbbbe597ac138a384a3b58b05cf1966059add022d7189b7d380
RF_20230417_0700.png,2023-04-17 07:00:00,fcde7733b5610512c80997675c966d53cfcaa91753817b1e2a9b243c647ac15d
RF_20230417_0715.png,2023-04-17 07:15:00,fab05958aff0396b93968ab1d7231cbef7caccce4a0bf7ca03d17819b8123a73
RF_20230417_0730.png,2023-04-17 07:30:00,0760f4df55f7b8c25a98c356fea0c3187fe291b0067fcfa9b928b1c7d52ebda8
RF_20230417_0745.png,2023-04-17 07:45:00,efe6c45a5d74b2cb95edb817cfd55dd129cd7b87fe0dc955b295ebb31642b723
RF_20230417_0800.png,2023-04-17 08:00:00,649b28728154462c0fe184d73e4f3ac611869a2fbe3307507d475e125c3b768f
RF_20230417_0815.png,2023-04-17 08:15:00,305c76f3b7c4147424896fd0aa7118d4db387cb2a8a92c957381544054499cf7
RF_20230417_0830.png,2023-04-17 08:30:00,db4f61257d6f6bf92d02a7074eb3bab78a0db058ce9923387fc2ffc9a3d4f841
RF_20230417_0845.png,2023-04-17 08:45:00,a9a25c7a5523d1dc3d3d48f550b38762fbdb51dbe19c3faafb8bffa4268e7326
RF_20230417_0900.png,2023-04-17 09:00:00,1c2e755dc2b74b8f551a477bfaed8725a9650598b8378db64d6278f7358f732e
RF_20230417_0915.png,2023-04-17 09:15:00,5c1a96042a32434b8d76ab34e2b16f065d78704552a9d131a13293113bcec870
RF_20230417_0930.png,2023-04-17 09:30:00,412813b2f129a4d635b123ff8ea3f3daed3553b64c7dd939f17e6f9225244001
RF_20230417_0945.png,2023-04-17 09:45:00,e931464659338ba95a3cf3414e9b4e920175aa85a517392c7d7b3374755491b4
RF_20230417_1000.png,2023-04-17 10:00:00,688b970db66abbdb0c8e0d237d0680357158247a26a847c6359e0720e593e523
RF_20230417_1015.png,2023-04-17 10:15:00,ef6aec1d1b3fcf9112f05a5d824147426a241b20a0e57f15c8af7d23c806aaaa
RF_20230417_1030.png,2023-04-17 10:30:00,db261535780ea77a7d00d9ef554b9644af2f6460459a427dd3a4114fb7138879
RF_20230417_1045.png,2023-04-17 10:45:00,02c01b40d88b144f53f39816db2ce0d7bcda755c6e50933c9bd2376d5926be6b
RF_20230417_1100.png,2023-04-17 11:00:00,035e4a5966d47d8d636687791abf9966ab976b70182b29125b3f1115ab4359a3
RF_20230417_1115.png,2023-04-17 11:15:00,168684b2bb562c3c1e087e9e3e984d19ee99fb5d8884864aaa2d9acb366d93ef
RF_20230417_1130.png,2023-04-17 11:30:00,40638f4e55c89d636d14dd344bbd000fe3fdd81b3156b25885a114697cfe2328
RF_20230417_1145.png,2023-04-17 11:45:00,38878b55c4d8473f2e10cfd072fde4db061899d2e55091f947ce45c5533cd88e
RF_20230417_1200.png,2023-04-17 12:00:00,116e9a95cb11e3e9d55a062edc465f187c12f1f23d17dcb7447ca57b14a1cfcd
RF_20230417_1215.png,2023-04-17 12:15:00,36262bd9905679c6a7e7fa74ab5ba37453103da5450c7164188200f31eb0f088
RF_20230417_1230.png,2023-04-17 12:30:00,ba57a632b109c09e2eff9af3e6c3db6ba6ee4ac37f06435fbb11931dc390d1ee
RF_20230417_1245.png,2023-04-17 12:45:00,8966fedaaeaf76b18f971af929536087f5b73ae44f730e50a1b30ce75180fc68
RF_20230417_1300.png,2023-04-17 13:00:00,2e9c98289cde6f57900ed56ef85c3b9cd110de9f0895d4ef060020d22c179cb6
RF_20230417_1315.png,2023-04-17 13:15:00,510a666d80c967ee4c6c27088aa01f085eadc81b780429bf16ac7bcfd0227bb3
RF_20230417_1330.png,2023-04-17 13:30:00,25f5fcff660cb8414c1eff1000e9ff747bfadac35e312b91e79ffe0a878c9ca3
RF_20230417_1345.png,2023-04-17 13:45:00,636190906b03525dd6ae9211b807f63b060ed60fd1a4b0b53fda56e8475b305c
RF_20230417_1400.png,2023-04-17 14:00:00,8ff67ec5bdea9a6c34530883c2b893ff3e8bcf5c648e34d656d517de20c16231
RF_20230417_1415.png,2023-04-17 14:15:00,0b8a1456de5259247a30e14fff603e755ce2288493531d1a5d951cf9fcbaecf7
RF_20230417_1430.png,2023-04-17 14:30:00,411a0e6d895a0590a45f745c993e4da9721b48789ff3c9a72a6a61964f630b90
RF_20230417_1445.png,2023-04-17 14:45:00,f1eaa85bcc80b8c26462eef320fff10b4bfa6322f2f6de2518ca110f82f3816b
RF_20230417_1500.png,2023-04-17 15:00:00,309e82a6a975cd1074335959ef0b7e583c0e6657892c263c1d04813f1e7716fc
RF_20230417_1515.png,2023-04-17 15:15:00,c5e4bbe06dd42fe669233564b1e1a99e3bf06dfbdbf10856665ee4a51b8c5f8d
RF_20230417_1530.png,2023-04-17 15:30:00,a690a8c495d15b150c1baa178a466e04e3f21f8ccc107550cc41f8d9bc948963
RF_20230417_1545.png,2023-04-17 15:45:00,6f7553c2614fb2732046a15d57e7ee699dea195e095ed2782bc887ab3b91ccee
RF_20230417_1600.png,2023-04-17 16:00:00,ac4544603dea95fdec3f8078357728d00b9210c3deffa98bc31cb898e278cedd
RF_20230417_1630.png,2023-04-17 16:30:00,60622389849c41fddad9003e76b61ebd189d3003b4dccd2795416a54f8ca2b62
RF_20230417_1645.png,2023-04-17 16:45:00,257396bdf6fe4cd2d145fda1478a95bdfbbb235fab427191d570640f90219d67
RF_20230417_1700.png,2023-04-17 17:00:00,4ca21da75f9285ea049888edcb3fe89146949bde917526f8ef103b2daf6a3b20
RF_20230417_1715.png,2023-04-17 17:15:00,ea427d8da2dd256af21201d3aff6681dd3914a0ec82ecb976fc33284a22d9076
RF_20230417_1730.png,2023-04-17 17:30:00,d3875fc59b481b79fd4d2031f93e41deee6305f23057aeb7266b3b2157ab9512
RF_20230417_1745.png,2023-04-17 17:45:00,e6fb37b162f6c14bdff0dad77331feaae6797391d6ef7335b7841c9a497f556c
RF_20230417_1800.png,2023-04-17 18:00:00,e99b77c918db68d0a341892027d2c356df02de3ff016d5a8e2ff29550582c957
RF_20230417_1815.png,2023-04-17 18:15:00,c9b8f5fd52c7f77a0a4a56b80250be27b0f4013272c97ee6139fbca3c949cf36
RF_20230417_1830.png,2023-04-17 18:30:00,34b66ccfa8fd800d0a716732b2dbdddbc2943ef3decd84084f5abb6389669062
RF_20230417_1845.png,2023-04-17 18:45:00,aa93bd92c983b7fb5499ad660af8e7d59ec6b2d5a5c723b6c160df87104e65dc
RF_20230417_1900.png,2023-04-17 19:00:00,5759158e8e48a344208ff5abed77bb164a4fe5199b502dd2542f097158429a9e
RF_20230417_1915.png,2023-04-17 19:15:00,db401b85b3418f4cadef7b0517325b3de2299246a048c463e82edc80677706e6
RF_20230417_1930.png,2023-04-17 19:30:00,93e1b9da4a293a7264d68f77edb3494bc6bad115f400e1c161ef873814aa474c
RF_20230417_1945.png,2023-04-17 19:45:00,ead7e3086cdf6a42f7ff046e2dc23d22ccec622f37c44d866b16e5cd27217e49
RF_20230417_2000.png,2023-04-17 20:00:00,91bf93f10012197556f3be010eb2d73749b9b20a16db8f0a385d0c02dbf2f892
RF_20230417_2015.png,2023-04-17 20:15:00,5a2eaf839a57ac668de4dfcaf5f8e83bc7c63f437225ba23393cc8e077dab651
RF_20230417_2030.png,2023-04-17 20:30:00,7a1dbcde7609d1b41dc807222b0911a377a27df6563aaa5867b19d59b1845490
RF_20230417_2045.png,2023-04-17 20:45:00,62209e4e8aa4c1745fccb4ff1d96e41d4aa9b79ee7731a733eb97845821f1a61
RF_20230417_2100.png,2023-04-17 21:00:00,22da83677c780c176a3515b34b47feacd0cc8f952186ebf032234c30f1d8ead1
RF_20230417_2115.png,2023-04-17 21:15:00,24e5c35e6ab081baa947b189ded6fdc159e4da5bf3cb4b0bc543a1145c8a362a
RF_20230417_2130.png,2023-04-17 21:30:00,85debeb92b5334fc5e6b17016d6bcc2ccc651a0519a733862c7dcb0c69989490
RF_20230417_2145.png,2023-04-17 21:45:00,2abe0f504b531f2bb6e84ac3896ae3ec8ac929849767391818617b1b73f86388
RF_20230417_2200.png,2023-04-17 22:00:00,0425ac7d342390a282bed8c753b4ccc08224217f4c356e70812416492b61a071
RF_20230417_2215.png,2023-04-17 22:15:00,220eb3a4e9829b60f3b2265cdba73c93b4051c134658cdb29fc1a4c19ddf4ca5
RF_20230417_2230.png,2023-04-17 22:30:00,3d1e9cbdbe0327607c14a2330093811445d24f2b692397623b21c7d57283cb9d
RF_20230417_2245.png,2023-04-17 22:45:00,5ad358bb33fb1d6244f83fb664db483216e6dbc7fbaa1dd8d542f54e896fea44
RF_20230417_2300.png,2023-04-17 23:00:00,76609e865c97780fcc30d86dc1fa44812d2a194c557e08e42c0be0437729019a
RF_20230417_2315.png,2023-04-17 23:15:00,95f4057951092a175a966d61395df7c24e5c26c281ed218bbebc17ed2ddb0bb9
RF_20230417_2330.png,2023-04-17 23:30:00,e422ecd2b6f3c1aacc9791a022d3895135435bb6f2e6380e2768e9362b766d14
RF_20230417_2345.png,2023-04-17 23:45:00,4323d96ac910ddb056e51188539c803f521e2c8e7e51d551b84f4e487e4b8471
RF_20230418_0000.png,2023-04-18 00:00:00,1dc1517adb06021806039c554e7b9157d02dba7c3d2f13410bc6cb38327594c5
RF_20230418_0015.png,2023-04-18 00:15:00,706ba23caacc935c65f269c96f9bbce7af8c277470c3c77c7763f3877608201b
RF_20230418_0030.png,2023-04-18 00:30:00,34311002fb4fd5a248020fd44acecaef9d0bec22482128117ea12ee1bb229230
RF_20230418_0045.png,2023-04-18 00:45:00,9c4220361c847d94621648a169c7ef7c6c3378f3e22a1bb11f6d1ca793aa4397
RF_20230418_0100.png,2023-04-18 01:00:00,0283af20e455d876b0fc2d9f1afa02fdb499512199053394b322ae2d96defe20
RF_20230418_0115.png,2023-04-18 01:15:00,f8875799ab17736eb38de0bc6a6c1a2ee443553791a8456e1b6799781b9223fc
RF_20230418_0130.png,2023-04-18 01:30:00,ed5106367f328082bfff45b0dfa2f442adb96f3abf9a19caba47cdd52e879714
RF_20230418_0145.png,2023-04-18 01:45:00,7397ca55ad36a4a8a33d1d2ff75f569e55260f148b39f1cb438413579453def7
RF_20230418_0200.png,2023-04-18 02:00:00,7df7006d076a8c893ff9c9db950297b00a5beb54777047f0e1eae35eaf903a18
RF_20230418_0215.png,2023-04-18 02:15:00,7fd1d43d61813cf924d2484f89ef9dfe1badc683786ea42d891a764c074db81e
RF_20230418_0230.png,2023-04-18 02:30:00,f40b77df8750799619818e1590c6888ab78dc65f76fcdd789953e429bece84cd
RF_20230418_0245.png,2023-04-18 02:45:00,f587496f3a5074734f881dd812243358f54551b60487dd79ed785da71d5ce32f
RF_20230418_0300.png,2023-04-18 03:00:00,2fed6daa925fdb793c2bc9e6b39a6031a5fd7c6975c794882bb47f1e9a9e4f02
RF_20230418_0315.png,2023-04-18 03:15:00,dc516be937e4693a7cfe9980fb779137102c97b8c901fbc3cc9681483a5aea0f
RF_20230418_0330.png,2023-04-18 03:30:00,e03a215952fddcacf0306e180f3cbac37b222fa229c6c51210b1389775b8a85c
RF_20230418_0345.png,2023-04-18 03:45:00,fcce1ac0b03c77a59ad485e11994042eedb08b79d93f755a295a107901095e36
RF_20230418_0400.png,2023-04-18 04:00:00,8bc177a418c3fff015bafb87b4f9034ff2e1cdd31d93d2a6d5f5a17f0210f175
RF_20230418_0415.png,2023-04-18 04:15:00,668c6e9d9807ab948f3c25acab566507f3cf7cf5a8e735684b14c3e8231203a3
RF_20230418_0430.png,2023-04-18 04:30:00,a86808d7f274e478dd47cd745c60aa564e811104583e3dbc4a983673253bf6d6
RF_20230418_0445.png,2023-04-18 04:45:00,b6a3bbc26b67385f8b5921f1595f897bb25f69c119f7c46c1cbd090933f945b8
RF_20230418_0500.png,2023-04-18 05:00:00,5b95b90207d7ce1b9454bb861f715cc0e6212b62b99ecfdeedb2adfc4f16c6d0
RF_20230418_0515.png,2023-04-18 05:15:00,689d7d45a5120e099adb3b6a69f7a3fa21bcddcafcc61dd2ee11398b31723dec
RF_20230418_0530.png,2023-04-18 05:30:00,aeb94bbdbe7468f5c57233ec80327b7ac17c9538db07dd0c3916d132f3fde315
RF_20230418_0545.png,2023-04-18 05:45:00,90da1400ccb39c9c03771c78b8ab89f9f15a2918fcb260004dfc4c02b4164fc9
RF_20230418_0600.png,2023-04-18 06:00:00,7bc457fc0e6ea8a8319a8843d0ca2e4909507a869ecfeb8a3f577a323f46570f
RF_20230418_0615.png,2023-04-18 06:15:00,4686d51785f5de8d674e095707bc0bdfe7b164185146b280d37b1f330c1c798c
RF_20230418_0630.png,2023-04-18 06:30:00,e5e6b0f80a70214f2b1c4bf94a57869963b3f3bba5e065cedd2e44ff38e5f886
RF_20230418_0645.png,2023-04-18 06:45:00,99c2f1f6694db9db1c2b227466a5851b67a44596ad4f5ae1237d433ecaf32101
RF_20230418_0700.png,2023-04-18 07:00:00,96cb80dfd1329598f8a2af401eb146a83504f408098415ac578cded62b354be0
RF_20230418_0715.png,2023-04-18 07:15:00,4aa74e7b3807f839a8d68468e31a5e54b69f8c133a8ca38fc4d7da6a861c18b6
RF_20230418_0730.png,2023-04-18 07:30:00,b4fe6ec9540574e118cda06a1d5f9b2372d6c2b8593007740f460715ca6f86e5
RF_20230418_0745.png,2023-04-18 07:45:00,09c64e3e1201ea2834c4f91cedb077220cb49fa5c1b4b69d960ef13cd1d7ccb0
RF_20230418_0800.png,2023-04-18 08:00:00,874bcc177b0e711eecafe5a8ff5c37ad56c36b2d35e5cac31b5e99e6aaca2e00
RF_20230418_0815.png,2023-04-18 08:15:00,b5797ee2917d614522b9b560359f7e0d1c0285e68efde0f25073ced4506cebb4
RF_20230418_0830.png,2023-04-18 08:30:00,161c5326378c321c80197a6603a0ef0f0288d3d8db23c60113feebba929ed707
RF_20230418_0845.png,2023-04-18 08:45:00,5a51f1419af859a2ff2c42d9dc71371680205344b4cafa5e4ee8fb7a2841e38d
RF_20230418_0900.png,2023-04-18 09:00:00,c65bb8f0a3f9cbf1df8d1d382471ee0ec925178d7f7c7044bf9b1c887e1ebb15
RF_20230418_0915.png,2023-04-18 09:15:00,14cf588f3538e97bc0829263e0d3acdb24e6e56e3493c355ff5e2f717132ce18
RF_20230418_0930.png,2023-04-18 09:30:00,4b5e77d2df4ed3b6db4daa31175a02c774c657d24da0c7bb986af99504ce9f76
RF_20230418_0945.png,2023-04-18 09:45:00,f4270b37880b3a35a0456f51343e78b7d155b2aeec23b243e57593571fee7611
RF_20230418_1000.png,2023-04-18 10:00:00,38478ec5172e451907b1ea609304f503b21e36622c681336527893d1fa711851
RF_20230418_1015.png,2023-04-18 10:15:00,a10dc571593686f185ab8d03d66690820b57cfd2f51f992e202bc5aae47cd470
RF_20230418_1030.png,2023-04-18 10:30:00,7b4f463356f5fe7baf77f55cdd6907b86196a244ddcf476d01f060dd8a972559
RF_20230418_1045.png,2023-04-18 10:45:00,9870ff8050cc8fa145682c2c319a2b22af8f22ced9cf556c5b04460b61c14abb
RF_20230418_1100.png,2023-04-18 11:00:00,531562cde5f21aa946c9e056024c1b28fd2cbb5003471efc2dd513ed50ca3951
RF_20230418_1115.png,2023-04-18 11:15:00,0468f05766824a41848ee274c8afc81394827ee056d60e89f8b5626214442a58
RF_20230418_1130.png,2023-04-18 11:30:00,2b1ba2b4f63f3833062178b4c2f4a3c33336478ff516364163cc22c58986ea09
RF_20230418_1145.png,2023-04-18 11:45:00,5e3e207314557bf421e4b087bf6aea0f2ee4170ae0351d04bbf8b54fed6d78ed
RF_20230418_1200.png,2023-04-18 12:00:00,6ae2f71f5bbec718d96f21149fa7e17261238c98d9a63d7900fb4f67ab444bb8
RF_20230418_1215.png,2023-04-18 12:15:00,a60320bcce2a2aa33fb27663ac5488afa968d32110edcfd9cf6cdde1164e7378
RF_20230418_1230.png,2023-04-18 12:30:00,20978fada4d4a931440d143cecad62e34793829327d8b9e259fb3174443824c4
RF_20230418_1245.png,2023-04-18 12:45:00,117185858fd7ccc23ede4bff588ea3f78a9932e4e53b088d75bbb539c733a902
RF_20230418_1300.png,2023-04-18 13:00:00,4e5f04ca710966cc59396a94e3349c590cb1d0334b01c711f79daead4dd7b702
RF_20230418_1315.png,2023-04-18 13:15:00,3ab0da88dd13c284568c57050c514052f7421db82e4732df05200c578a318f4e
RF_20230418_1330.png,2023-04-18 13:30:00,769509c82720fe1771966252885063b71fa6b8e77c465377ae2fcd10faa0fac8
RF_20230418_1345.png,2023-04-18 13:45:00,05c91bcfbde9b67b6b5c1422b35cf0744d7f16803c54134507d1d5e0ce086e57
RF_20230418_1400.png,2023-04-18 14:00:00,eab6bc20988cb6e51851bbecc33f532ae628e851711e97b8ab08c04092710399
RF_20230418_1415.png,2023-04-18 14:15:00,3d6057b49ef66c77aa1b36c6d04919da6e22eefb2925b893ac2311b57689bb07
RF_20230418_1430.png,2023-04-18 14:30:00,1c4c96fa4353d8dd223e3706a7eb918b40287f365b59a4043d2b87b4f9b3b383
RF_20230418_1445.png,2023-04-18 14:45:00,1ab0816c6042a587f24d4587ff0142ff1f6303197cd9e77f1c8f2ec74ee96dcb
RF_20230418_1500.png,2023-04-18 15:00:00,491256a23f2e44c2f6deb959793f29a82b0ad113e251f6dfdd456a157364fb20
RF_20230418_1530.png,2023-04-18 15:30:00,996e13528ccb16898372bbcddda2674c5595d3be81946d622e6654ab7853ba9d
RF_20230418_1545.png,2023-04-18 15:45:00,6e25014cac9e458aeb55b5579dc24ad402b720a84f617503cbb7e51a04e88396
RF_20230418_1615.png,2023-04-18 16:15:00,1b84adeb10e90d2cd0079825a2da903094599776ca24043096ed9dd7c80fe6e2
RF_20230418_1630.png,2023-04-18 16:30:00,6d22978916b89f3a15a6b7ccace590bc33089ce0c0adbfa14cb9c1b551dc40f4
RF_20230418_1645.png,2023-04-18 16:45:00,0e1c3506f88c129bdd5daf846e07c4d837de7a3b771a6e26b2232cc3915f8d0f
RF_20230418_1700.png,2023-04-18 17:00:00,162d114727841dd5ebca39a8a4fb88a5db2f085349dcc7196a9a7d21a2a341bc
RF_20230418_1715.png,2023-04-18 17:15:00,041f5a13cd80bdfe7c648bdbf45621411c168f234e38a629f56035ca87874726
RF_20230418_1730.png,2023-04-18 17:30:00,63505cc5c1de7714ac9218449b739f7b30a281567bb4811bca44ba49c603fbbf
RF_20230418_1745.png,2023-04-18 17:45:00,38964e74b87e45743b9958a5630c7ff4f6f3e4af458440e9c032e0bb94721257
RF_20230418_1800.png,2023-04-18 18:00:00,1d0a94ff229a07adb3c8a7a1a2ccfde00adc18110f440e8aae0edbc891588e90
RF_20230418_1815.png,2023-04-18 18:15:00,7958430c164e8a208018dd49741f509a6cc504e8cf89e10b4b161278e73da797
RF_20230418_1830.png,2023-04-18 18:30:00,8f449b89675b0484fabd630dfd142a542c4685a6c17537ae7ae091437a642a2f
RF_20230418_1845.png,2023-04-18 18:45:00,3b4e9b1130b0966e36f46927b7bfba23f2851f197f93e6d6887a3cb8931dc679
RF_20230418_1900.png,2023-04-18 19:00:00,fbf09c954eaddec512624f083297363d5d3fcf6d9ef0f1d284fc7608af5d6d87
RF_20230418_1915.png,2023-04-18 19:15:00,417390a6ead985074f2562218c34d0fb34542521c3151c4659d8ea213e44e049
RF_20230418_1930.png,2023-04-18 19:30:00,dbd60c20d5f0608050c19954dfeabdd5c8ad7b3e7a2829c60aeed304f83af721
RF_20230418_1945.png,2023-04-18 19:45:00,fa793291201b6f2333004341a920f353f724e23c4205ed96fec04585d44bf6c1
RF_20230418_2000.png,2023-04-18 20:00:00,a6f19de592fbdab5e22e7398f6d224aa80cf1ff09e7bb17a33be6e9387ffdc09
RF_20230418_2015.png,2023-04-18 20:15:00,522f2e5ad5c243e834a3146ee0dc1fb15f6afa112d267701c55e16844b49584b
RF_20230418_2030.png,2023-04-18 20:30:00,9d91e1bb5047a8141c575fc5269459c745f613bbf51845fa51a6948ab0d2dbc8
RF_20230418_2045.png,2023-04-18 20:45:00,ee86a2826afd54c2370dc796132147fcb7fb86418db1254ef521b1caaa0bb3da
RF_20230418_2100.png,2023-04-18 21:00:00,53f2557a5d349d458f752454fe26d85d54a9af28155df3253681dfcc3544c218
RF_20230418_2115.png,2023-04-18 21:15:00,f72bf040019235bab1c1ce5164778f44b9c5404209d827520ec670d4e01cbe39
RF_20230418_2130.png,2023-04-18 21:30:00,7ca1feb0aeb77e5247931e2478fffd6394e01c148356792cf8407ce9d5145fe2
RF_20230418_2145.png,2023-04-18 21:45:00,096cd084f2d64e5532f00b805a5ba324f1f4f4682d8c103ea433ea1fd83c720b
RF_20230418_2200.png,2023-04-18 22:00:00,9d62e888b42fa392b594c0be9a7f6d552ccd590d5e2d319da71b3f6757dac233
RF_20230418_2215.png,2023-04-18 22:15:00,ec2dc065641e9a2a5560001ecfb20c1da6c804bcffc8017ee6c047b28983886d
RF_20230418_2230.png,2023-04-18 22:30:00,20bdbff43fa5a75f55b90bc636d26824f2c8443db0c90a0bf1bc50b2396a6122
RF_20230418_2300.png,2023-04-18 23:00:00,2a55202a5fec288b244cb722f4841025ed0e1f0d17172fe9edd78c05414c0107
RF_20230418_2315.png,2023-04-18 23:15:00,4f4a4123a4e623cc5980896fed868cf16c46299a9995adcb7a9b2ca8ecf5ed20
RF_20230418_2330.png,2023-04-18 23:30:00,7c03ede8f3e04312735bf3e3b7dbca2d220def90a470afd7dad26758c5c3dc29
RF_20230418_2345.png,2023-04-18 23:45:00,c1c5c2ee325038077ba482189946315a59cb2184de11767d66682390ac2a0613
RF_20230419_0000.png,2023-04-19 00:00:00,0b95dcb93bc5b012fa69a16f66c595d278578c1755589618cc373ae4f05390af
RF_20230419_0015.png,2023-04-19 00:15:00,d96a7b7aabd455ab4ea22eda4fbdea4fb2c1f64411ef0e29ec11831fe75ab479
RF_20230419_0030.png,2023-04-19 00:30:00,77bbd3c15994490bea5df6dfc04d3e2f6b033c87be9f35f5bf94128465846cbe
RF_20230419_0045.png,2023-04-19 00:45:00,f66481047c8c0b39202d5cc5c59b6576b5e79400fd33b8a24f60aac6ae2f684a
RF_20230419_0100.png,2023-04-19 01:00:00,f3187bcdf941a9b93d07ff4afdb2fadeebe0914f112ba235d7e43b9e12bf1ba6
RF_20230419_0115.png,2023-04-19 01:15:00,d32e4c3c69fa0fa0ac4bccaba13b3d5776ac4e4167b5478acd471697ee90eca5
RF_20230419_0130.png,2023-04-19 01:30:00,072a27e2464ddc32b5912bd1b35a0d2b1c8a4dc1d33674a71c2a727585101ae8
RF_20230419_0145.png,2023-04-19 01:45:00,85d1c18d9a078dfb343f32355e19e2d86a8b43b3c60f8e0e81cd3d8f7e29b00c
RF_20230419_0200.png,2023-04-19 02:00:00,a94f7b458e61eaaaa3ac4be971bbfebf55ccd1f9de4991ca2ce73dd7e92af38b
RF_20230419_0215.png,2023-04-19 02:15:00,101760d6bb4f758770c88cd65f5e5001b6a2d4a437805eea15cdf482f2114715
RF_20230419_0230.png,2023-04-19 02:30:00,a2e8d6a11c49b037a3a0206a947a2dd1a51e58ff48b3c2c77f93c67a73796b6c
RF_20230419_0245.png,2023-04-19 02:45:00,f62cdc14df6765831bda958340312b5b5a01669d126c7f7e71927eccc8a7168d
RF_20230419_0300.png,2023-04-19 03:00:00,b59f902cabc17fe8ad26909eba5481299e7012e4ef5115e1c8da904b13b2fcba
RF_20230419_0315.png,2023-04-19 03:15:00,9f548e0bdba1eb4fdfba4ad4e4e61904509860810b2e6834e5dbe0867a309842
RF_20230419_0330.png,2023-04-19 03:30:00,effff6019dbff1d99183b508d609c9e30da4332851c6e6fdf825c6bfa9a70bc6
RF_20230419_0345.png,2023-04-19 03:45:00,0b07804f5a0cbeedc67237bbfbb1c8dbe97a72894df38381f866d4c8720eb74e
RF_20230419_0400.png,2023-04-19 04:00:00,4d2b6eae54c6595a66ba01a448bbcb28804a199007c850058c92bbe23b0fb1b0
RF_20230419_0415.png,2023-04-19 04:15:00,d04750f5548f95ba3e749dd00807df06c48e7903106c576390b109137fa6c105
RF_20230419_0430.png,2023-04-19 04:30:00,1fa2828220345dacb764d11d70b27cc98eb12d4d915a01a1757fa09ec8010735
RF_20230419_0445.png,2023-04-19 04:45:00,6f86305095abb1f96890a806fb5f55e09333c83f27b3250711de11b1c795faa6
RF_20230419_0500.png,2023-04-19 05:00:00,b4c66bcf5e697797b9970ec55800f6a994ff48fa9c16e9c19c137156f9cedfa5
RF_20230419_0515.png,2023-04-19 05:15:00,9bc42e4efae6941d350b2547cea244f89e641b564ccb916b90555bb4108c6a44
RF_20230419_0530.png,2023-04-19 05:30:00,bb7be77fcb5ce6251e1f69843389145c1388e27e6d255f21397bcfc400f0894b
RF_20230419_0545.png,2023-04-19 05:45:00,62285c7adb87574c8cf70ce329752d1007154dc529a5982be8ab897d8db20db6
RF_20230419_0600.png,2023-04-19 06:00:00,47e77d4487addf678d6716cb260c99eecebd797bd64a0edd25bfdec26a383b02
RF_20230419_0615.png,2023-04-19 06:15:00,2925e9085de932d967b9c7ad72ac481c0b816634a9ba46a2866c408c07a6c797
RF_20230419_0630.png,2023-04-19 06:30:00,a7071be99215d48dfc0bbe012c42c2e1960a9fe427ba1a52641deb2e5fbf9a37
RF_20230419_0645.png,2023-04-19 06:45:00,f612ee2bc9d59f6c0b724342d22153cccdb8cd148c3f398241a0985fc70eb19f
RF_20230419_0700.png,2023-04-19 07:00:00,de5c770008501eae54caea4d85e77e833f3c8f2e6dfc0194ea0415fdca438311
RF_20230419_0715.png,2023-04-19 07:15:00,136eb57a48c6453aa55a9994292123baff6605376f86dc88bbef0e0f076dca61
RF_20230419_0730.png,2023-04-19 07:30:00,5dc9782de0226c6141b87f1482e748239cce4075cc6b54d0141826e138cf127c
RF_20230419_0745.png,2023-04-19 07:45:00,bb7837b4fc8afbf2018d7685f6e13fa8bc4f271543e4a2d059a081d9259f55a7
RF_20230419_0800.png,2023-04-19 08:00:00,8bcb4153409e3696be3ed53975c9cb681b5adc1a12d1e82d2ee21815318352a6
RF_20230419_0815.png,2023-04-19 08:15:00,ca6ec185133884635051777aa64d5dfd4a08fe78940df5b4c1dba0b4452d0ff6
RF_20230419_0830.png,2023-04-19 08:30:00,fe02fe65bcb9816bec61661c8563ae618ecf7371a9ac1cba838435a40b7babcc
RF_20230419_0845.png,2023-04-19 08:45:00,d81a38bf20bc86f493f6e5f53a57757f5f4fbe27f006c463482e7d3781d89169
RF_20230419_0900.png,2023-04-19 09:00:00,50c36a0d4b79742e7ee8651b302ce54f18a550a3747f405f249c5dab3058d920
RF_20230419_0915.png,2023-04-19 09:15:00,337120eb1b5b1cc53ca424bfb0c358df6b3d667f0779451c442cb693743b4266
RF_20230419_0930.png,2023-04-19 09:30:00,bc7e77ece8f254bcb14b65fde562eb85fed685cd6b4e19570acbd9616fffc872
RF_20230419_0945.png,2023-04-19 09:45:00,0f0b28fc9e885efacb0ab9072704ba6acfa9ceb05cd2207f6d00583d7e71d02b
RF_20230419_1000.png,2023-04-19 10:00:00,d5db9087df127d1bdfb7cfacbf3531964c823e2674323f5acf96d750919d5bdd
RF_20230419_1015.png,2023-04-19 10:15:00,936e48b51cc4d7706ae366e59eb94e580600bc1c0bddd39a45785994a9a5031a
RF_20230419_1030.png,2023-04-19 10:30:00,67a023e3c0f61fe91b29b0ea598fe1bcb480e536668200181aa223366f7d2ea6
RF_20230419_1045.png,2023-04-19 10:45:00,beb4a5ae7ba266d260046983fd2357ebd089fc6661be3ff7bb575a3ac6a04a84
RF_20230419_1100.png,2023-04-19 11:00:00,18d9c61e4112027b45f637ce16e2d965c512cdb844667683f68ad61ee9ac803f
RF_20230419_1115.png,2023-04-19 11:15:00,f909189fedcb40377884af1a82ada32a6ae047b3755735cc1fa4c9d827e83cb9
RF_20230419_1130.png,2023-04-19 11:30:00,46afc3c1e2b8475a2d7b08f5a52b2efd88bd0b77958c009a19ac45d83d12a0b2
RF_20230419_1145.png,2023-04-19 11:45:00,cbb00c0adf3e7122a7002bc0f76d4ed88b38a983d7b031f5c23d7e6fda7a0e74
RF_20230419_1200.png,2023-04-19 12:00:00,3abdac7015054035770360ab4468df07095a6a862411536212b29f58506a7db8
RF_20230419_1215.png,2023-04-19 12:15:00,0bb0959e81df5239520d2052f513a79f203fa219741a6cd3c3f1133056c8ca7a
RF_20230419_1230.png,2023-04-19 12:30:00,2d9df7c22587248bbfe9fb7ce5fecb530cd415ca4d1d725cbf5127b16078f28b
RF_20230419_1245.png,2023-04-19 12:45:00,386c9a9cbc816d367e36010d12237d2a499007d285b3019b5e0a830773a3e469
RF_20230419_1300.png,2023-04-19 13:00:00,ae4e5e1fc7f00c2600d2b4c81e307cda47ede5a494f9d4b05e1b7e92ccdf1637
RF_20230419_1315.png,2023-04-19 13:15:00,8ea8c2522e3a49de85828f6ceb7875f9416e4fb3a614fa055635258e0461ba21
RF_20230419_1330.png,2023-04-19 13:30:00,b6ae80370846c62de2ed23d485ce4baf1565063ae8711d89e455e680a362f221
RF_20230419_1345.png,2023-04-19 13:45:00,da065ffcebbb9f680706d3051e605415e8a2bdaaadc0bffa2c521bdb5894e7ff
RF_20230419_1400.png,2023-04-19 14:00:00,723f4aea7a5f45249936b29520f9950b6087599bb4c4906ec429cca9b5fb4993
RF_20230419_1415.png,2023-04-19 14:15:00,f4f8a5bcd69ab745c56e86ed1da59cb9be73f7a14e557a2231af987e5eabc034
RF_20230419_1430.png,2023-04-19 14:30:00,1b0a9c8189e6322b9342cb5c9c06337c3622d17914f8252693bf3b0b6bff1188
RF_20230419_1445.png,2023-04-19 14:45:00,de975c1e2d333e552c59c837cde5c8e70cbc4d6c3c12ed25232953271d57f6d9
RF_20230419_1500.png,2023-04-19 15:00:00,6cc259a5f340fd4b226f38cac823f21a7cedb7ae054fa6183b57f5660275669b
RF_20230419_1515.png,2023-04-19 15:15:00,c938f6b7d89424d1dbf0dac02f6c43f044cf559b5ca72e631562332726f3ddc9
RF_20230419_1530.png,2023-04-19 15:30:00,ad8d34043abf5d4d4fa57e6c3376797a8800321db69656b11520553c1ea3fd65
RF_20230419_1545.png,2023-04-19 15:45:00,510d83776ccc753f775d1c93e25150891fe3b091b9e9e4387a43d7bbe8112a14
RF_20230419_1600.png,2023-04-19 16:00:00,1407c73224dbac2c03770256ea151743201975a4dd27ad337f2fe5df95e8512c
RF_20230419_1615.png,2023-04-19 16:15:00,723dcadeaeaad678a6088d2a607465a3122c26000fcf52a3253b13ef17aade64
RF_20230419_1630.png,2023-04-19 16:30:00,a769269641fbe6b8204f851fd98d353cd9701b9faa4707e3e8dba0c02d7169d5
RF_20230419_1645.png,2023-04-19 16:45:00,9169eaf4603b07a42169dbf02bf3dfdc9afa2f8131ffda0c7a7fbb675629d826
RF_20230419_1700.png,2023-04-19 17:00:00,5557e5d6656d2758335d91ec2a8b9ca4f8bb3d3cb1da38f3c33d112c36834c92
RF_20230419_1715.png,2023-04-19 17:15:00,5bcac93139ac63ce16dba162621d9d5f8b87122e1b45f779c4b0181e856b10bd
RF_20230419_1730.png,2023-04-19 17:30:00,61acada5fb4039897f6e34843f93863fbea7aed924bec304d39ed130ccc79725
RF_20230419_1745.png,2023-04-19 17:45:00,6c16ca572494e8533d6fbee53c0ab847b7203a92d83a4d622bb138000db8587b
RF_20230419_1800.png,2023-04-19 18:00:00,6d4321341693ace02453f6900acf0b87444ada68e58947cf868462ec53bcb22c
RF_20230419_1815.png,2023-04-19 18:15:00,d7952c8102a32c8f60df288c8359e4f227b672bfb5ec11ead372b7c12707c05a
RF_20230419_1830.png,2023-04-19 18:30:00,3dcb4c68d36d11b1db1d61aa9f03945b5e67671abc15687c9867c5274cf8f5d0
RF_20230419_1845.png,2023-04-19 18:45:00,db3f9e5599133f265fa02833f741dc48cacd030b64afa1e2090e3582a2bd466c
RF_20230419_1900.png,2023-04-19 19:00:00,0b0ab657fe5cffc796bab119ee1372afe93a858ab56c06f9777159f76b4dcb19
RF_20230419_1915.png,2023-04-19 19:15:00,2cb7a252a99b730f8cb8d20a62ce91a41dffe098ccc2bb25af6d9fd9590bbc70
RF_20230419_1930.png,2023-04-19 19:30:00,1b07080f6876a1b04738c8cefad781e834af8a20a0732ed87b018d3e13ddd57b
RF_20230419_1945.png,2023-04-19 19:45:00,22057812b6154fca1691bc8b59f96b366dd11811882668a5d4799a0254dc25de
RF_20230419_2000.png,2023-04-19 20:00:00,eab8334e0cc43cae18a148dcbd4a712cc56f3916a120046b6f59233b1db05863
RF_20230419_2015.png,2023-04-19 20:15:00,4c4a14868c449074a36b0d3ddc2d65a021237b0e68971f42c26c83942ff18d21
RF_20230419_2030.png,2023-04-19 20:30:00,ce33b45fc2e9a020e3e39a92bcaf92eaed20b78f90fd084326fc4eab92c6ac25
RF_20230419_2045.png,2023-04-19 20:45:00,14c93f765192ff975cab3be485f0caa32fd3373770921306913e790e7cab7026
RF_20230419_2100.png,2023-04-19 21:00:00,c07a007cd277b137370836b50e76f9f2a499c6b398d0e80891c423256ebdc22e
RF_20230419_2115.png,2023-04-19 21:15:00,9fb7f2cd43cadb55a23bb7f5eb29e6e0e9eb6eaefce35537bc9069771aab3520
RF_20230419_2130.png,2023-04-19 21:30:00,5c4eca250fa9b4289f3931c60529549817f5ceda34eb7c22eeac4eaa9f6e0632
RF_20230419_2145.png,2023-04-19 21:45:00,723772ce0bd683b6aea7c783da454d1828882f4578a0d972a0fb143e064024f7
RF_20230419_2200.png,2023-04-19 22:00:00,5263226f4dbc23b67a7df647603337a5df159ecff9e444a024474692b520484e
RF_20230419_2215.png,2023-04-19 22:15:00,baa9342693c26347f92539ef689549f0894a50d48276e0a8920a88d72510fd46
RF_20230419_2230.png,2023-04-19 22:30:00,53951d92b5045507486b0424bea1209e730e9c6f7c9934eae1b7f3275e3e24d6
RF_20230419_2245.png,2023-04-19 22:45:00,550828b2a63a502021498cc1e442c61195d9dddafc497dad8d97185ed6e1a230
RF_20230419_2300.png,2023-04-19 23:00:00,48aede5ed9f5c501775ff86f9c1241993521434d32c32190f671b5a8238ac397
RF_20230419_2315.png,2023-04-19 23:15:00,69edde392f1d4e3bf8e5ab9aa5fa25ab2187fcbb6b428cffa2c5ef31820ca14e
RF_20230419_2330.png,2023-04-19 23:30:00,054dc5d101cd55a35fac4005d02927e2d9d48ea0a1845890c0e0e905dd3a032c
RF_20230419_2345.png,2023-04-19 23:45:00,4d7b0e00ae824d56b1764287d3c81f4facfb23a20b887bcbf83657f8bb86552f
RF_20230420_0000.png,2023-04-20 00:00:00,f9a35b787504c1bc34c460692fcbbd4b4d4f7995f1d19315db38a51f3a147195
RF_20230420_0015.png,2023-04-20 00:15:00,6a7b5d7b13790f60448442bb5cf7a81b745bddad5e2bfc44cee567e0acabe4f4
RF_20230420_0030.png,2023-04-20 00:30:00,d668865bde1f6ea8119e4d858f55f1d29277c7bbd6f98ea6f548ed99b930a074
RF_20230420_0045.png,2023-04-20 00:45:00,372ca34ccfa99294a0dca63971a0e9d535c6c2176089f88ee16e13d6db035ec7
RF_20230420_0100.png,2023-04-20 01:00:00,262832ad194b204569f016055cf3d3b28462d408499f2fd946b60bfc2c06c2ca
RF_20230420_0115.png,2023-04-20 01:15:00,1091e9bb7cd5e2521ea05ccd2c3c037d6a86b3e4350b023de4f0ac501633824d
RF_20230420_0130.png,2023-04-20 01:30:00,3ecccc7f7fe7bbcf499cc0bc91f3ee2051a90a0e8711a5b79a109edc9705bc42
RF_20230420_0145.png,2023-04-20 01:45:00,23236d90db01bf53cd6c6b18bd136ad27a2b5a18e34097b670747a3f660d5c98
RF_20230420_0200.png,2023-04-20 02:00:00,8077b8297c55238aeb49f21c6fd95625c2382380a2e18ca577f644f9d165ac6c
RF_20230420_0215.png,2023-04-20 02:15:00,58acae2c56e9aefe099075e8155e4586a86ff13fc87b9d85977e68090b947673
RF_20230420_0230.png,2023-04-20 02:30:00,faac48fff1696549b2185cf32a7c9e6b60aaee40219795e53f2f3ccec09d644e
RF_20230420_0245.png,2023-04-20 02:45:00,c95027758ae13650c92c12172f09d5b0212d9171a624e81bdfb15f8aeb38c33f
RF_20230420_0300.png,2023-04-20 03:00:00,b81132f2d73c97f7814416fef74e1d4a207a2d7b801c5bc255903d099c84c91a
RF_20230420_0315.png,2023-04-20 03:15:00,ffe1c311275de887b75d653df1b264be8597e97f6125986ec9db2af66289737d
RF_20230420_0330.png,2023-04-20 03:30:00,31f9dcda16e229c5db031b3bb4501edcec0cb0afa4d4734b29c779c9494e634e
RF_20230420_0345.png,2023-04-20 03:45:00,732e0757ce3309716077c92a21fc78e099e86bf134a92f50b8cc336d57edce34
RF_20230420_0400.png,2023-04-20 04:00:00,ac05b9d87693929af117930f3ce418e6d907664e88b06aa95937143ee60d92d1
RF_20230420_0415.png,2023-04-20 04:15:00,0f9accef8f3057f0b71f1ba7ea98aa86993760cec922dd684ddf3315c64ed86e
RF_20230420_0430.png,2023-04-20 04:30:00,71652fa81d1edfedec8658a88ef8d7e7ddc9b0766583efb2fb655a62b333409e
RF_20230420_0445.png,2023-04-20 04:45:00,ef09853ec5f220f010e10dab4a44d0787bec01e064157aaae561cb3c6c20d416
RF_20230420_0500.png,2023-04-20 05:00:00,c4dc766ace36521429d51ff541516588fe08bffee411d85ace25cb76800ee058
RF_20230420_0515.png,2023-04-20 05:15:00,ddc44a3cf779e3e87de4537b9076b9864f1705c4f1ede784ea946360650e13dc
RF_20230420_0530.png,2023-04-20 05:30:00,b5cad0dc7becd56b07bbd16d94d2d76e70b3df172b5b9f11a1fec7464c0ac089
RF_20230420_0545.png,2023-04-20 05:45:00,fc8bcd0df4635de447b41e7c4303ca82bd0a971e2ef69f79c97ea118155f1ab8
RF_20230420_0600.png,2023-04-20 06:00:00,22271d34b3e25ef8668a82a3537761adf77ddd9f5ee0a0923005643bcccfabb7
RF_20230420_0615.png,2023-04-20 06:15:00,54a0448c69af6a6dd5a369e7a66dcacca6ace3dd61d2caf21700f64c905151a4
RF_20230420_0630.png,2023-04-20 06:30:00,e5d29885caacaa6b78d2071a20abc9c1681661e99d24bdc9fc064d31921bc499
RF_20230420_0645.png,2023-04-20 06:45:00,353410557daf993989b00689252e8249704ec1d4afc90cdb69429c8cddd1a53f
RF_20230420_0700.png,2023-04-20 07:00:00,8f115fb91aebf2cfc20e5df0af4680075af11b0ef88636ed167fb545f1ac65f0
RF_20230420_0715.png,2023-04-20 07:15:00,66fede966ba71001108a6a2b26e716935eb0547900900aa93da3a80cf8015e0e
RF_20230420_0730.png,2023-04-20 07:30:00,d65b7f6d0c816cbac851cb218711a41293c6d5657390bea228e2edab3b098c51
RF_20230420_0745.png,2023-04-20 07:45:00,51af9409d045a79c6b0e211aee8500726448cecbee7ae3b2b4e6531a411edc03
RF_20230420_0800.png,2023-04-20 08:00:00,289f24cb89795414a39e558d77f8f70681d6f5f34ef3a6b9a24f6c97a487df76
RF_20230420_0815.png,2023-04-20 08:15:00,4e096fac2397e82c44cd01f5285a48d5ae972e18317d5b2b5cf662fe77d7b7d0
RF_20230420_0830.png,2023-04-20 08:30:00,c35bc2dcbd58e56cd62e0e50b2feb5a8476890aae98d107eb26829c8755a1f20
RF_20230420_0845.png,2023-04-20 08:45:00,cc101f50f93947e59ea5f45ba39ae9a28c181eda65e7233165c1d7b83f4fdd0f
RF_20230420_0900.png,2023-04-20 09:00:00,542f2bbf266986e816ed7ce0d2bc6e9d665643f75e737e605b0ed857e26682c1
RF_20230420_0915.png,2023-04-20 09:15:00,069f6eb42144dcc6f8cad9d611e9e423991ea01e70ee203a2245b4fe7e45873b
RF_20230420_0930.png,2023-04-20 09:30:00,abf2fa2f1dd53553d1971a8e93e2264669761a5dcc5af4b7f8ed1d80db5cda77
RF_20230420_0945.png,2023-04-20 09:45:00,ad9250c29c4965ad33592d1f78f94fdde732e35f9fa41d788a66c2c6d31ccc5d
RF_20230420_1000.png,2023-04-20 10:00:00,5bf8850d3686a7bd5e075b7945b73abc3d42cd734693b99afcebbadab21088d0
RF_20230420_1015.png,2023-04-20 10:15:00,21912d0346a5b00df9b7435379dfebd266de2a0e2383d66e04ba83dfe73ea5cb
RF_20230420_1030.png,2023-04-20 10:30:00,c04981736de4fa6bba3581a4f04f7ab342f5492e407aed2d8a8c5ea0fdb7c376
RF_20230420_1045.png,2023-04-20 10:45:00,61492709ccb2801e3630bad254ef66ea0059597eb93b296dc2d410e8a7128372
RF_20230420_1100.png,2023-04-20 11:00:00,3770e3b18a96c3dc3bde5fe3c2ef16baa251220630df026966bf792acbfaec96
RF_20230420_1115.png,2023-04-20 11:15:00,3d655a5ba659d78374599ea5e1abe15617979928766a672cc9b8eedb7bb582f7
RF_20230420_1130.png,2023-04-20 11:30:00,c14512b89af190afbbc732a7d9583d459a3dff9b9774f1e75dadf8987f9618d0
RF_20230420_1145.png,2023-04-20 11:45:00,7da814133c077adc8bb3df577c2be0b5783f7fb72f9d25b355941dc0e7884557
RF_20230420_1200.png,2023-04-20 12:00:00,0b0bc22d9441e0efd1c6208c1183287760432ff5ae97145c698121b31e48710a
RF_20230420_1215.png,2023-04-20 12:15:00,6cbb5e427708723f678f5f473b7d03947ef86bd567a7dbde15566c3bed76ad5b
RF_20230420_1230.png,2023-04-20 12:30:00,02eca1e91e0310a0a20e20c28ea9fb68f30055d10d16c66aa549f610226789a7
RF_20230420_1245.png,2023-04-20 12:45:00,e28e6775df072072e2287fa3d51103d495a02a330efbae90240627b93b63741a
RF_20230420_1300.png,2023-04-20 13:00:00,88cf2030d6e0c8f02b14465986c3363e68af35e66a2fec1c53c1ecac271129ca
RF_20230420_1315.png,2023-04-20 13:15:00,f14f36961df8f807b28d0f47621886c9298e4736f3ae4d058832ef0e5e78be54
RF_20230420_1330.png,2023-04-20 13:30:00,5cec8f962503536c80ed2920958eed30dff4be2f3b3aaac801b7f8cd396fd682
RF_20230420_1345.png,2023-04-20 13:45:00,9ef5929800a0d36a39d674aa77ca76685ee726fb097bb655575db0deea96904d
RF_20230420_1400.png,2023-04-20 14:00:00,9b2586d12e450f381b6a21a3daa275bd230a14470e13317b3259e7a0c2cd6aa8
RF_20230420_1415.png,2023-04-20 14:15:00,88d18135e96da63c3e813c31e2e7fecbafb17be4e548d0c7ddb64a85be3f93c1
RF_20230420_1430.png,2023-04-20 14:30:00,131395e2e925ba19b81504bd5d53dc77e7c84abe55348ad4f912a8ec4455faaa
RF_20230420_1445.png,2023-04-20 14:45:00,57c091cc38f18aa57c9f190fabd57aa6b4065bb5aa66225baea5a293e3285606
RF_20230420_1500.png,2023-04-20 15:00:00,ebee192cc1dedf3ab4f2bfcc1d1166999626ad6aac6576b9e2549aee54743367
RF_20230420_1515.png,2023-04-20 15:15:00,65d0862013e2e9e402e685dda4c6240adc60e5275ecf975845ec874bb33b4a8c
RF_20230420_1530.png,2023-04-20 15:30:00,c5575d875bd8af5651b9a1144a2bc836859c8ade5c4b28cddc11aaf1c12aaa50
RF_20230420_1545.png,2023-04-20 15:45:00,81e4c6a19a6b32333af8b2f7df99df54b95fcd43de16ee2842268fc86fff3da8
RF_20230420_1600.png,2023-04-20 16:00:00,0d262addf593b6bad3aa47cc37b27c0d30b0fe1638a34895090a90fbd9957d5a
RF_20230420_1615.png,2023-04-20 16:15:00,753fd64fee0550ac2aa22407aae310dd53a6b82fbefc7b86edef5819206f1e38
RF_20230420_1630.png,2023-04-20 16:30:00,ae001d9849ec578e0b163155de14e6cd80b0671121d20d393c743b13e73a0704
RF_20230420_1645.png,2023-04-20 16:45:00,119dab07a0b1ee3337ce86fa621850eb28f2538f5558d5b54ee2bd2f7e7f7917
RF_20230420_1700.png,2023-04-20 17:00:00,2b996b0e3e189d91dd515747b5fc4c1f24138972d6f7a7608866a8bd0fc47f0d
RF_20230420_1715.png,2023-04-20 17:15:00,7de6e05091b0e176110b971197c924424a339ec2695f5c66c5f96d2c2d26fe6a
RF_20230420_1730.png,2023-04-20 17:30:00,dc7b1f8c2056e41b46c69ca22ece33c7cd1c2c4a193ffeb62a25c630a7959b46
RF_20230420_1745.png,2023-04-20 17:45:00,15d1743b079d31f9780208d4527cb36eb116446f86338405a2a5c8a92bdb0777
RF_20230420_1800.png,2023-04-20 18:00:00,c3add61cdaff4246264cf6368e9548385a4e80b7030c84f785e133be53e2aac0
RF_20230420_1815.png,2023-04-20 18:15:00,382a340abd8ac13367160386e2beb89f47f4454cced88f844a2c31f2636c8fbd
RF_20230420_1830.png,2023-04-20 18:30:00,8e1f711a30e11a66a4e264b86a3e3dbf2f37a7877205c1e489e8c964b44eafd2
RF_20230420_1845.png,2023-04-20 18:45:00,120f656290d52ea738bf6090d54484dfd6fffb2986d6bd71a01e19475ebd5fff
RF_20230420_1900.png,2023-04-20 19:00:00,197602c6823b6473fd5b09a8d4b299b48bc07dfa54e5214b7c0080e46584f341
RF_20230420_1915.png,2023-04-20 19:15:00,5b577f16cdc010b01b595bd94ec591b123d25603b1f44f3c7e1a40f364a107aa
RF_20230420_1930.png,2023-04-20 19:30:00,d07e621d2e7d00590438762c8b063d1ac481674fbd67eb8f7dfa85ca12481659
RF_20230420_1945.png,2023-04-20 19:45:00,c3348ae5a3f0011080c56a65d98902a0087cf55cf83d940ec82786605ea0017a
RF_20230420_2000.png,2023-04-20 20:00:00,8fa337c3eed82f119873fee46ac43d327b2690c477443801a3f37774059a238b
RF_20230420_2015.png,2023-04-20 20:15:00,a0506060f06c8bca9272575aace53ca1f8141af437b681c3d377578cb81e3662
RF_20230420_2030.png,2023-04-20 20:30:00,00419660154a96e8df6bc8a071f50f8fedf5c0066e6a645fc84572ed2e1094ac
RF_20230420_2045.png,2023-04-20 20:45:00,19dd911362a593471122477194bc84cc62b16cb4bdc3c73b37cf150ca40d540b
RF_20230420_2100.png,2023-04-20 21:00:00,523e5c835fca5a8c39762d16bc442ac4ac836aceb2f524b17087c8814562de48
RF_20230420_2115.png,2023-04-20 21:15:00,e8c3bcac354fbd6e28b2afae87fd83590491ca5f01f14c06c93cca988b877a9e
RF_20230420_2130.png,2023-04-20 21:30:00,91ac4fc34838f3cb44e7ea0b62d3f8ae6eac2569f740f2b85542b839a9c4a29f
RF_20230420_2145.png,2023-04-20 21:45:00,4343f7744c4df080a22ca58b1bf18659c3fbd8a580dd7baca52fbcdf845531f3
RF_20230420_2200.png,2023-04-20 22:00:00,ef8af4a5a630325f3e6dc240420795d2a8268ac2e0c9c22052bc6565035b265a
RF_20230420_2215.png,2023-04-20 22:15:00,178c9f2bbf7084c92e7c9bb9516ff12c22c2639dfc06b669ebc4bc7610da70d8
RF_20230420_2230.png,2023-04-20 22:30:00,8e754919dd2b11263555254c802fd78ca4469986d50a0326018c8dec0ca1d56f
RF_20230420_2245.png,2023-04-20 22:45:00,a2b63e22a10bfd42b5423424cd664e3e3a51bde6ab62b9b9bc44a0fce6bf8764
RF_20230420_2300.png,2023-04-20 23:00:00,2a37409bf1435a54307176938dc73ffd0c7230125b3dca6e368cf96c43d89373
RF_20230420_2315.png,2023-04-20 23:15:00,fcdd2ec0523a3784fe61866fa3bfc6709bfddd1d1ddfca1645466c2c30e5fb16
RF_20230420_2330.png,2023-04-20 23:30:00,d5182233f2573b69a66eeb0674ebca2bddaefef3576ef330e9827a8c2c3a2b9e
RF_20230420_2345.png,2023-04-20 23:45:00,c1264a8ca01ee962994cc523cb373146f74d7989873f83a0de129f7923208a4f
RF_20230421_0000.png,2023-04-21 00:00:00,becbadcd8588c067606a00172b1394cd1ddee300351ba0e6fe8c6ff3ea42919b
RF_20230421_0015.png,2023-04-21 00:15:00,3914502fa853e816552b5c0968db090a67d01167f0abfa1b49b8e2e6bc124339
RF_20230421_0030.png,2023-04-21 00:30:00,7b63ac51f8d5e5897e480395bdb26603a8a20bd1faa6a0b8bd7bb652199534c9
RF_20230421_0045.png,2023-04-21 00:45:00,b825751f61241a875e67f08ebc8ddb4043dfa419df01289f9777cd8bb105fa95
RF_20230421_0100.png,2023-04-21 01:00:00,148c989ac5949e72dcba94d85cec8ba4448fef631190060432542b89b7d6e6ca
RF_20230421_0115.png,2023-04-21 01:15:00,97effbc4b82228dbedac0e0714756ee6462bce3ab688e8e29b3285b64a388901
RF_20230421_0130.png,2023-04-21 01:30:00,716fd3a4a3fcfdc4f0b08a6b5792438aa39034234fb13c4d307252a775bc63e0
RF_20230421_0145.png,2023-04-21 01:45:00,e172ed2c2c1ab029e2f5cbc55010faf47d8b5a62915e3a5f8bd77677216bfeb0
RF_20230421_0200.png,2023-04-21 02:00:00,2a08a2aa5f7270496b14961f43e2d196a19e735c5e90ef6e6bb2394c0efc45bb
RF_20230421_0215.png,2023-04-21 02:15:00,8693f8fcf6e80d75443602292a57ce4c083d2b2ec7c3edca724531ba0191f8b3
RF_20230421_0230.png,2023-04-21 02:30:00,29c0244f988444688dbc76acb9c590f3e4a3bb717b204a68ea5af4b4208a139b
RF_20230421_0245.png,2023-04-21 02:45:00,6dd8e9d7ca9d2e1b05324e3a46c860ba6094f140467266cdd7bd06ed1d4df675
RF_20230421_0300.png,2023-04-21 03:00:00,06dfa34b40a1540b443cb4959cb57ebbaec6494ca041fb05445298372a6ab1d1
RF_20230421_0315.png,2023-04-21 03:15:00,73b85812719e8333aca58d01d9649e43852da01ab39991d44952dd87e2212623
RF_20230421_0330.png,2023-04-21 03:30:00,1e042537db589e62715b34da8cdda17543e63c3474a2196232c4329b9527e206
RF_20230421_0345.png,2023-04-21 03:45:00,245d4752188db24e6eaf913389f8917f644fd47ce451feb9fda3120e300da56a
RF_20230421_0400.png,2023-04-21 04:00:00,47fd889eec40d97cb3321b8a406ec2a22243ae262f8cb48f92864aa62b7429b9
RF_20230421_0415.png,2023-04-21 04:15:00,f6e66f96659aebdc217563799a62d55aaf0b1ffbe11c29fafa4c5b95fff9ae7c
RF_20230421_0430.png,2023-04-21 04:30:00,4a72fc7672a3358d31fc478d118f86a67a3a793113da93283e6492f0ea8f3a33
RF_20230421_0445.png,2023-04-21 04:45:00,378a3de77f64cf1131761fe7332d1012275ebfe5e80803052157912289ad84f2
RF_20230421_0500.png,2023-04-21 05:00:00,f35cca3a3e310b436af5f9fc777099706d622810709911a15a4d39913ba2740f
RF_20230421_0515.png,2023-04-21 05:15:00,f8ab00d5e086f8ccf1c531132314d1fa1ccb0ff1fac5a813aa70f649bcaa507d
RF_20230421_0530.png,2023-04-21 05:30:00,83a6173ae7add93b68d02295dfb4919e74fadb37182f2649a1ea8bc91eb0b4a2
RF_20230421_0545.png,2023-04-21 05:45:00,3f38408894ad9232162b08995adc903bdc0822349aa25fb899d6cc1b11d6f25e
RF_20230421_0600.png,2023-04-21 06:00:00,18cede77e7abf017bc3ece7a16b678ce27629f19a490c498baba7707e1431ad9
RF_20230421_0630.png,2023-04-21 06:30:00,b77b84348ff606fafae48bb2ec6261ab288b5234fd4d06120cdd04936bc70113
RF_20230421_0645.png,2023-04-21 06:45:00,ed271c1fc7acec2a13b7cb83d595589983caad1803c4bb27f88873ebe15c74cc
RF_20230421_0700.png,2023-04-21 07:00:00,80406896a83ded52af33cf9907bc4b1bd1a1df0717a12a62ef8c193e38aefa45
RF_20230421_0715.png,2023-04-21 07:15:00,8b39fdb0e22c161fd98969f16ca8fef0fdad2d4f45a4d32d13b41295e464403d
RF_20230421_0730.png,2023-04-21 07:30:00,9ec4323b571ec8939b86aa12077c9d6dc5f88fecad55c94b86ee8074564a5556
RF_20230421_0745.png,2023-04-21 07:45:00,e7e8f8c2ea9c037fd602e5d1484543ba886d363c80283023600003b3863d9b17
RF_20230421_0800.png,2023-04-21 08:00:00,7c429b54bbc0bff3941683e6ada52f5cefea6005a115aadd5696c11945ef56fe
RF_20230421_0815.png,2023-04-21 08:15:00,bab28a61b353d9fb2ebff74c691518fb77a090baa4fcb2fa8b8af30f1e8a404a
RF_20230421_0830.png,2023-04-21 08:30:00,27c3ce00f38188aa2c349c7456c773fdebb95f7ed263d30b2db70ed1b08cb6ca
RF_20230421_0845.png,2023-04-21 08:45:00,34dd31aee16b72c64fd16c0601efeb536bc4aebe739849ed0978f172087f4bdc
RF_20230421_0900.png,2023-04-21 09:00:00,0348b35d402d43575ce0fc6be09187d1bc134d4e746bdcfaa6f197116b636437
RF_20230421_0915.png,2023-04-21 09:15:00,f1e17dffe02b5530daf8c0c1e56908283352fa63ef8251ec53cd579145458a5a
RF_20230421_0930.png,2023-04-21 09:30:00,3fcf6c5da605eaf346e4310c5b9f93b4ca77b5e3c7c3bcbbab4287ef518eaf6f
RF_20230421_0945.png,2023-04-21 09:45:00,2be66c9dce125b52bcc24f10d84333dc5aca3087e14b2c273d49ca687b09a103
RF_20230421_1000.png,2023-04-21 10:00:00,59cc4cf367d142325745ca2b1023990d3d93e70f38ff495d5346bc012a38776b
RF_20230421_1015.png,2023-04-21 10:15:00,b926aeaa25d64ec48100e0c3943b923699c773ba2a23226453271e86f25b37a6
RF_20230421_1030.png,2023-04-21 10:30:00,f255b2d7c845538b0da5a546558481e7cef988aac3222ddb5fb5e4e50c079149
RF_20230421_1045.png,2023-04-21 10:45:00,0a56ddd3f00940304c7028f15b00c7668d7bd82bb72fba527ec9b171b8764f0a
RF_20230421_1100.png,2023-04-21 11:00:00,935b9827a258a79230c71b03d295b3af53c3270f6dbc5c93754c2d8afeb8fffe
RF_20230421_1115.png,2023-04-21 11:15:00,b6a68c957a72e9342d1048744a7c9966ca183ca0ff6d7b7918285398d187ff6d
RF_20230421_1130.png,2023-04-21 11:30:00,556c8c86da0d85ec54e034874b71c4b97a27b19cac91f103133946389690533d
RF_20230421_1145.png,2023-04-21 11:45:00,3afb560960f55f7488078922c0af33f43466a0869a4d79a682af1a0358eda6fc
RF_20230421_1200.png,2023-04-21 12:00:00,bcb7ecf176447a9fdb5faf0d9e28b5e7d724388222211266720c5d9d9ff43719
RF_20230421_1215.png,2023-04-21 12:15:00,23a1b9be9399a093154a86fadc72f98ad9343ee6e1b738650d9d847f0da1a801
RF_20230421_1230.png,2023-04-21 12:30:00,45ab2926e4d1e1a42a49aea4c26140d4a5a8c61cb61a8c8732b523a8f762c9ac
RF_20230421_1245.png,2023-04-21 12:45:00,b07826a7fa1d8946b4a962d0d8d6d4354f6d45d950a56f5f54d3a30eb4286d4e
RF_20230421_1300.png,2023-04-21 13:00:00,7df8be437fb072146a172db9402a34ce13d5c4134871f0ebaac7a0402b3843b9
RF_20230421_1315.png,2023-04-21 13:15:00,666b7df760b21f289319a6c5a9a1f33baef41895c38aad54d104c174360302db
RF_20230421_1330.png,2023-04-21 13:30:00,2bc30120bd6bb472a4ba94ff8bf610b0f001774ae8eed2e5398b2e373d7468ef
RF_20230421_1345.png,2023-04-21 13:45:00,67c6d52dabd38b64995974fe8c26dc3a9bf757af993513af75a46ed1dad9d7a6
RF_20230421_1400.png,2023-04-21 14:00:00,dea7eb3679a5d777e757015f7873c1270cadc91438e4577cbdc284263fa019e0
