window_id,previous_record_id,next_record_id,previous_UTC,next_UTC,gap_seconds
W1,RX0001,RX0002,2023-04-17 06:31:30,2023-04-17 06:41:45,615
W1,RX0002,RX0003,2023-04-17 06:41:45,2023-04-17 08:30:45,6540
W1,RX0003,RX0004,2023-04-17 08:30:45,2023-04-17 08:41:00,615
W1,RX0004,RX0005,2023-04-17 08:41:00,2023-04-17 08:51:15,615
W1,RX0005,RX0006,2023-04-17 08:51:15,2023-04-17 09:01:30,615
W1,RX0006,RX0007,2023-04-17 09:01:30,2023-04-17 09:11:45,615
W1,RX0007,RX0008,2023-04-17 09:11:45,2023-04-17 09:22:00,615
W1,RX0008,RX0009,2023-04-17 09:22:00,2023-04-17 09:32:15,615
W1,RX0009,RX0010,2023-04-17 09:32:15,2023-04-17 09:42:30,615
W1,RX0010,RX0011,2023-04-17 09:42:30,2023-04-17 09:52:45,615
W1,RX0011,RX0012,2023-04-17 09:52:45,2023-04-17 10:03:00,615
W1,RX0012,RX0013,2023-04-17 10:03:00,2023-04-17 10:17:30,870
W1,RX0013,RX0014,2023-04-17 10:17:30,2023-04-17 10:27:45,615
W1,RX0014,RX0015,2023-04-17 10:27:45,2023-04-17 10:38:00,615
W1,RX0015,RX0016,2023-04-17 10:38:00,2023-04-17 10:48:15,615
W1,RX0016,RX0017,2023-04-17 10:48:15,2023-04-17 10:58:30,615
W1,RX0017,RX0018,2023-04-17 10:58:30,2023-04-17 11:08:45,615
W1,RX0018,RX0019,2023-04-17 11:08:45,2023-04-17 11:19:00,615
W1,RX0019,RX0020,2023-04-17 11:19:00,2023-04-17 11:29:15,615
W1,RX0020,RX0021,2023-04-17 11:29:15,2023-04-17 11:39:30,615
W1,RX0021,RX0022,2023-04-17 11:39:30,2023-04-17 11:49:45,615
W1,RX0022,RX0023,2023-04-17 11:49:45,2023-04-17 12:00:00,615
W1,RX0023,RX0024,2023-04-17 12:00:00,2023-04-17 12:10:15,615
W1,RX0024,RX0025,2023-04-17 12:10:15,2023-04-17 12:20:30,615
W1,RX0025,RX0026,2023-04-17 12:20:30,2023-04-17 12:30:45,615
W1,RX0026,RX0027,2023-04-17 12:30:45,2023-04-17 12:41:00,615
W1,RX0027,RX0028,2023-04-17 12:41:00,2023-04-17 12:51:15,615
W1,RX0028,RX0029,2023-04-17 12:51:15,2023-04-17 13:01:30,615
W1,RX0029,RX0030,2023-04-17 13:01:30,2023-04-17 13:11:45,615
W1,RX0030,RX0031,2023-04-17 13:11:45,2023-04-17 13:22:00,615
W1,RX0031,RX0032,2023-04-17 13:22:00,2023-04-17 13:32:15,615
W1,RX0032,RX0033,2023-04-17 13:32:15,2023-04-17 13:42:30,615
W1,RX0033,RX0034,2023-04-17 13:42:30,2023-04-17 13:52:45,615
W1,RX0034,RX0035,2023-04-17 13:52:45,2023-04-17 20:48:30,24945
W1,RX0035,RX0036,2023-04-17 20:48:30,2023-04-17 20:58:45,615
W1,RX0036,RX0037,2023-04-17 20:58:45,2023-04-17 21:09:00,615
W1,RX0037,RX0038,2023-04-17 21:09:00,2023-04-17 21:19:15,615
W1,RX0038,RX0039,2023-04-17 21:19:15,2023-04-17 21:29:30,615
W1,RX0039,RX0040,2023-04-17 21:29:30,2023-04-17 21:39:45,615
W1,RX0040,RX0041,2023-04-17 21:39:45,2023-04-17 21:50:00,615
W1,RX0041,RX0042,2023-04-17 21:50:00,2023-04-17 22:00:15,615
W1,RX0042,RX0043,2023-04-17 22:00:15,2023-04-17 22:10:30,615
W1,RX0043,RX0044,2023-04-17 22:10:30,2023-04-17 22:20:45,615
W1,RX0044,RX0045,2023-04-17 22:20:45,2023-04-17 22:31:00,615
W1,RX0045,RX0046,2023-04-17 22:31:00,2023-04-17 22:41:15,615
W1,RX0046,RX0047,2023-04-17 22:41:15,2023-04-17 22:51:30,615
W1,RX0047,RX0048,2023-04-17 22:51:30,2023-04-17 23:01:45,615
W1,RX0048,RX0049,2023-04-17 23:01:45,2023-04-17 23:12:00,615
W1,RX0049,RX0050,2023-04-17 23:12:00,2023-04-17 23:22:15,615
W1,RX0050,RX0051,2023-04-17 23:22:15,2023-04-17 23:32:30,615
W1,RX0051,RX0052,2023-04-17 23:32:30,2023-04-17 23:42:45,615
W1,RX0052,RX0053,2023-04-17 23:42:45,2023-04-17 23:53:00,615
W1,RX0053,RX0054,2023-04-17 23:53:00,2023-04-18 00:03:15,615
W1,RX0054,RX0055,2023-04-18 00:03:15,2023-04-18 00:13:30,615
W1,RX0055,RX0056,2023-04-18 00:13:30,2023-04-18 01:25:00,4290
W1,RX0056,RX0057,2023-04-18 01:25:00,2023-04-18 01:35:15,615
W1,RX0057,RX0059,2023-04-18 01:35:15,2023-04-18 02:05:45,1830
W1,RX0059,RX0060,2023-04-18 02:05:45,2023-04-18 02:16:00,615
W1,RX0060,RX0062,2023-04-18 02:16:00,2023-04-18 02:26:15,615
W1,RX0062,RX0065,2023-04-18 02:26:15,2023-04-18 02:57:00,1845
W1,RX0065,RX0067,2023-04-18 02:57:00,2023-04-18 03:07:15,615
W1,RX0067,RX0069,2023-04-18 03:07:15,2023-04-18 03:17:45,630
W1,RX0069,RX0071,2023-04-18 03:17:45,2023-04-18 03:38:00,1215
W1,RX0071,RX0073,2023-04-18 03:38:00,2023-04-18 03:48:15,615
W1,RX0073,RX0075,2023-04-18 03:48:15,2023-04-18 04:08:45,1230
W1,RX0075,RX0077,2023-04-18 04:08:45,2023-04-18 04:19:00,615
W1,RX0077,RX0078,2023-04-18 04:19:00,2023-04-18 04:29:15,615
W1,RX0078,RX0080,2023-04-18 04:29:15,2023-04-18 04:39:30,615
W1,RX0080,RX0081,2023-04-18 04:39:30,2023-04-18 04:49:45,615
W1,RX0081,RX0082,2023-04-18 04:49:45,2023-04-18 05:00:00,615
W1,RX0082,RX0083,2023-04-18 05:00:00,2023-04-18 05:10:15,615
W1,RX0083,RX0085,2023-04-18 05:10:15,2023-04-18 05:20:30,615
W1,RX0085,RX0086,2023-04-18 05:20:30,2023-04-18 05:30:45,615
W1,RX0086,RX0088,2023-04-18 05:30:45,2023-04-18 05:41:00,615
W1,RX0088,RX0090,2023-04-18 05:41:00,2023-04-18 05:51:15,615
W1,RX0090,RX0091,2023-04-18 05:51:15,2023-04-18 06:01:30,615
W1,RX0091,RX0093,2023-04-18 06:01:30,2023-04-18 06:11:45,615
W1,RX0093,RX0095,2023-04-18 06:11:45,2023-04-18 06:22:00,615
W1,RX0095,RX0096,2023-04-18 06:22:00,2023-04-18 06:32:15,615
W1,RX0096,RX0098,2023-04-18 06:32:15,2023-04-18 06:42:30,615
W1,RX0098,RX0100,2023-04-18 06:42:30,2023-04-18 06:52:45,615
W1,RX0100,RX0102,2023-04-18 06:52:45,2023-04-18 07:13:15,1230
W1,RX0102,RX0104,2023-04-18 07:13:15,2023-04-18 07:23:30,615
W1,RX0104,RX0105,2023-04-18 07:23:30,2023-04-18 07:33:45,615
W1,RX0105,RX0107,2023-04-18 07:33:45,2023-04-18 07:44:00,615
W1,RX0107,RX0109,2023-04-18 07:44:00,2023-04-18 07:54:15,615
W1,RX0109,RX0111,2023-04-18 07:54:15,2023-04-18 08:04:30,615
W1,RX0111,RX0112,2023-04-18 08:04:30,2023-04-18 08:14:45,615
W1,RX0112,RX0114,2023-04-18 08:14:45,2023-04-18 08:25:00,615
W1,RX0114,RX0117,2023-04-18 08:25:00,2023-04-18 08:35:15,615
W1,RX0117,RX0120,2023-04-18 08:35:15,2023-04-18 08:45:30,615
W1,RX0120,RX0123,2023-04-18 08:45:30,2023-04-18 08:55:45,615
W1,RX0123,RX0124,2023-04-18 08:55:45,2023-04-18 09:06:00,615
W1,RX0124,RX0125,2023-04-18 09:06:00,2023-04-18 09:16:15,615
W1,RX0125,RX0127,2023-04-18 09:16:15,2023-04-18 09:26:30,615
W1,RX0127,RX0128,2023-04-18 09:26:30,2023-04-18 09:36:45,615
W1,RX0128,RX0130,2023-04-18 09:36:45,2023-04-18 09:47:00,615
W1,RX0130,RX0132,2023-04-18 09:47:00,2023-04-18 10:28:00,2460
W1,RX0132,RX0133,2023-04-18 10:28:00,2023-04-18 10:38:15,615
W1,RX0133,RX0134,2023-04-18 10:38:15,2023-04-18 10:48:30,615
W1,RX0134,RX0136,2023-04-18 10:48:30,2023-04-18 10:58:45,615
W1,RX0136,RX0137,2023-04-18 10:58:45,2023-04-18 11:09:00,615
W1,RX0137,RX0139,2023-04-18 11:09:00,2023-04-18 11:19:15,615
W1,RX0139,RX0141,2023-04-18 11:19:15,2023-04-18 11:29:30,615
W1,RX0141,RX0142,2023-04-18 11:29:30,2023-04-18 11:39:45,615
W1,RX0142,RX0143,2023-04-18 11:39:45,2023-04-18 11:50:00,615
W1,RX0143,RX0144,2023-04-18 11:50:00,2023-04-18 12:00:15,615
W1,RX0144,RX0145,2023-04-18 12:00:15,2023-04-18 12:10:30,615
W1,RX0145,RX0146,2023-04-18 12:10:30,2023-04-18 12:20:45,615
W1,RX0146,RX0148,2023-04-18 12:20:45,2023-04-18 12:31:00,615
W1,RX0148,RX0149,2023-04-18 12:31:00,2023-04-18 12:41:30,630
W1,RX0149,RX0150,2023-04-18 12:41:30,2023-04-18 12:51:30,600
W1,RX0150,RX0151,2023-04-18 12:51:30,2023-04-18 13:01:45,615
W1,RX0151,RX0153,2023-04-18 13:01:45,2023-04-18 13:12:00,615
W1,RX0153,RX0154,2023-04-18 13:12:00,2023-04-18 13:22:15,615
W1,RX0154,RX0155,2023-04-18 13:22:15,2023-04-18 13:32:30,615
W1,RX0155,RX0157,2023-04-18 13:32:30,2023-04-18 13:42:45,615
W1,RX0157,RX0158,2023-04-18 13:42:45,2023-04-18 13:53:00,615
W1,RX0158,RX0160,2023-04-18 13:53:00,2023-04-18 14:03:15,615
W1,RX0160,RX0162,2023-04-18 14:03:15,2023-04-18 14:13:30,615
W1,RX0162,RX0163,2023-04-18 14:13:30,2023-04-18 14:23:45,615
W1,RX0163,RX0164,2023-04-18 14:23:45,2023-04-18 14:34:00,615
W1,RX0164,RX0165,2023-04-18 14:34:00,2023-04-18 14:44:15,615
W1,RX0165,RX0166,2023-04-18 14:44:15,2023-04-18 14:54:30,615
W1,RX0166,RX0168,2023-04-18 14:54:30,2023-04-18 15:15:00,1230
W1,RX0168,RX0169,2023-04-18 15:15:00,2023-04-18 15:25:15,615
W1,RX0169,RX0171,2023-04-18 15:25:15,2023-04-18 15:35:30,615
W1,RX0171,RX0172,2023-04-18 15:35:30,2023-04-18 15:45:45,615
W1,RX0172,RX0173,2023-04-18 15:45:45,2023-04-18 15:56:15,630
W1,RX0173,RX0174,2023-04-18 15:56:15,2023-04-18 16:06:15,600
W1,RX0174,RX0176,2023-04-18 16:06:15,2023-04-18 16:16:30,615
W1,RX0176,RX0177,2023-04-18 16:16:30,2023-04-18 16:27:00,630
W1,RX0177,RX0179,2023-04-18 16:27:00,2023-04-18 16:37:00,600
W1,RX0179,RX0183,2023-04-18 16:37:00,2023-04-18 17:18:00,2460
W1,RX0183,RX0184,2023-04-18 17:18:00,2023-04-18 17:28:15,615
W1,RX0184,RX0187,2023-04-18 17:28:15,2023-04-18 17:48:45,1230
W1,RX0187,RX0188,2023-04-18 17:48:45,2023-04-18 17:59:00,615
W1,RX0188,RX0190,2023-04-18 17:59:00,2023-04-18 18:09:15,615
W1,RX0190,RX0191,2023-04-18 18:09:15,2023-04-18 18:19:30,615
W1,RX0191,RX0192,2023-04-18 18:19:30,2023-04-18 18:29:45,615
W1,RX0192,RX0194,2023-04-18 18:29:45,2023-04-18 18:40:00,615
W1,RX0194,RX0196,2023-04-18 18:40:00,2023-04-18 18:50:15,615
W1,RX0196,RX0197,2023-04-18 18:50:15,2023-04-18 19:00:30,615
W1,RX0197,RX0199,2023-04-18 19:00:30,2023-04-18 19:10:45,615
W1,RX0199,RX0201,2023-04-18 19:10:45,2023-04-18 19:21:00,615
W1,RX0201,RX0202,2023-04-18 19:21:00,2023-04-18 19:31:15,615
W1,RX0202,RX0204,2023-04-18 19:31:15,2023-04-18 19:41:30,615
W1,RX0204,RX0206,2023-04-18 19:41:30,2023-04-18 19:51:45,615
W1,RX0206,RX0207,2023-04-18 19:51:45,2023-04-18 20:02:00,615
W1,RX0207,RX0209,2023-04-18 20:02:00,2023-04-18 20:12:15,615
W1,RX0209,RX0211,2023-04-18 20:12:15,2023-04-18 20:22:30,615
W1,RX0211,RX0212,2023-04-18 20:22:30,2023-04-18 20:32:45,615
W1,RX0212,RX0214,2023-04-18 20:32:45,2023-04-18 20:43:00,615
W1,RX0214,RX0215,2023-04-18 20:43:00,2023-04-18 20:53:15,615
W1,RX0215,RX0216,2023-04-18 20:53:15,2023-04-18 21:03:30,615
W1,RX0216,RX0217,2023-04-18 21:03:30,2023-04-18 21:13:45,615
W1,RX0217,RX0219,2023-04-18 21:13:45,2023-04-18 21:24:00,615
W1,RX0219,RX0220,2023-04-18 21:24:00,2023-04-18 21:34:15,615
W1,RX0220,RX0222,2023-04-18 21:34:15,2023-04-18 21:44:30,615
W1,RX0222,RX0224,2023-04-18 21:44:30,2023-04-18 21:56:15,705
W1,RX0224,RX0226,2023-04-18 21:56:15,2023-04-18 22:06:30,615
W1,RX0226,RX0227,2023-04-18 22:06:30,2023-04-18 22:16:45,615
W1,RX0227,RX0229,2023-04-18 22:16:45,2023-04-18 22:27:00,615
W1,RX0229,RX0231,2023-04-18 22:27:00,2023-04-18 22:37:15,615
W1,RX0231,RX0232,2023-04-18 22:37:15,2023-04-18 22:47:30,615
W1,RX0232,RX0234,2023-04-18 22:47:30,2023-04-18 22:57:45,615
W1,RX0234,RX0235,2023-04-18 22:57:45,2023-04-18 23:08:00,615
W1,RX0235,RX0236,2023-04-18 23:08:00,2023-04-18 23:18:15,615
W1,RX0236,RX0237,2023-04-18 23:18:15,2023-04-18 23:28:30,615
W1,RX0237,RX0238,2023-04-18 23:28:30,2023-04-18 23:38:45,615
W1,RX0238,RX0239,2023-04-18 23:38:45,2023-04-18 23:49:00,615
W1,RX0239,RX0240,2023-04-18 23:49:00,2023-04-19 00:12:45,1425
W1,RX0240,RX0241,2023-04-19 00:12:45,2023-04-19 00:23:00,615
W1,RX0241,RX0242,2023-04-19 00:23:00,2023-04-19 00:33:15,615
W1,RX0242,RX0243,2023-04-19 00:33:15,2023-04-19 00:43:30,615
W1,RX0243,RX0244,2023-04-19 00:43:30,2023-04-19 00:53:45,615
W1,RX0244,RX0245,2023-04-19 00:53:45,2023-04-19 01:04:00,615
W1,RX0245,RX0246,2023-04-19 01:04:00,2023-04-19 01:14:15,615
W1,RX0246,RX0247,2023-04-19 01:14:15,2023-04-19 01:24:30,615
W1,RX0247,RX0248,2023-04-19 01:24:30,2023-04-19 01:34:45,615
W1,RX0248,RX0249,2023-04-19 01:34:45,2023-04-19 01:45:15,630
W1,RX0249,RX0250,2023-04-19 01:45:15,2023-04-19 02:15:45,1830
W1,RX0250,RX0251,2023-04-19 02:15:45,2023-04-19 02:26:15,630
W1,RX0251,RX0252,2023-04-19 02:26:15,2023-04-19 02:36:30,615
W1,RX0252,RX0253,2023-04-19 02:36:30,2023-04-19 02:46:30,600
W1,RX0253,RX0254,2023-04-19 02:46:30,2023-04-19 02:56:45,615
W1,RX0254,RX0255,2023-04-19 02:56:45,2023-04-19 03:07:00,615
W1,RX0255,RX0256,2023-04-19 03:07:00,2023-04-19 03:17:30,630
W1,RX0256,RX0257,2023-04-19 03:17:30,2023-04-19 03:27:45,615
W1,RX0257,RX0258,2023-04-19 03:27:45,2023-04-19 03:37:45,600
W1,RX0258,RX0259,2023-04-19 03:37:45,2023-04-19 04:18:45,2460
W1,RX0259,RX0260,2023-04-19 04:18:45,2023-04-19 04:39:15,1230
W1,RX0260,RX0261,2023-04-19 04:39:15,2023-04-19 04:49:30,615
W1,RX0261,RX0262,2023-04-19 04:49:30,2023-04-19 04:59:45,615
W1,RX0262,RX0263,2023-04-19 04:59:45,2023-04-19 05:10:00,615
W1,RX0263,RX0264,2023-04-19 05:10:00,2023-04-19 05:20:15,615
W1,RX0264,RX0265,2023-04-19 05:20:15,2023-04-19 05:30:30,615
W1,RX0265,RX0266,2023-04-19 05:30:30,2023-04-19 05:41:00,630
W1,RX0266,RX0267,2023-04-19 05:41:00,2023-04-19 05:51:00,600
W1,RX0267,RX0268,2023-04-19 05:51:00,2023-04-19 06:01:15,615
W1,RX0268,RX0269,2023-04-19 06:01:15,2023-04-19 06:11:30,615
W1,RX0269,RX0270,2023-04-19 06:11:30,2023-04-19 06:21:45,615
W1,RX0270,RX0271,2023-04-19 06:21:45,2023-04-19 06:32:00,615
W1,RX0271,RX0272,2023-04-19 06:32:00,2023-04-19 06:42:15,615
W1,RX0272,RX0273,2023-04-19 06:42:15,2023-04-19 06:52:30,615
W1,RX0273,RX0274,2023-04-19 06:52:30,2023-04-19 07:02:45,615
W1,RX0274,RX0275,2023-04-19 07:02:45,2023-04-19 07:13:00,615
W1,RX0275,RX0276,2023-04-19 07:13:00,2023-04-19 07:23:15,615
W1,RX0276,RX0277,2023-04-19 07:23:15,2023-04-19 07:33:30,615
W1,RX0277,RX0278,2023-04-19 07:33:30,2023-04-19 07:43:45,615
W1,RX0278,RX0279,2023-04-19 07:43:45,2023-04-19 07:54:00,615
W1,RX0279,RX0281,2023-04-19 07:54:00,2023-04-19 08:05:00,660
W1,RX0281,RX0282,2023-04-19 08:05:00,2023-04-19 08:15:15,615
W1,RX0282,RX0283,2023-04-19 08:15:15,2023-04-19 08:25:30,615
W1,RX0283,RX0284,2023-04-19 08:25:30,2023-04-19 08:35:45,615
W1,RX0284,RX0285,2023-04-19 08:35:45,2023-04-19 08:46:00,615
W1,RX0285,RX0286,2023-04-19 08:46:00,2023-04-19 08:56:15,615
W1,RX0286,RX0287,2023-04-19 08:56:15,2023-04-19 09:06:30,615
W1,RX0287,RX0288,2023-04-19 09:06:30,2023-04-19 09:16:45,615
W1,RX0288,RX0289,2023-04-19 09:16:45,2023-04-19 09:27:00,615
W1,RX0289,RX0290,2023-04-19 09:27:00,2023-04-19 09:37:15,615
W1,RX0290,RX0291,2023-04-19 09:37:15,2023-04-19 09:57:45,1230
W1,RX0291,RX0292,2023-04-19 09:57:45,2023-04-19 10:08:00,615
W1,RX0292,RX0293,2023-04-19 10:08:00,2023-04-19 10:18:15,615
W1,RX0293,RX0294,2023-04-19 10:18:15,2023-04-19 10:39:00,1245
W1,RX0294,RX0295,2023-04-19 10:39:00,2023-04-19 10:49:15,615
W1,RX0295,RX0296,2023-04-19 10:49:15,2023-04-19 10:59:30,615
W2,RX0061,RX0063,2023-04-18 02:16:00,2023-04-18 02:31:15,915
W2,RX0063,RX0066,2023-04-18 02:31:15,2023-04-18 03:00:45,1770
W2,RX0066,RX0068,2023-04-18 03:00:45,2023-04-18 03:16:00,915
W2,RX0068,RX0070,2023-04-18 03:16:00,2023-04-18 03:31:15,915
W2,RX0070,RX0072,2023-04-18 03:31:15,2023-04-18 03:46:30,915
W2,RX0072,RX0074,2023-04-18 03:46:30,2023-04-18 04:01:45,915
W2,RX0074,RX0076,2023-04-18 04:01:45,2023-04-18 04:17:00,915
W2,RX0076,RX0079,2023-04-18 04:17:00,2023-04-18 04:32:15,915
W2,RX0079,RX0084,2023-04-18 04:32:15,2023-04-18 05:18:00,2745
W2,RX0084,RX0087,2023-04-18 05:18:00,2023-04-18 05:33:15,915
W2,RX0087,RX0089,2023-04-18 05:33:15,2023-04-18 05:48:30,915
W2,RX0089,RX0092,2023-04-18 05:48:30,2023-04-18 06:03:45,915
W2,RX0092,RX0094,2023-04-18 06:03:45,2023-04-18 06:19:00,915
W2,RX0094,RX0097,2023-04-18 06:19:00,2023-04-18 06:34:30,930
W2,RX0097,RX0099,2023-04-18 06:34:30,2023-04-18 06:49:30,900
W2,RX0099,RX0101,2023-04-18 06:49:30,2023-04-18 07:04:45,915
W2,RX0101,RX0103,2023-04-18 07:04:45,2023-04-18 07:20:00,915
W2,RX0103,RX0106,2023-04-18 07:20:00,2023-04-18 07:35:15,915
W2,RX0106,RX0113,2023-04-18 07:35:15,2023-04-18 08:19:15,2640
W2,RX0113,RX0126,2023-04-18 08:19:15,2023-04-18 09:23:00,3825
W2,RX0126,RX0129,2023-04-18 09:23:00,2023-04-18 09:38:15,915
W2,RX0129,RX0131,2023-04-18 09:38:15,2023-04-18 10:08:45,1830
W2,RX0131,RX0135,2023-04-18 10:08:45,2023-04-18 10:54:30,2745
W2,RX0135,RX0138,2023-04-18 10:54:30,2023-04-18 11:09:45,915
W2,RX0138,RX0140,2023-04-18 11:09:45,2023-04-18 11:25:00,915
W2,RX0140,RX0147,2023-04-18 11:25:00,2023-04-18 12:26:00,3660
W2,RX0147,RX0152,2023-04-18 12:26:00,2023-04-18 13:11:45,2745
W2,RX0152,RX0156,2023-04-18 13:11:45,2023-04-18 13:42:15,1830
W2,RX0156,RX0159,2023-04-18 13:42:15,2023-04-18 13:57:30,915
W2,RX0159,RX0161,2023-04-18 13:57:30,2023-04-18 14:12:45,915
W2,RX0161,RX0167,2023-04-18 14:12:45,2023-04-18 15:13:45,3660
W2,RX0167,RX0170,2023-04-18 15:13:45,2023-04-18 15:29:00,915
W2,RX0170,RX0175,2023-04-18 15:29:00,2023-04-18 16:14:45,2745
W2,RX0175,RX0178,2023-04-18 16:14:45,2023-04-18 16:30:00,915
W2,RX0178,RX0180,2023-04-18 16:30:00,2023-04-18 16:45:15,915
W2,RX0180,RX0181,2023-04-18 16:45:15,2023-04-18 17:00:30,915
W2,RX0181,RX0182,2023-04-18 17:00:30,2023-04-18 17:15:45,915
W2,RX0182,RX0185,2023-04-18 17:15:45,2023-04-18 17:31:00,915
W2,RX0185,RX0186,2023-04-18 17:31:00,2023-04-18 17:46:15,915
W2,RX0186,RX0189,2023-04-18 17:46:15,2023-04-18 18:01:30,915
W2,RX0189,RX0193,2023-04-18 18:01:30,2023-04-18 18:32:00,1830
W2,RX0193,RX0195,2023-04-18 18:32:00,2023-04-18 18:47:15,915
W2,RX0195,RX0198,2023-04-18 18:47:15,2023-04-18 19:02:30,915
W2,RX0198,RX0200,2023-04-18 19:02:30,2023-04-18 19:17:45,915
W2,RX0200,RX0203,2023-04-18 19:17:45,2023-04-18 19:33:00,915
W2,RX0203,RX0205,2023-04-18 19:33:00,2023-04-18 19:48:15,915
W2,RX0205,RX0208,2023-04-18 19:48:15,2023-04-18 20:03:30,915
W2,RX0208,RX0210,2023-04-18 20:03:30,2023-04-18 20:18:45,915
W2,RX0210,RX0213,2023-04-18 20:18:45,2023-04-18 20:34:00,915
W2,RX0213,RX0218,2023-04-18 20:34:00,2023-04-18 21:19:45,2745
W2,RX0218,RX0221,2023-04-18 21:19:45,2023-04-18 21:35:00,915
W2,RX0221,RX0223,2023-04-18 21:35:00,2023-04-18 21:50:15,915
W2,RX0223,RX0225,2023-04-18 21:50:15,2023-04-18 22:05:30,915
W2,RX0225,RX0228,2023-04-18 22:05:30,2023-04-18 22:20:45,915
W2,RX0228,RX0230,2023-04-18 22:20:45,2023-04-18 22:36:00,915
W2,RX0230,RX0233,2023-04-18 22:36:00,2023-04-18 22:51:15,915
W3,RX0297,RX0298,2023-04-20 02:15:00,2023-04-20 02:25:00,600
W3,RX0298,RX0299,2023-04-20 02:25:00,2023-04-20 02:35:15,615
W3,RX0299,RX0300,2023-04-20 02:35:15,2023-04-20 02:45:45,630
W3,RX0300,RX0301,2023-04-20 02:45:45,2023-04-20 02:55:45,600
W3,RX0301,RX0302,2023-04-20 02:55:45,2023-04-20 03:16:15,1230
W3,RX0302,RX0303,2023-04-20 03:16:15,2023-04-20 03:26:30,615
W3,RX0303,RX0304,2023-04-20 03:26:30,2023-04-20 03:36:45,615
W3,RX0304,RX0305,2023-04-20 03:36:45,2023-04-20 03:47:00,615
W3,RX0305,RX0306,2023-04-20 03:47:00,2023-04-20 03:57:15,615
W3,RX0306,RX0307,2023-04-20 03:57:15,2023-04-20 04:07:30,615
W3,RX0307,RX0308,2023-04-20 04:07:30,2023-04-20 04:18:00,630
W3,RX0308,RX0309,2023-04-20 04:18:00,2023-04-20 04:28:00,600
W3,RX0309,RX0310,2023-04-20 04:28:00,2023-04-20 04:38:15,615
W3,RX0310,RX0311,2023-04-20 04:38:15,2023-04-20 04:48:30,615
W3,RX0311,RX0312,2023-04-20 04:48:30,2023-04-20 04:59:00,630
W3,RX0312,RX0313,2023-04-20 04:59:00,2023-04-20 05:09:00,600
W3,RX0313,RX0314,2023-04-20 05:09:00,2023-04-20 05:19:15,615
W3,RX0314,RX0315,2023-04-20 05:19:15,2023-04-20 05:29:30,615
W3,RX0315,RX0316,2023-04-20 05:29:30,2023-04-20 05:40:00,630
W3,RX0316,RX0317,2023-04-20 05:40:00,2023-04-20 06:00:15,1215
W3,RX0317,RX0318,2023-04-20 06:00:15,2023-04-20 06:10:30,615
W3,RX0318,RX0319,2023-04-20 06:10:30,2023-04-20 06:20:45,615
W3,RX0319,RX0320,2023-04-20 06:20:45,2023-04-20 06:31:00,615
W3,RX0320,RX0321,2023-04-20 06:31:00,2023-04-20 06:41:15,615
W3,RX0321,RX0322,2023-04-20 06:41:15,2023-04-20 06:51:30,615
W3,RX0322,RX0323,2023-04-20 06:51:30,2023-04-20 07:01:45,615
W3,RX0323,RX0324,2023-04-20 07:01:45,2023-04-20 07:12:00,615
W3,RX0324,RX0325,2023-04-20 07:12:00,2023-04-20 07:22:15,615
W3,RX0325,RX0326,2023-04-20 07:22:15,2023-04-20 07:32:30,615
W3,RX0326,RX0327,2023-04-20 07:32:30,2023-04-20 07:42:45,615
W3,RX0327,RX0328,2023-04-20 07:42:45,2023-04-20 07:53:00,615
W3,RX0328,RX0329,2023-04-20 07:53:00,2023-04-20 08:03:15,615
W3,RX0329,RX0330,2023-04-20 08:03:15,2023-04-20 08:13:30,615
W3,RX0330,RX0331,2023-04-20 08:13:30,2023-04-20 08:23:45,615
W3,RX0331,RX0332,2023-04-20 08:23:45,2023-04-20 08:34:00,615
W3,RX0332,RX0333,2023-04-20 08:34:00,2023-04-20 08:44:15,615
W3,RX0333,RX0334,2023-04-20 08:44:15,2023-04-20 08:54:30,615
W3,RX0334,RX0335,2023-04-20 08:54:30,2023-04-20 09:04:45,615
W3,RX0335,RX0336,2023-04-20 09:04:45,2023-04-20 09:15:00,615
W3,RX0336,RX0337,2023-04-20 09:15:00,2023-04-20 09:25:15,615
W3,RX0337,RX0338,2023-04-20 09:25:15,2023-04-20 09:35:30,615
W3,RX0338,RX0339,2023-04-20 09:35:30,2023-04-20 09:45:45,615
W3,RX0339,RX0340,2023-04-20 09:45:45,2023-04-20 10:37:00,3075
W3,RX0340,RX0341,2023-04-20 10:37:00,2023-04-20 10:47:15,615
W3,RX0341,RX0342,2023-04-20 10:47:15,2023-04-20 10:57:30,615
W3,RX0342,RX0343,2023-04-20 10:57:30,2023-04-20 11:07:45,615
W3,RX0343,RX0344,2023-04-20 11:07:45,2023-04-20 11:18:00,615
W3,RX0344,RX0345,2023-04-20 11:18:00,2023-04-20 11:28:15,615
W3,RX0345,RX0346,2023-04-20 11:28:15,2023-04-20 11:38:45,630
W3,RX0346,RX0347,2023-04-20 11:38:45,2023-04-20 11:48:45,600
W3,RX0347,RX0348,2023-04-20 11:48:45,2023-04-20 11:59:00,615
W3,RX0348,RX0349,2023-04-20 11:59:00,2023-04-20 12:09:15,615
W3,RX0349,RX0350,2023-04-20 12:09:15,2023-04-20 12:19:30,615
W3,RX0350,RX0351,2023-04-20 12:19:30,2023-04-20 12:40:00,1230
W3,RX0351,RX0352,2023-04-20 12:40:00,2023-04-20 12:50:15,615
W3,RX0352,RX0353,2023-04-20 12:50:15,2023-04-20 13:00:30,615
W3,RX0353,RX0354,2023-04-20 13:00:30,2023-04-20 13:10:45,615
W3,RX0354,RX0355,2023-04-20 13:10:45,2023-04-20 13:21:00,615
W3,RX0355,RX0356,2023-04-20 13:21:00,2023-04-20 13:31:15,615
W3,RX0356,RX0357,2023-04-20 13:31:15,2023-04-20 13:41:30,615
W3,RX0357,RX0358,2023-04-20 13:41:30,2023-04-20 13:51:45,615
W3,RX0358,RX0359,2023-04-20 13:51:45,2023-04-20 14:02:00,615
W3,RX0359,RX0360,2023-04-20 14:02:00,2023-04-20 14:12:30,630
W3,RX0360,RX0361,2023-04-20 14:12:30,2023-04-20 14:22:30,600
W3,RX0361,RX0362,2023-04-20 14:22:30,2023-04-20 14:33:00,630
W3,RX0362,RX0363,2023-04-20 14:33:00,2023-04-20 14:43:15,615
W3,RX0363,RX0364,2023-04-20 14:43:15,2023-04-20 15:03:30,1215
W3,RX0364,RX0365,2023-04-20 15:03:30,2023-04-20 15:13:45,615
W3,RX0365,RX0366,2023-04-20 15:13:45,2023-04-20 15:24:00,615
W3,RX0366,RX0367,2023-04-20 15:24:00,2023-04-20 15:34:15,615
W3,RX0367,RX0368,2023-04-20 15:34:15,2023-04-20 15:44:30,615
W3,RX0368,RX0369,2023-04-20 15:44:30,2023-04-20 15:54:45,615
W3,RX0369,RX0370,2023-04-20 15:54:45,2023-04-20 16:05:00,615
W3,RX0370,RX0371,2023-04-20 16:05:00,2023-04-20 16:15:15,615
W3,RX0371,RX0372,2023-04-20 16:15:15,2023-04-20 16:25:30,615
W3,RX0372,RX0374,2023-04-20 16:25:30,2023-04-20 16:44:30,1140
W3,RX0374,RX0375,2023-04-20 16:44:30,2023-04-20 16:55:00,630
W3,RX0375,RX0376,2023-04-20 16:55:00,2023-04-20 17:05:00,600
W3,RX0376,RX0377,2023-04-20 17:05:00,2023-04-20 17:15:15,615
W3,RX0377,RX0378,2023-04-20 17:15:15,2023-04-20 17:25:30,615
W3,RX0378,RX0379,2023-04-20 17:25:30,2023-04-20 17:35:45,615
W3,RX0379,RX0380,2023-04-20 17:35:45,2023-04-20 21:17:00,13275
W3,RX0380,RX0381,2023-04-20 21:17:00,2023-04-20 21:27:15,615
W3,RX0381,RX0382,2023-04-20 21:27:15,2023-04-20 21:37:30,615
W3,RX0382,RX0383,2023-04-20 21:37:30,2023-04-20 21:47:45,615
W3,RX0383,RX0384,2023-04-20 21:47:45,2023-04-20 21:58:00,615
W3,RX0384,RX0385,2023-04-20 21:58:00,2023-04-20 22:08:15,615
W3,RX0385,RX0386,2023-04-20 22:08:15,2023-04-20 22:18:30,615
W3,RX0386,RX0387,2023-04-20 22:18:30,2023-04-20 22:28:45,615
W3,RX0387,RX0388,2023-04-20 22:28:45,2023-04-20 22:39:00,615
W3,RX0388,RX0389,2023-04-20 22:39:00,2023-04-20 22:49:15,615
W3,RX0389,RX0390,2023-04-20 22:49:15,2023-04-20 22:59:30,615
W3,RX0390,RX0391,2023-04-20 22:59:30,2023-04-20 23:09:45,615
W3,RX0391,RX0392,2023-04-20 23:09:45,2023-04-20 23:20:00,615
W3,RX0392,RX0393,2023-04-20 23:20:00,2023-04-20 23:30:15,615
W3,RX0393,RX0394,2023-04-20 23:30:15,2023-04-20 23:40:30,615
W3,RX0394,RX0395,2023-04-20 23:40:30,2023-04-20 23:50:45,615
W3,RX0395,RX0396,2023-04-20 23:50:45,2023-04-21 00:01:00,615
W3,RX0396,RX0398,2023-04-21 00:01:00,2023-04-21 00:17:30,990
W4,RX0399,RX0400,2023-04-23 00:02:00,2023-04-23 00:13:00,660
W4,RX0400,RX0401,2023-04-23 00:13:00,2023-04-23 00:23:15,615
W4,RX0401,RX0402,2023-04-23 00:23:15,2023-04-23 00:33:30,615
W4,RX0402,RX0403,2023-04-23 00:33:30,2023-04-23 00:43:45,615
W4,RX0403,RX0404,2023-04-23 00:43:45,2023-04-23 00:49:15,330
W4,RX0404,RX0405,2023-04-23 00:49:15,2023-04-23 00:59:30,615
W4,RX0405,RX0406,2023-04-23 00:59:30,2023-04-23 01:04:15,285
W4,RX0406,RX0407,2023-04-23 01:04:15,2023-04-23 01:20:00,945
W4,RX0407,RX0408,2023-04-23 01:20:00,2023-04-23 03:11:45,6705
W4,RX0408,RX0409,2023-04-23 03:11:45,2023-04-23 03:22:15,630
W4,RX0409,RX0410,2023-04-23 03:22:15,2023-04-23 03:32:15,600
W4,RX0410,RX0411,2023-04-23 03:32:15,2023-04-23 03:42:30,615
W4,RX0411,RX0412,2023-04-23 03:42:30,2023-04-23 03:52:45,615
W4,RX0412,RX0413,2023-04-23 03:52:45,2023-04-23 04:03:00,615
W4,RX0413,RX0414,2023-04-23 04:03:00,2023-04-23 04:13:15,615
W4,RX0414,RX0415,2023-04-23 04:13:15,2023-04-23 04:23:30,615
W4,RX0415,RX0416,2023-04-23 04:23:30,2023-04-23 04:33:45,615
W4,RX0416,RX0417,2023-04-23 04:33:45,2023-04-23 04:44:00,615
W4,RX0417,RX0418,2023-04-23 04:44:00,2023-04-23 04:54:15,615
W4,RX0418,RX0419,2023-04-23 04:54:15,2023-04-23 05:04:30,615
W4,RX0419,RX0420,2023-04-23 05:04:30,2023-04-23 05:14:45,615
W4,RX0420,RX0421,2023-04-23 05:14:45,2023-04-23 05:25:00,615
W4,RX0421,RX0422,2023-04-23 05:25:00,2023-04-23 05:35:15,615
W4,RX0422,RX0423,2023-04-23 05:35:15,2023-04-23 05:45:30,615
W4,RX0423,RX0424,2023-04-23 05:45:30,2023-04-23 05:55:45,615
W4,RX0424,RX0425,2023-04-23 05:55:45,2023-04-23 06:06:00,615
W4,RX0425,RX0426,2023-04-23 06:06:00,2023-04-23 06:16:15,615
W4,RX0426,RX0427,2023-04-23 06:16:15,2023-04-23 06:26:30,615
W4,RX0427,RX0428,2023-04-23 06:26:30,2023-04-23 06:36:45,615
W4,RX0428,RX0429,2023-04-23 06:36:45,2023-04-23 06:47:00,615
W4,RX0429,RX0430,2023-04-23 06:47:00,2023-04-23 06:57:15,615
W4,RX0430,RX0431,2023-04-23 06:57:15,2023-04-23 07:07:30,615
W4,RX0431,RX0432,2023-04-23 07:07:30,2023-04-23 07:17:45,615
W4,RX0432,RX0433,2023-04-23 07:17:45,2023-04-23 07:28:00,615
W4,RX0433,RX0434,2023-04-23 07:28:00,2023-04-23 07:38:15,615
W4,RX0434,RX0435,2023-04-23 07:38:15,2023-04-23 07:48:30,615
W4,RX0435,RX0436,2023-04-23 07:48:30,2023-04-23 07:58:45,615
W4,RX0436,RX0437,2023-04-23 07:58:45,2023-04-23 08:09:00,615
W4,RX0437,RX0438,2023-04-23 08:09:00,2023-04-23 08:19:15,615
W4,RX0438,RX0439,2023-04-23 08:19:15,2023-04-23 08:29:30,615
W4,RX0439,RX0440,2023-04-23 08:29:30,2023-04-23 08:39:45,615
W4,RX0440,RX0441,2023-04-23 08:39:45,2023-04-23 08:50:00,615
W4,RX0441,RX0442,2023-04-23 08:50:00,2023-04-23 09:00:30,630
W4,RX0442,RX0443,2023-04-23 09:00:30,2023-04-23 09:10:30,600
W4,RX0443,RX0444,2023-04-23 09:10:30,2023-04-23 09:20:45,615
W4,RX0444,RX0445,2023-04-23 09:20:45,2023-04-23 09:31:00,615
W4,RX0445,RX0446,2023-04-23 09:31:00,2023-04-23 09:41:15,615
W4,RX0446,RX0447,2023-04-23 09:41:15,2023-04-23 09:51:30,615
W4,RX0447,RX0448,2023-04-23 09:51:30,2023-04-23 10:01:45,615
W4,RX0448,RX0449,2023-04-23 10:01:45,2023-04-23 10:12:00,615
W4,RX0449,RX0450,2023-04-23 10:12:00,2023-04-23 10:22:15,615
W4,RX0450,RX0451,2023-04-23 10:22:15,2023-04-23 10:32:30,615
W4,RX0451,RX0452,2023-04-23 10:32:30,2023-04-23 10:42:45,615
W4,RX0452,RX0453,2023-04-23 10:42:45,2023-04-23 10:53:15,630
W4,RX0453,RX0454,2023-04-23 10:53:15,2023-04-23 11:20:30,1635
W4,RX0454,RX0455,2023-04-23 11:20:30,2023-04-23 11:31:00,630
W4,RX0455,RX0456,2023-04-23 11:31:00,2023-04-23 12:00:00,1740
W4,RX0456,RX0457,2023-04-23 12:00:00,2023-04-23 12:10:15,615
W4,RX0457,RX0458,2023-04-23 12:10:15,2023-04-23 12:20:30,615
W4,RX0458,RX0459,2023-04-23 12:20:30,2023-04-23 12:30:45,615
W4,RX0459,RX0461,2023-04-23 12:30:45,2023-04-23 12:46:30,945
W4,RX0461,RX0462,2023-04-23 12:46:30,2023-04-23 12:56:45,615
W4,RX0462,RX0463,2023-04-23 12:56:45,2023-04-23 13:07:00,615
W4,RX0463,RX0464,2023-04-23 13:07:00,2023-04-23 13:17:15,615
W4,RX0464,RX0465,2023-04-23 13:17:15,2023-04-23 13:37:45,1230
W4,RX0465,RX0466,2023-04-23 13:37:45,2023-04-23 13:48:00,615
W4,RX0466,RX0467,2023-04-23 13:48:00,2023-04-23 13:58:15,615
W4,RX0467,RX0468,2023-04-23 13:58:15,2023-04-23 14:08:30,615
W4,RX0468,RX0469,2023-04-23 14:08:30,2023-04-23 14:18:45,615
W4,RX0469,RX0470,2023-04-23 14:18:45,2023-04-23 14:29:00,615
W4,RX0470,RX0472,2023-04-23 14:29:00,2023-04-23 14:49:15,1215
W4,RX0472,RX0473,2023-04-23 14:49:15,2023-04-23 14:59:30,615
W4,RX0473,RX0474,2023-04-23 14:59:30,2023-04-23 15:09:45,615
W4,RX0474,RX0475,2023-04-23 15:09:45,2023-04-23 15:20:00,615
W4,RX0475,RX0476,2023-04-23 15:20:00,2023-04-23 21:57:00,23820
W4,RX0476,RX0477,2023-04-23 21:57:00,2023-04-23 22:07:15,615
W4,RX0477,RX0478,2023-04-23 22:07:15,2023-04-23 22:17:30,615
W4,RX0478,RX0479,2023-04-23 22:17:30,2023-04-23 22:27:45,615
W4,RX0479,RX0480,2023-04-23 22:27:45,2023-04-23 22:38:00,615
W4,RX0480,RX0481,2023-04-23 22:38:00,2023-04-23 22:48:15,615
W4,RX0481,RX0482,2023-04-23 22:48:15,2023-04-23 22:58:30,615
W4,RX0482,RX0483,2023-04-23 22:58:30,2023-04-23 23:08:45,615
W4,RX0483,RX0484,2023-04-23 23:08:45,2023-04-23 23:19:00,615
W4,RX0484,RX0485,2023-04-23 23:19:00,2023-04-23 23:29:15,615
W4,RX0485,RX0486,2023-04-23 23:29:15,2023-04-23 23:39:30,615
W4,RX0486,RX0487,2023-04-23 23:39:30,2023-04-23 23:49:45,615
W4,RX0487,RX0488,2023-04-23 23:49:45,2023-04-24 00:00:00,615
W4,RX0488,RX0489,2023-04-24 00:00:00,2023-04-24 00:10:15,615
W4,RX0489,RX0490,2023-04-24 00:10:15,2023-04-24 00:20:30,615
W5,RX0533,RX0534,2023-04-25 04:42:30,2023-04-25 04:52:45,615
W5,RX0534,RX0536,2023-04-25 04:52:45,2023-04-25 05:03:00,615
W5,RX0536,RX0538,2023-04-25 05:03:00,2023-04-25 05:13:15,615
W5,RX0538,RX0539,2023-04-25 05:13:15,2023-04-25 05:23:30,615
W5,RX0539,RX0541,2023-04-25 05:23:30,2023-04-25 05:33:45,615
W5,RX0541,RX0543,2023-04-25 05:33:45,2023-04-25 05:44:00,615
W5,RX0543,RX0545,2023-04-25 05:44:00,2023-04-25 05:54:15,615
W5,RX0545,RX0547,2023-04-25 05:54:15,2023-04-25 06:04:30,615
W5,RX0547,RX0549,2023-04-25 06:04:30,2023-04-25 06:14:45,615
W5,RX0549,RX0552,2023-04-25 06:14:45,2023-04-25 06:27:45,780
W5,RX0552,RX0554,2023-04-25 06:27:45,2023-04-25 06:38:00,615
W5,RX0554,RX0556,2023-04-25 06:38:00,2023-04-25 06:48:15,615
W5,RX0556,RX0558,2023-04-25 06:48:15,2023-04-25 06:58:30,615
W5,RX0558,RX0560,2023-04-25 06:58:30,2023-04-25 07:08:45,615
W5,RX0560,RX0562,2023-04-25 07:08:45,2023-04-25 07:19:00,615
W5,RX0562,RX0564,2023-04-25 07:19:00,2023-04-25 07:29:15,615
W5,RX0564,RX0566,2023-04-25 07:29:15,2023-04-25 07:39:30,615
W5,RX0566,RX0568,2023-04-25 07:39:30,2023-04-25 07:49:45,615
W5,RX0568,RX0570,2023-04-25 07:49:45,2023-04-25 08:00:00,615
W5,RX0570,RX0572,2023-04-25 08:00:00,2023-04-25 08:10:15,615
W5,RX0572,RX0574,2023-04-25 08:10:15,2023-04-25 08:20:30,615
W5,RX0574,RX0576,2023-04-25 08:20:30,2023-04-25 08:30:45,615
W5,RX0576,RX0578,2023-04-25 08:30:45,2023-04-25 08:41:00,615
W5,RX0578,RX0580,2023-04-25 08:41:00,2023-04-25 08:51:15,615
W5,RX0580,RX0583,2023-04-25 08:51:15,2023-04-25 09:01:30,615
W5,RX0583,RX0587,2023-04-25 09:01:30,2023-04-25 09:19:45,1095
W5,RX0587,RX0589,2023-04-25 09:19:45,2023-04-25 09:30:00,615
W5,RX0589,RX0591,2023-04-25 09:30:00,2023-04-25 09:40:15,615
W5,RX0591,RX0593,2023-04-25 09:40:15,2023-04-25 09:50:30,615
W5,RX0593,RX0594,2023-04-25 09:50:30,2023-04-25 10:00:45,615
W5,RX0594,RX0595,2023-04-25 10:00:45,2023-04-25 10:11:00,615
W5,RX0595,RX0596,2023-04-25 10:11:00,2023-04-25 10:21:15,615
W5,RX0596,RX0597,2023-04-25 10:21:15,2023-04-25 10:31:30,615
W5,RX0597,RX0598,2023-04-25 10:31:30,2023-04-25 10:41:45,615
W5,RX0598,RX0599,2023-04-25 10:41:45,2023-04-25 10:52:00,615
W5,RX0599,RX0600,2023-04-25 10:52:00,2023-04-25 11:02:15,615
W5,RX0600,RX0601,2023-04-25 11:02:15,2023-04-25 11:12:30,615
W5,RX0601,RX0602,2023-04-25 11:12:30,2023-04-25 11:22:45,615
W5,RX0602,RX0603,2023-04-25 11:22:45,2023-04-25 11:33:00,615
W5,RX0603,RX0604,2023-04-25 11:33:00,2023-04-25 11:43:15,615
W5,RX0604,RX0605,2023-04-25 11:43:15,2023-04-25 11:53:30,615
W5,RX0605,RX0606,2023-04-25 11:53:30,2023-04-25 12:03:45,615
W5,RX0606,RX0608,2023-04-25 12:03:45,2023-04-25 12:14:00,615
W5,RX0608,RX0610,2023-04-25 12:14:00,2023-04-25 12:24:15,615
W5,RX0610,RX0612,2023-04-25 12:24:15,2023-04-25 12:34:30,615
W5,RX0612,RX0613,2023-04-25 12:34:30,2023-04-25 12:44:45,615
W5,RX0613,RX0614,2023-04-25 12:44:45,2023-04-25 12:55:00,615
W5,RX0614,RX0615,2023-04-25 12:55:00,2023-04-25 13:05:15,615
W5,RX0615,RX0616,2023-04-25 13:05:15,2023-04-25 13:15:30,615
W5,RX0616,RX0617,2023-04-25 13:15:30,2023-04-25 13:25:45,615
W5,RX0617,RX0618,2023-04-25 13:25:45,2023-04-25 13:36:00,615
W5,RX0618,RX0620,2023-04-25 13:36:00,2023-04-25 13:46:15,615
W5,RX0620,RX0621,2023-04-25 13:46:15,2023-04-25 13:56:30,615
W5,RX0621,RX0623,2023-04-25 13:56:30,2023-04-25 14:06:45,615
W5,RX0623,RX0625,2023-04-25 14:06:45,2023-04-25 14:17:00,615
W5,RX0625,RX0627,2023-04-25 14:17:00,2023-04-25 14:27:15,615
W5,RX0627,RX0629,2023-04-25 14:27:15,2023-04-25 14:37:30,615
W5,RX0629,RX0631,2023-04-25 14:37:30,2023-04-25 14:47:45,615
W5,RX0631,RX0633,2023-04-25 14:47:45,2023-04-25 14:58:00,615
W5,RX0633,RX0634,2023-04-25 14:58:00,2023-04-25 15:08:15,615
W5,RX0634,RX0636,2023-04-25 15:08:15,2023-04-25 15:18:30,615
W5,RX0636,RX0638,2023-04-25 15:18:30,2023-04-25 15:28:45,615
W5,RX0638,RX0640,2023-04-25 15:28:45,2023-04-25 15:39:00,615
W5,RX0640,RX0641,2023-04-25 15:39:00,2023-04-25 15:49:15,615
W5,RX0641,RX0642,2023-04-25 15:49:15,2023-04-25 15:59:30,615
W5,RX0642,RX0643,2023-04-25 15:59:30,2023-04-25 16:09:45,615
W5,RX0643,RX0644,2023-04-25 16:09:45,2023-04-25 16:20:00,615
W5,RX0644,RX0645,2023-04-25 16:20:00,2023-04-25 16:30:15,615
W5,RX0645,RX0646,2023-04-25 16:30:15,2023-04-25 16:40:30,615
W5,RX0646,RX0647,2023-04-25 16:40:30,2023-04-25 16:50:45,615
W5,RX0647,RX0648,2023-04-25 16:50:45,2023-04-25 17:01:00,615
W5,RX0648,RX0649,2023-04-25 17:01:00,2023-04-25 17:11:15,615
W5,RX0649,RX0650,2023-04-25 17:11:15,2023-04-25 17:21:30,615
W5,RX0650,RX0651,2023-04-25 17:21:30,2023-04-25 17:31:45,615
W5,RX0651,RX0652,2023-04-25 17:31:45,2023-04-25 17:42:00,615
W5,RX0652,RX0653,2023-04-25 17:42:00,2023-04-25 17:52:15,615
W5,RX0653,RX0654,2023-04-25 17:52:15,2023-04-25 18:02:30,615
W5,RX0654,RX0655,2023-04-25 18:02:30,2023-04-25 18:12:45,615
W5,RX0655,RX0656,2023-04-25 18:12:45,2023-04-25 18:23:00,615
W5,RX0656,RX0657,2023-04-25 18:23:00,2023-04-25 18:33:15,615
W5,RX0657,RX0659,2023-04-25 18:33:15,2023-04-25 18:43:30,615
W5,RX0659,RX0660,2023-04-25 18:43:30,2023-04-25 18:53:45,615
W5,RX0660,RX0661,2023-04-25 18:53:45,2023-04-25 19:04:00,615
W5,RX0661,RX0663,2023-04-25 19:04:00,2023-04-25 19:14:15,615
W5,RX0663,RX0665,2023-04-25 19:14:15,2023-04-25 19:24:30,615
W5,RX0665,RX0667,2023-04-25 19:24:30,2023-04-25 19:34:45,615
W5,RX0667,RX0668,2023-04-25 19:34:45,2023-04-25 19:45:00,615
W5,RX0668,RX0670,2023-04-25 19:45:00,2023-04-25 19:55:15,615
W5,RX0670,RX0672,2023-04-25 19:55:15,2023-04-25 20:05:30,615
W5,RX0672,RX0674,2023-04-25 20:05:30,2023-04-25 20:15:45,615
W5,RX0674,RX0676,2023-04-25 20:15:45,2023-04-25 20:26:00,615
W5,RX0676,RX0678,2023-04-25 20:26:00,2023-04-25 20:36:15,615
W5,RX0678,RX0680,2023-04-25 20:36:15,2023-04-25 20:46:30,615
W5,RX0680,RX0682,2023-04-25 20:46:30,2023-04-25 20:56:45,615
W5,RX0682,RX0684,2023-04-25 20:56:45,2023-04-25 21:07:00,615
W5,RX0684,RX0685,2023-04-25 21:07:00,2023-04-25 21:17:15,615
W5,RX0685,RX0687,2023-04-25 21:17:15,2023-04-25 21:27:30,615
W5,RX0687,RX0688,2023-04-25 21:27:30,2023-04-25 21:37:45,615
W5,RX0688,RX0689,2023-04-25 21:37:45,2023-04-25 21:48:00,615
W5,RX0689,RX0691,2023-04-25 21:48:00,2023-04-25 21:58:15,615
W5,RX0691,RX0692,2023-04-25 21:58:15,2023-04-25 22:08:30,615
W5,RX0692,RX0693,2023-04-25 22:08:30,2023-04-25 22:18:45,615
W5,RX0693,RX0695,2023-04-25 22:18:45,2023-04-25 22:29:00,615
W5,RX0695,RX0697,2023-04-25 22:29:00,2023-04-25 22:39:15,615
W5,RX0697,RX0701,2023-04-25 22:39:15,2023-04-25 22:58:00,1125
W5,RX0701,RX0703,2023-04-25 22:58:00,2023-04-25 23:08:15,615
W5,RX0703,RX0705,2023-04-25 23:08:15,2023-04-25 23:18:30,615
W5,RX0705,RX0707,2023-04-25 23:18:30,2023-04-25 23:28:45,615
W5,RX0707,RX0709,2023-04-25 23:28:45,2023-04-25 23:39:00,615
W5,RX0709,RX0711,2023-04-25 23:39:00,2023-04-25 23:49:15,615
W5,RX0711,RX0713,2023-04-25 23:49:15,2023-04-25 23:59:30,615
W5,RX0713,RX0715,2023-04-25 23:59:30,2023-04-26 00:09:45,615
W5,RX0715,RX0717,2023-04-26 00:09:45,2023-04-26 00:20:00,615
W5,RX0717,RX0719,2023-04-26 00:20:00,2023-04-26 00:30:15,615
W5,RX0719,RX0721,2023-04-26 00:30:15,2023-04-26 00:40:30,615
W5,RX0721,RX0724,2023-04-26 00:40:30,2023-04-26 00:50:45,615
W5,RX0724,RX0726,2023-04-26 00:50:45,2023-04-26 01:01:00,615
W5,RX0726,RX0729,2023-04-26 01:01:00,2023-04-26 01:21:30,1230
W5,RX0729,RX0731,2023-04-26 01:21:30,2023-04-26 01:31:45,615
W5,RX0731,RX0733,2023-04-26 01:31:45,2023-04-26 01:42:00,615
W5,RX0733,RX0735,2023-04-26 01:42:00,2023-04-26 01:52:15,615
W5,RX0735,RX0737,2023-04-26 01:52:15,2023-04-26 02:02:30,615
W5,RX0737,RX0739,2023-04-26 02:02:30,2023-04-26 02:12:45,615
W5,RX0739,RX0741,2023-04-26 02:12:45,2023-04-26 02:23:00,615
W5,RX0741,RX0743,2023-04-26 02:23:00,2023-04-26 02:33:15,615
W5,RX0743,RX0745,2023-04-26 02:33:15,2023-04-26 02:43:30,615
W5,RX0745,RX0747,2023-04-26 02:43:30,2023-04-26 02:53:45,615
W5,RX0747,RX0749,2023-04-26 02:53:45,2023-04-26 03:04:00,615
W5,RX0749,RX0751,2023-04-26 03:04:00,2023-04-26 03:14:15,615
W5,RX0751,RX0754,2023-04-26 03:14:15,2023-04-26 03:33:15,1140
W5,RX0754,RX0755,2023-04-26 03:33:15,2023-04-26 03:43:30,615
W5,RX0755,RX0758,2023-04-26 03:43:30,2023-04-26 04:03:30,1200
W5,RX0758,RX0760,2023-04-26 04:03:30,2023-04-26 04:13:45,615
W5,RX0760,RX0762,2023-04-26 04:13:45,2023-04-26 04:24:00,615
W5,RX0762,RX0763,2023-04-26 04:24:00,2023-04-26 04:32:15,495
W5,RX0763,RX0765,2023-04-26 04:32:15,2023-04-26 04:42:30,615
W5,RX0765,RX0767,2023-04-26 04:42:30,2023-04-26 04:52:45,615
W5,RX0767,RX0770,2023-04-26 04:52:45,2023-04-26 05:09:15,990
W5,RX0770,RX0772,2023-04-26 05:09:15,2023-04-26 05:19:30,615
W5,RX0772,RX0774,2023-04-26 05:19:30,2023-04-26 05:29:45,615
W5,RX0774,RX0776,2023-04-26 05:29:45,2023-04-26 05:40:00,615
W5,RX0776,RX0778,2023-04-26 05:40:00,2023-04-26 05:50:15,615
W5,RX0778,RX0780,2023-04-26 05:50:15,2023-04-26 06:00:30,615
W5,RX0780,RX0782,2023-04-26 06:00:30,2023-04-26 06:10:45,615
W5,RX0782,RX0784,2023-04-26 06:10:45,2023-04-26 06:21:00,615
W5,RX0784,RX0786,2023-04-26 06:21:00,2023-04-26 06:31:15,615
W5,RX0786,RX0788,2023-04-26 06:31:15,2023-04-26 06:41:30,615
W5,RX0788,RX0790,2023-04-26 06:41:30,2023-04-26 06:51:45,615
W5,RX0790,RX0792,2023-04-26 06:51:45,2023-04-26 07:02:00,615
W5,RX0792,RX0794,2023-04-26 07:02:00,2023-04-26 07:12:15,615
W5,RX0794,RX0796,2023-04-26 07:12:15,2023-04-26 07:22:30,615
W5,RX0796,RX0798,2023-04-26 07:22:30,2023-04-26 07:32:45,615
W5,RX0798,RX0800,2023-04-26 07:32:45,2023-04-26 07:43:00,615
W5,RX0800,RX0803,2023-04-26 07:43:00,2023-04-26 07:53:15,615
W5,RX0803,RX0805,2023-04-26 07:53:15,2023-04-26 08:03:30,615
W5,RX0805,RX0806,2023-04-26 08:03:30,2023-04-26 08:13:45,615
W5,RX0806,RX0808,2023-04-26 08:13:45,2023-04-26 08:24:00,615
W5,RX0808,RX0810,2023-04-26 08:24:00,2023-04-26 08:34:15,615
W5,RX0810,RX0812,2023-04-26 08:34:15,2023-04-26 08:44:30,615
W5,RX0812,RX0814,2023-04-26 08:44:30,2023-04-26 08:54:45,615
W5,RX0814,RX0816,2023-04-26 08:54:45,2023-04-26 09:05:00,615
W5,RX0816,RX0818,2023-04-26 09:05:00,2023-04-26 09:15:15,615
W5,RX0818,RX0821,2023-04-26 09:15:15,2023-04-26 09:32:00,1005
W5,RX0821,RX0823,2023-04-26 09:32:00,2023-04-26 09:42:15,615
W5,RX0823,RX0825,2023-04-26 09:42:15,2023-04-26 09:52:30,615
W5,RX0825,RX0827,2023-04-26 09:52:30,2023-04-26 10:02:45,615
W5,RX0827,RX0829,2023-04-26 10:02:45,2023-04-26 10:13:00,615
W5,RX0829,RX0831,2023-04-26 10:13:00,2023-04-26 10:23:15,615
W5,RX0831,RX0833,2023-04-26 10:23:15,2023-04-26 10:33:30,615
W5,RX0833,RX0835,2023-04-26 10:33:30,2023-04-26 10:43:45,615
W5,RX0835,RX0837,2023-04-26 10:43:45,2023-04-26 10:54:00,615
W5,RX0837,RX0839,2023-04-26 10:54:00,2023-04-26 11:04:15,615
W5,RX0839,RX0840,2023-04-26 11:04:15,2023-04-26 11:14:30,615
W5,RX0840,RX0842,2023-04-26 11:14:30,2023-04-26 11:24:45,615
W5,RX0842,RX0844,2023-04-26 11:24:45,2023-04-26 11:35:00,615
W5,RX0844,RX0846,2023-04-26 11:35:00,2023-04-26 11:45:15,615
W5,RX0846,RX0848,2023-04-26 11:45:15,2023-04-26 11:55:30,615
W5,RX0848,RX0849,2023-04-26 11:55:30,2023-04-26 12:05:45,615
W5,RX0849,RX0850,2023-04-26 12:05:45,2023-04-26 12:16:00,615
W5,RX0850,RX0851,2023-04-26 12:16:00,2023-04-26 12:26:15,615
W5,RX0851,RX0852,2023-04-26 12:26:15,2023-04-26 12:36:30,615
W5,RX0852,RX0853,2023-04-26 12:36:30,2023-04-26 12:46:45,615
W5,RX0853,RX0854,2023-04-26 12:46:45,2023-04-26 12:57:00,615
W5,RX0854,RX0855,2023-04-26 12:57:00,2023-04-26 13:07:15,615
W5,RX0855,RX0856,2023-04-26 13:07:15,2023-04-26 13:17:30,615
W5,RX0856,RX0857,2023-04-26 13:17:30,2023-04-26 13:27:45,615
W5,RX0857,RX0858,2023-04-26 13:27:45,2023-04-26 13:38:00,615
W5,RX0858,RX0859,2023-04-26 13:38:00,2023-04-26 13:48:15,615
W5,RX0859,RX0860,2023-04-26 13:48:15,2023-04-26 13:58:30,615
W5,RX0860,RX0861,2023-04-26 13:58:30,2023-04-26 14:08:45,615
W5,RX0861,RX0862,2023-04-26 14:08:45,2023-04-26 14:19:00,615
W5,RX0862,RX0863,2023-04-26 14:19:00,2023-04-26 14:29:15,615
W5,RX0863,RX0864,2023-04-26 14:29:15,2023-04-26 14:39:30,615
W5,RX0864,RX0865,2023-04-26 14:39:30,2023-04-26 14:49:45,615
W5,RX0865,RX0866,2023-04-26 14:49:45,2023-04-26 15:00:00,615
W5,RX0866,RX0867,2023-04-26 15:00:00,2023-04-26 15:10:15,615
W5,RX0867,RX0868,2023-04-26 15:10:15,2023-04-26 15:20:30,615
W5,RX0868,RX0869,2023-04-26 15:20:30,2023-04-26 15:30:45,615
W5,RX0869,RX0870,2023-04-26 15:30:45,2023-04-26 15:41:00,615
W5,RX0870,RX0871,2023-04-26 15:41:00,2023-04-26 15:51:15,615
W5,RX0871,RX0872,2023-04-26 15:51:15,2023-04-26 16:01:30,615
W5,RX0872,RX0873,2023-04-26 16:01:30,2023-04-26 16:11:45,615
W5,RX0873,RX0874,2023-04-26 16:11:45,2023-04-26 16:22:00,615
W5,RX0874,RX0875,2023-04-26 16:22:00,2023-04-26 16:32:15,615
W5,RX0875,RX0876,2023-04-26 16:32:15,2023-04-26 16:42:30,615
W5,RX0876,RX0877,2023-04-26 16:42:30,2023-04-26 16:52:45,615
W5,RX0877,RX0878,2023-04-26 16:52:45,2023-04-26 17:03:00,615
W5,RX0878,RX0879,2023-04-26 17:03:00,2023-04-26 17:13:15,615
W5,RX0879,RX0881,2023-04-26 17:13:15,2023-04-26 17:33:15,1200
W5,RX0881,RX0882,2023-04-26 17:33:15,2023-04-26 17:43:30,615
W5,RX0882,RX0883,2023-04-26 17:43:30,2023-04-26 17:53:45,615
W5,RX0883,RX0884,2023-04-26 17:53:45,2023-04-26 18:04:00,615
W5,RX0884,RX0885,2023-04-26 18:04:00,2023-04-26 18:14:15,615
W5,RX0885,RX0887,2023-04-26 18:14:15,2023-04-26 18:24:30,615
W5,RX0887,RX0888,2023-04-26 18:24:30,2023-04-26 18:34:45,615
W5,RX0888,RX0890,2023-04-26 18:34:45,2023-04-26 18:45:00,615
W5,RX0890,RX0892,2023-04-26 18:45:00,2023-04-26 18:55:15,615
W5,RX0892,RX0894,2023-04-26 18:55:15,2023-04-26 19:05:30,615
W5,RX0894,RX0895,2023-04-26 19:05:30,2023-04-26 19:15:45,615
W5,RX0895,RX0897,2023-04-26 19:15:45,2023-04-26 19:36:15,1230
W5,RX0897,RX0899,2023-04-26 19:36:15,2023-04-26 19:46:30,615
W5,RX0899,RX0901,2023-04-26 19:46:30,2023-04-26 19:56:45,615
W5,RX0901,RX0903,2023-04-26 19:56:45,2023-04-26 20:07:00,615
W5,RX0903,RX0905,2023-04-26 20:07:00,2023-04-26 20:17:15,615
W5,RX0905,RX0907,2023-04-26 20:17:15,2023-04-26 20:27:30,615
W5,RX0907,RX0909,2023-04-26 20:27:30,2023-04-26 20:37:45,615
W5,RX0909,RX0911,2023-04-26 20:37:45,2023-04-26 20:48:00,615
W5,RX0911,RX0913,2023-04-26 20:48:00,2023-04-26 20:58:15,615
W5,RX0913,RX0915,2023-04-26 20:58:15,2023-04-26 21:08:30,615
W5,RX0915,RX0916,2023-04-26 21:08:30,2023-04-26 21:23:00,870
W5,RX0916,RX0917,2023-04-26 21:23:00,2023-04-26 21:33:15,615
W5,RX0917,RX0918,2023-04-26 21:33:15,2023-04-26 21:43:30,615
W5,RX0918,RX0920,2023-04-26 21:43:30,2023-04-26 21:53:45,615
W5,RX0920,RX0922,2023-04-26 21:53:45,2023-04-26 22:04:00,615
W5,RX0922,RX0924,2023-04-26 22:04:00,2023-04-26 22:14:15,615
W5,RX0924,RX0926,2023-04-26 22:14:15,2023-04-26 22:24:30,615
W5,RX0926,RX0928,2023-04-26 22:24:30,2023-04-26 22:34:45,615
W5,RX0928,RX0930,2023-04-26 22:34:45,2023-04-26 22:45:00,615
W5,RX0930,RX0932,2023-04-26 22:45:00,2023-04-26 22:55:15,615
W5,RX0932,RX0934,2023-04-26 22:55:15,2023-04-26 23:05:30,615
W5,RX0934,RX0936,2023-04-26 23:05:30,2023-04-26 23:15:45,615
W5,RX0936,RX0938,2023-04-26 23:15:45,2023-04-26 23:26:00,615
W5,RX0938,RX0940,2023-04-26 23:26:00,2023-04-26 23:36:15,615
W5,RX0940,RX0942,2023-04-26 23:36:15,2023-04-26 23:46:30,615
W5,RX0942,RX0944,2023-04-26 23:46:30,2023-04-26 23:56:45,615
W6,RX0520,RX0521,2023-04-25 00:09:15,2023-04-25 01:51:15,6120
W6,RX0521,RX0522,2023-04-25 01:51:15,2023-04-25 02:01:30,615
W6,RX0522,RX0523,2023-04-25 02:01:30,2023-04-25 02:11:45,615
W6,RX0523,RX0524,2023-04-25 02:11:45,2023-04-25 02:22:00,615
W6,RX0524,RX0525,2023-04-25 02:22:00,2023-04-25 02:32:15,615
W6,RX0525,RX0526,2023-04-25 02:32:15,2023-04-25 02:42:30,615
W6,RX0526,RX0527,2023-04-25 02:42:30,2023-04-25 02:52:45,615
W6,RX0527,RX0528,2023-04-25 02:52:45,2023-04-25 03:03:00,615
W6,RX0528,RX0529,2023-04-25 03:03:00,2023-04-25 03:23:45,1245
W6,RX0529,RX0530,2023-04-25 03:23:45,2023-04-25 04:14:45,3060
W6,RX0530,RX0531,2023-04-25 04:14:45,2023-04-25 04:25:00,615
W6,RX0531,RX0532,2023-04-25 04:25:00,2023-04-25 04:35:15,615
W6,RX0532,RX0535,2023-04-25 04:35:15,2023-04-25 04:55:45,1230
W6,RX0535,RX0537,2023-04-25 04:55:45,2023-04-25 05:06:00,615
W6,RX0537,RX0540,2023-04-25 05:06:00,2023-04-25 05:26:30,1230
W6,RX0540,RX0542,2023-04-25 05:26:30,2023-04-25 05:36:45,615
W6,RX0542,RX0544,2023-04-25 05:36:45,2023-04-25 05:47:00,615
W6,RX0544,RX0546,2023-04-25 05:47:00,2023-04-25 05:57:15,615
W6,RX0546,RX0548,2023-04-25 05:57:15,2023-04-25 06:07:30,615
W6,RX0548,RX0551,2023-04-25 06:07:30,2023-04-25 06:17:45,615
W6,RX0551,RX0553,2023-04-25 06:17:45,2023-04-25 06:28:00,615
W6,RX0553,RX0555,2023-04-25 06:28:00,2023-04-25 06:38:15,615
W6,RX0555,RX0557,2023-04-25 06:38:15,2023-04-25 06:48:30,615
W6,RX0557,RX0559,2023-04-25 06:48:30,2023-04-25 06:58:45,615
W6,RX0559,RX0561,2023-04-25 06:58:45,2023-04-25 07:09:00,615
W6,RX0561,RX0563,2023-04-25 07:09:00,2023-04-25 07:19:15,615
W6,RX0563,RX0565,2023-04-25 07:19:15,2023-04-25 07:29:30,615
W6,RX0565,RX0567,2023-04-25 07:29:30,2023-04-25 07:39:45,615
W6,RX0567,RX0569,2023-04-25 07:39:45,2023-04-25 07:50:00,615
W6,RX0569,RX0571,2023-04-25 07:50:00,2023-04-25 08:00:15,615
W6,RX0571,RX0573,2023-04-25 08:00:15,2023-04-25 08:10:30,615
W6,RX0573,RX0575,2023-04-25 08:10:30,2023-04-25 08:20:45,615
W6,RX0575,RX0577,2023-04-25 08:20:45,2023-04-25 08:31:00,615
W6,RX0577,RX0579,2023-04-25 08:31:00,2023-04-25 08:41:15,615
W6,RX0579,RX0581,2023-04-25 08:41:15,2023-04-25 08:51:30,615
W6,RX0581,RX0584,2023-04-25 08:51:30,2023-04-25 09:09:00,1050
W6,RX0584,RX0586,2023-04-25 09:09:00,2023-04-25 09:19:00,600
W6,RX0586,RX0588,2023-04-25 09:19:00,2023-04-25 09:29:15,615
W6,RX0588,RX0590,2023-04-25 09:29:15,2023-04-25 09:39:30,615
W6,RX0590,RX0592,2023-04-25 09:39:30,2023-04-25 09:49:45,615
W6,RX0592,RX0607,2023-04-25 09:49:45,2023-04-25 12:13:15,8610
W6,RX0607,RX0609,2023-04-25 12:13:15,2023-04-25 12:23:30,615
W6,RX0609,RX0611,2023-04-25 12:23:30,2023-04-25 12:33:45,615
W6,RX0611,RX0619,2023-04-25 12:33:45,2023-04-25 13:45:30,4305
W6,RX0619,RX0622,2023-04-25 13:45:30,2023-04-25 14:06:00,1230
W6,RX0622,RX0624,2023-04-25 14:06:00,2023-04-25 14:16:15,615
W6,RX0624,RX0626,2023-04-25 14:16:15,2023-04-25 14:26:30,615
W6,RX0626,RX0628,2023-04-25 14:26:30,2023-04-25 14:36:45,615
W6,RX0628,RX0630,2023-04-25 14:36:45,2023-04-25 14:47:00,615
W6,RX0630,RX0632,2023-04-25 14:47:00,2023-04-25 14:57:15,615
W6,RX0632,RX0635,2023-04-25 14:57:15,2023-04-25 15:18:00,1245
W6,RX0635,RX0637,2023-04-25 15:18:00,2023-04-25 15:28:00,600
W6,RX0637,RX0639,2023-04-25 15:28:00,2023-04-25 15:38:30,630
W6,RX0639,RX0662,2023-04-25 15:38:30,2023-04-25 19:04:15,12345
W6,RX0662,RX0664,2023-04-25 19:04:15,2023-04-25 19:14:30,615
W6,RX0664,RX0666,2023-04-25 19:14:30,2023-04-25 19:24:45,615
W6,RX0666,RX0669,2023-04-25 19:24:45,2023-04-25 19:45:15,1230
W6,RX0669,RX0671,2023-04-25 19:45:15,2023-04-25 19:55:30,615
W6,RX0671,RX0673,2023-04-25 19:55:30,2023-04-25 20:05:45,615
W6,RX0673,RX0675,2023-04-25 20:05:45,2023-04-25 20:16:00,615
W6,RX0675,RX0677,2023-04-25 20:16:00,2023-04-25 20:26:15,615
W6,RX0677,RX0679,2023-04-25 20:26:15,2023-04-25 20:36:30,615
W6,RX0679,RX0681,2023-04-25 20:36:30,2023-04-25 20:46:45,615
W6,RX0681,RX0683,2023-04-25 20:46:45,2023-04-25 20:57:00,615
W6,RX0683,RX0686,2023-04-25 20:57:00,2023-04-25 21:17:30,1230
W6,RX0686,RX0690,2023-04-25 21:17:30,2023-04-25 21:48:30,1860
W6,RX0690,RX0694,2023-04-25 21:48:30,2023-04-25 22:19:00,1830
W6,RX0694,RX0696,2023-04-25 22:19:00,2023-04-25 22:29:15,615
W6,RX0696,RX0698,2023-04-25 22:29:15,2023-04-25 22:39:30,615
W6,RX0698,RX0700,2023-04-25 22:39:30,2023-04-25 22:49:45,615
W6,RX0700,RX0702,2023-04-25 22:49:45,2023-04-25 23:00:00,615
W6,RX0702,RX0704,2023-04-25 23:00:00,2023-04-25 23:10:15,615
W6,RX0704,RX0706,2023-04-25 23:10:15,2023-04-25 23:20:30,615
W6,RX0706,RX0708,2023-04-25 23:20:30,2023-04-25 23:30:45,615
W6,RX0708,RX0710,2023-04-25 23:30:45,2023-04-25 23:41:00,615
W6,RX0710,RX0712,2023-04-25 23:41:00,2023-04-25 23:51:15,615
W6,RX0712,RX0714,2023-04-25 23:51:15,2023-04-26 00:01:30,615
W6,RX0714,RX0716,2023-04-26 00:01:30,2023-04-26 00:11:45,615
W6,RX0716,RX0718,2023-04-26 00:11:45,2023-04-26 00:22:00,615
W6,RX0718,RX0720,2023-04-26 00:22:00,2023-04-26 00:32:15,615
W6,RX0720,RX0722,2023-04-26 00:32:15,2023-04-26 00:42:30,615
W6,RX0722,RX0725,2023-04-26 00:42:30,2023-04-26 00:53:30,660
W6,RX0725,RX0727,2023-04-26 00:53:30,2023-04-26 01:03:45,615
W6,RX0727,RX0728,2023-04-26 01:03:45,2023-04-26 01:14:00,615
W6,RX0728,RX0730,2023-04-26 01:14:00,2023-04-26 01:24:15,615
W6,RX0730,RX0732,2023-04-26 01:24:15,2023-04-26 01:34:30,615
W6,RX0732,RX0734,2023-04-26 01:34:30,2023-04-26 01:44:45,615
W6,RX0734,RX0736,2023-04-26 01:44:45,2023-04-26 01:55:00,615
W6,RX0736,RX0738,2023-04-26 01:55:00,2023-04-26 02:05:15,615
W6,RX0738,RX0740,2023-04-26 02:05:15,2023-04-26 02:15:30,615
W6,RX0740,RX0742,2023-04-26 02:15:30,2023-04-26 02:25:45,615
W6,RX0742,RX0744,2023-04-26 02:25:45,2023-04-26 02:36:15,630
W6,RX0744,RX0746,2023-04-26 02:36:15,2023-04-26 02:46:15,600
W6,RX0746,RX0748,2023-04-26 02:46:15,2023-04-26 02:56:30,615
W6,RX0748,RX0750,2023-04-26 02:56:30,2023-04-26 03:06:45,615
W6,RX0750,RX0752,2023-04-26 03:06:45,2023-04-26 03:17:00,615
W6,RX0752,RX0757,2023-04-26 03:17:00,2023-04-26 03:58:00,2460
W6,RX0757,RX0759,2023-04-26 03:58:00,2023-04-26 04:08:15,615
W6,RX0759,RX0761,2023-04-26 04:08:15,2023-04-26 04:18:30,615
W6,RX0761,RX0764,2023-04-26 04:18:30,2023-04-26 04:41:00,1350
W6,RX0764,RX0766,2023-04-26 04:41:00,2023-04-26 04:51:15,615
W6,RX0766,RX0769,2023-04-26 04:51:15,2023-04-26 05:01:30,615
W6,RX0769,RX0771,2023-04-26 05:01:30,2023-04-26 05:11:45,615
W6,RX0771,RX0773,2023-04-26 05:11:45,2023-04-26 05:22:00,615
W6,RX0773,RX0775,2023-04-26 05:22:00,2023-04-26 05:32:15,615
W6,RX0775,RX0777,2023-04-26 05:32:15,2023-04-26 05:42:30,615
W6,RX0777,RX0779,2023-04-26 05:42:30,2023-04-26 05:52:45,615
W6,RX0779,RX0781,2023-04-26 05:52:45,2023-04-26 06:03:00,615
W6,RX0781,RX0783,2023-04-26 06:03:00,2023-04-26 06:13:15,615
W6,RX0783,RX0785,2023-04-26 06:13:15,2023-04-26 06:23:30,615
W6,RX0785,RX0787,2023-04-26 06:23:30,2023-04-26 06:33:45,615
W6,RX0787,RX0789,2023-04-26 06:33:45,2023-04-26 06:44:00,615
W6,RX0789,RX0791,2023-04-26 06:44:00,2023-04-26 06:54:15,615
W6,RX0791,RX0793,2023-04-26 06:54:15,2023-04-26 07:04:30,615
W6,RX0793,RX0797,2023-04-26 07:04:30,2023-04-26 07:22:45,1095
W6,RX0797,RX0799,2023-04-26 07:22:45,2023-04-26 07:33:00,615
W6,RX0799,RX0801,2023-04-26 07:33:00,2023-04-26 07:43:15,615
W6,RX0801,RX0804,2023-04-26 07:43:15,2023-04-26 08:00:45,1050
W6,RX0804,RX0807,2023-04-26 08:00:45,2023-04-26 08:21:15,1230
W6,RX0807,RX0809,2023-04-26 08:21:15,2023-04-26 08:31:30,615
W6,RX0809,RX0811,2023-04-26 08:31:30,2023-04-26 08:41:45,615
W6,RX0811,RX0813,2023-04-26 08:41:45,2023-04-26 08:52:00,615
W6,RX0813,RX0815,2023-04-26 08:52:00,2023-04-26 09:02:15,615
W6,RX0815,RX0817,2023-04-26 09:02:15,2023-04-26 09:12:30,615
W6,RX0817,RX0820,2023-04-26 09:12:30,2023-04-26 09:22:45,615
W6,RX0820,RX0822,2023-04-26 09:22:45,2023-04-26 09:33:00,615
W6,RX0822,RX0824,2023-04-26 09:33:00,2023-04-26 09:43:15,615
W6,RX0824,RX0826,2023-04-26 09:43:15,2023-04-26 09:53:30,615
W6,RX0826,RX0828,2023-04-26 09:53:30,2023-04-26 10:03:45,615
W6,RX0828,RX0830,2023-04-26 10:03:45,2023-04-26 10:14:00,615
W6,RX0830,RX0832,2023-04-26 10:14:00,2023-04-26 10:24:15,615
W6,RX0832,RX0834,2023-04-26 10:24:15,2023-04-26 10:34:30,615
W6,RX0834,RX0836,2023-04-26 10:34:30,2023-04-26 10:44:45,615
W6,RX0836,RX0838,2023-04-26 10:44:45,2023-04-26 10:55:00,615
W6,RX0838,RX0841,2023-04-26 10:55:00,2023-04-26 11:15:30,1230
W6,RX0841,RX0843,2023-04-26 11:15:30,2023-04-26 11:25:45,615
W6,RX0843,RX0845,2023-04-26 11:25:45,2023-04-26 11:36:00,615
W6,RX0845,RX0847,2023-04-26 11:36:00,2023-04-26 11:46:15,615
W6,RX0847,RX0886,2023-04-26 11:46:15,2023-04-26 18:21:15,23700
W6,RX0886,RX0889,2023-04-26 18:21:15,2023-04-26 18:41:45,1230
W6,RX0889,RX0891,2023-04-26 18:41:45,2023-04-26 18:52:15,630
W6,RX0891,RX0893,2023-04-26 18:52:15,2023-04-26 19:02:15,600
W6,RX0893,RX0896,2023-04-26 19:02:15,2023-04-26 19:18:45,990
W6,RX0896,RX0898,2023-04-26 19:18:45,2023-04-26 19:39:15,1230
W6,RX0898,RX0900,2023-04-26 19:39:15,2023-04-26 19:49:30,615
W6,RX0900,RX0902,2023-04-26 19:49:30,2023-04-26 19:59:45,615
W6,RX0902,RX0904,2023-04-26 19:59:45,2023-04-26 20:10:00,615
W6,RX0904,RX0906,2023-04-26 20:10:00,2023-04-26 20:20:15,615
W6,RX0906,RX0908,2023-04-26 20:20:15,2023-04-26 20:30:30,615
W6,RX0908,RX0910,2023-04-26 20:30:30,2023-04-26 20:40:45,615
W6,RX0910,RX0912,2023-04-26 20:40:45,2023-04-26 20:51:00,615
W6,RX0912,RX0914,2023-04-26 20:51:00,2023-04-26 21:01:15,615
W6,RX0914,RX0919,2023-04-26 21:01:15,2023-04-26 21:52:30,3075
W6,RX0919,RX0921,2023-04-26 21:52:30,2023-04-26 22:02:45,615
W6,RX0921,RX0923,2023-04-26 22:02:45,2023-04-26 22:13:00,615
W6,RX0923,RX0925,2023-04-26 22:13:00,2023-04-26 22:23:15,615
W6,RX0925,RX0927,2023-04-26 22:23:15,2023-04-26 22:33:30,615
W6,RX0927,RX0929,2023-04-26 22:33:30,2023-04-26 22:43:45,615
W6,RX0929,RX0931,2023-04-26 22:43:45,2023-04-26 22:54:00,615
W6,RX0931,RX0933,2023-04-26 22:54:00,2023-04-26 23:04:15,615
W6,RX0933,RX0935,2023-04-26 23:04:15,2023-04-26 23:14:30,615
W6,RX0935,RX0937,2023-04-26 23:14:30,2023-04-26 23:24:45,615
W6,RX0937,RX0941,2023-04-26 23:24:45,2023-04-26 23:39:00,855
W6,RX0941,RX0943,2023-04-26 23:39:00,2023-04-26 23:49:15,615
W6,RX0943,RX0945,2023-04-26 23:49:15,2023-04-26 23:59:30,615
W6,RX0945,RX0947,2023-04-26 23:59:30,2023-04-27 00:09:45,615
W6,RX0947,RX0949,2023-04-27 00:09:45,2023-04-27 00:20:00,615
W6,RX0949,RX0952,2023-04-27 00:20:00,2023-04-27 00:40:30,1230
W6,RX0952,RX0954,2023-04-27 00:40:30,2023-04-27 00:50:45,615
W6,RX0954,RX0956,2023-04-27 00:50:45,2023-04-27 01:01:00,615
W6,RX0956,RX0958,2023-04-27 01:01:00,2023-04-27 01:11:15,615
W6,RX0958,RX0960,2023-04-27 01:11:15,2023-04-27 01:21:30,615
W6,RX0960,RX0962,2023-04-27 01:21:30,2023-04-27 01:31:45,615
W6,RX0962,RX0964,2023-04-27 01:31:45,2023-04-27 01:42:00,615
W6,RX0964,RX0967,2023-04-27 01:42:00,2023-04-27 02:02:30,1230
W7,RX0946,RX0948,2023-04-27 00:07:00,2023-04-27 00:17:15,615
W7,RX0948,RX0950,2023-04-27 00:17:15,2023-04-27 00:27:30,615
W7,RX0950,RX0951,2023-04-27 00:27:30,2023-04-27 00:37:45,615
W7,RX0951,RX0953,2023-04-27 00:37:45,2023-04-27 00:48:00,615
W7,RX0953,RX0955,2023-04-27 00:48:00,2023-04-27 00:58:15,615
W7,RX0955,RX0957,2023-04-27 00:58:15,2023-04-27 01:08:30,615
W7,RX0957,RX0959,2023-04-27 01:08:30,2023-04-27 01:18:45,615
W7,RX0959,RX0961,2023-04-27 01:18:45,2023-04-27 01:29:00,615
W7,RX0961,RX0963,2023-04-27 01:29:00,2023-04-27 01:39:15,615
W7,RX0963,RX0965,2023-04-27 01:39:15,2023-04-27 01:49:30,615
W7,RX0965,RX0966,2023-04-27 01:49:30,2023-04-27 01:59:45,615
W7,RX0966,RX0968,2023-04-27 01:59:45,2023-04-27 02:10:00,615
W7,RX0968,RX0969,2023-04-27 02:10:00,2023-04-27 02:26:00,960
W7,RX0969,RX0970,2023-04-27 02:26:00,2023-04-27 02:31:15,315
W7,RX0970,RX0971,2023-04-27 02:31:15,2023-04-27 02:36:30,315
W7,RX0971,RX0972,2023-04-27 02:36:30,2023-04-27 02:41:45,315
W7,RX0972,RX0973,2023-04-27 02:41:45,2023-04-27 02:47:00,315
W7,RX0973,RX0974,2023-04-27 02:47:00,2023-04-27 02:52:15,315
W7,RX0974,RX0975,2023-04-27 02:52:15,2023-04-27 02:57:30,315
W7,RX0975,RX0976,2023-04-27 02:57:30,2023-04-27 03:02:45,315
W7,RX0976,RX0977,2023-04-27 03:02:45,2023-04-27 03:08:00,315
W7,RX0977,RX0978,2023-04-27 03:08:00,2023-04-27 03:13:15,315
W7,RX0978,RX0979,2023-04-27 03:13:15,2023-04-27 03:18:30,315
W7,RX0979,RX0980,2023-04-27 03:18:30,2023-04-27 03:23:45,315
W7,RX0980,RX0981,2023-04-27 03:23:45,2023-04-27 03:29:00,315
W7,RX0981,RX0982,2023-04-27 03:29:00,2023-04-27 03:34:15,315
W7,RX0982,RX0983,2023-04-27 03:34:15,2023-04-27 03:39:30,315
W7,RX0983,RX0984,2023-04-27 03:39:30,2023-04-27 03:44:45,315
W7,RX0984,RX0985,2023-04-27 03:44:45,2023-04-27 03:50:00,315
W7,RX0985,RX0986,2023-04-27 03:50:00,2023-04-27 03:55:15,315
W7,RX0986,RX0987,2023-04-27 03:55:15,2023-04-27 04:00:30,315
W7,RX0987,RX0988,2023-04-27 04:00:30,2023-04-27 04:05:45,315
W7,RX0988,RX0989,2023-04-27 04:05:45,2023-04-27 04:11:00,315
W7,RX0989,RX0990,2023-04-27 04:11:00,2023-04-27 04:16:15,315
W7,RX0990,RX0991,2023-04-27 04:16:15,2023-04-27 04:21:30,315
W7,RX0991,RX0992,2023-04-27 04:21:30,2023-04-27 04:26:45,315
W7,RX0992,RX0993,2023-04-27 04:26:45,2023-04-27 04:32:00,315
W7,RX0993,RX0994,2023-04-27 04:32:00,2023-04-27 04:37:15,315
W7,RX0994,RX0995,2023-04-27 04:37:15,2023-04-27 04:42:30,315
W7,RX0995,RX0996,2023-04-27 04:42:30,2023-04-27 04:47:45,315
W7,RX0996,RX0997,2023-04-27 04:47:45,2023-04-27 04:53:00,315
W7,RX0997,RX0998,2023-04-27 04:53:00,2023-04-27 04:58:15,315
W7,RX0998,RX0999,2023-04-27 04:58:15,2023-04-27 05:03:30,315
W7,RX0999,RX1000,2023-04-27 05:03:30,2023-04-27 05:08:45,315
W7,RX1000,RX1001,2023-04-27 05:08:45,2023-04-27 05:14:00,315
W7,RX1001,RX1002,2023-04-27 05:14:00,2023-04-27 05:19:30,330
W7,RX1002,RX1003,2023-04-27 05:19:30,2023-04-27 05:24:30,300
W7,RX1003,RX1004,2023-04-27 05:24:30,2023-04-27 05:29:45,315
W7,RX1004,RX1005,2023-04-27 05:29:45,2023-04-27 05:35:00,315
W7,RX1005,RX1006,2023-04-27 05:35:00,2023-04-27 05:40:15,315
W7,RX1006,RX1007,2023-04-27 05:40:15,2023-04-27 05:45:30,315
W7,RX1007,RX1008,2023-04-27 05:45:30,2023-04-27 05:50:45,315
W7,RX1008,RX1009,2023-04-27 05:50:45,2023-04-27 05:56:00,315
W7,RX1009,RX1010,2023-04-27 05:56:00,2023-04-27 06:01:15,315
W7,RX1010,RX1011,2023-04-27 06:01:15,2023-04-27 06:06:30,315
W7,RX1011,RX1012,2023-04-27 06:06:30,2023-04-27 06:11:45,315
W7,RX1012,RX1013,2023-04-27 06:11:45,2023-04-27 06:17:00,315
W7,RX1013,RX1014,2023-04-27 06:17:00,2023-04-27 06:22:15,315
W7,RX1014,RX1015,2023-04-27 06:22:15,2023-04-27 06:27:30,315
W7,RX1015,RX1016,2023-04-27 06:27:30,2023-04-27 06:32:45,315
W7,RX1016,RX1017,2023-04-27 06:32:45,2023-04-27 06:38:00,315
W7,RX1017,RX1018,2023-04-27 06:38:00,2023-04-27 06:43:15,315
W7,RX1018,RX1019,2023-04-27 06:43:15,2023-04-27 06:48:30,315
W7,RX1019,RX1020,2023-04-27 06:48:30,2023-04-27 06:53:45,315
W7,RX1020,RX1021,2023-04-27 06:53:45,2023-04-27 06:59:00,315
W7,RX1021,RX1022,2023-04-27 06:59:00,2023-04-27 07:04:15,315
W7,RX1022,RX1023,2023-04-27 07:04:15,2023-04-27 07:09:30,315
W7,RX1023,RX1024,2023-04-27 07:09:30,2023-04-27 07:14:45,315
W7,RX1024,RX1025,2023-04-27 07:14:45,2023-04-27 07:20:00,315
W7,RX1025,RX1026,2023-04-27 07:20:00,2023-04-27 07:25:15,315
W7,RX1026,RX1027,2023-04-27 07:25:15,2023-04-27 07:30:30,315
W7,RX1027,RX1028,2023-04-27 07:30:30,2023-04-27 07:35:45,315
W7,RX1028,RX1029,2023-04-27 07:35:45,2023-04-27 07:41:00,315
W7,RX1029,RX1030,2023-04-27 07:41:00,2023-04-27 07:46:15,315
W7,RX1030,RX1031,2023-04-27 07:46:15,2023-04-27 07:51:30,315
W7,RX1031,RX1032,2023-04-27 07:51:30,2023-04-27 07:56:45,315
W7,RX1032,RX1033,2023-04-27 07:56:45,2023-04-27 08:02:00,315
W7,RX1033,RX1034,2023-04-27 08:02:00,2023-04-27 08:07:15,315
W7,RX1034,RX1035,2023-04-27 08:07:15,2023-04-27 08:12:30,315
W7,RX1035,RX1036,2023-04-27 08:12:30,2023-04-27 08:17:45,315
W7,RX1036,RX1037,2023-04-27 08:17:45,2023-04-27 08:23:00,315
W7,RX1037,RX1038,2023-04-27 08:23:00,2023-04-27 08:28:15,315
W7,RX1038,RX1039,2023-04-27 08:28:15,2023-04-27 08:33:30,315
W7,RX1039,RX1040,2023-04-27 08:33:30,2023-04-27 08:38:45,315
W7,RX1040,RX1041,2023-04-27 08:38:45,2023-04-27 08:44:00,315
W7,RX1041,RX1042,2023-04-27 08:44:00,2023-04-27 08:49:15,315
W7,RX1042,RX1043,2023-04-27 08:49:15,2023-04-27 08:54:30,315
W7,RX1043,RX1044,2023-04-27 08:54:30,2023-04-27 08:59:45,315
W7,RX1044,RX1045,2023-04-27 08:59:45,2023-04-27 09:05:00,315
W7,RX1045,RX1046,2023-04-27 09:05:00,2023-04-27 09:10:15,315
W7,RX1046,RX1047,2023-04-27 09:10:15,2023-04-27 09:15:30,315
W7,RX1047,RX1048,2023-04-27 09:15:30,2023-04-27 09:20:45,315
W7,RX1048,RX1049,2023-04-27 09:20:45,2023-04-27 09:26:00,315
W7,RX1049,RX1050,2023-04-27 09:26:00,2023-04-27 09:31:15,315
W7,RX1050,RX1051,2023-04-27 09:31:15,2023-04-27 09:36:30,315
W7,RX1051,RX1052,2023-04-27 09:36:30,2023-04-27 09:41:45,315
W7,RX1052,RX1053,2023-04-27 09:41:45,2023-04-27 09:47:00,315
W7,RX1053,RX1054,2023-04-27 09:47:00,2023-04-27 09:52:15,315
W7,RX1054,RX1055,2023-04-27 09:52:15,2023-04-27 09:57:30,315
W7,RX1055,RX1056,2023-04-27 09:57:30,2023-04-27 10:02:45,315
W7,RX1056,RX1057,2023-04-27 10:02:45,2023-04-27 10:08:00,315
W7,RX1057,RX1058,2023-04-27 10:08:00,2023-04-27 10:13:15,315
W7,RX1058,RX1059,2023-04-27 10:13:15,2023-04-27 10:18:30,315
W7,RX1059,RX1060,2023-04-27 10:18:30,2023-04-27 10:23:45,315
W7,RX1060,RX1061,2023-04-27 10:23:45,2023-04-27 10:29:00,315
W7,RX1061,RX1062,2023-04-27 10:29:00,2023-04-27 10:34:15,315
W7,RX1062,RX1063,2023-04-27 10:34:15,2023-04-27 10:39:30,315
W7,RX1063,RX1064,2023-04-27 10:39:30,2023-04-27 10:44:45,315
W7,RX1064,RX1065,2023-04-27 10:44:45,2023-04-27 10:50:00,315
W7,RX1065,RX1066,2023-04-27 10:50:00,2023-04-27 10:55:15,315
W7,RX1066,RX1067,2023-04-27 10:55:15,2023-04-27 11:00:30,315
W7,RX1067,RX1068,2023-04-27 11:00:30,2023-04-27 11:05:45,315
W7,RX1068,RX1069,2023-04-27 11:05:45,2023-04-27 11:11:00,315
W7,RX1069,RX1070,2023-04-27 11:11:00,2023-04-27 11:16:15,315
W7,RX1070,RX1071,2023-04-27 11:16:15,2023-04-27 11:21:30,315
W7,RX1071,RX1072,2023-04-27 11:21:30,2023-04-27 11:26:45,315
W7,RX1072,RX1073,2023-04-27 11:26:45,2023-04-27 11:32:00,315
W7,RX1073,RX1074,2023-04-27 11:32:00,2023-04-27 11:37:15,315
W7,RX1074,RX1075,2023-04-27 11:37:15,2023-04-27 11:42:30,315
W7,RX1075,RX1076,2023-04-27 11:42:30,2023-04-27 11:47:45,315
W7,RX1076,RX1077,2023-04-27 11:47:45,2023-04-27 11:53:00,315
W7,RX1077,RX1078,2023-04-27 11:53:00,2023-04-27 11:58:15,315
W7,RX1078,RX1079,2023-04-27 11:58:15,2023-04-27 12:03:30,315
W7,RX1079,RX1080,2023-04-27 12:03:30,2023-04-27 12:08:45,315
W7,RX1080,RX1081,2023-04-27 12:08:45,2023-04-27 12:14:00,315
W7,RX1081,RX1082,2023-04-27 12:14:00,2023-04-27 12:19:15,315
W7,RX1082,RX1083,2023-04-27 12:19:15,2023-04-27 12:24:30,315
W7,RX1083,RX1084,2023-04-27 12:24:30,2023-04-27 12:29:45,315
W7,RX1084,RX1085,2023-04-27 12:29:45,2023-04-27 12:35:00,315
W7,RX1085,RX1086,2023-04-27 12:35:00,2023-04-27 12:40:15,315
W7,RX1086,RX1087,2023-04-27 12:40:15,2023-04-27 12:45:30,315
W7,RX1087,RX1088,2023-04-27 12:45:30,2023-04-27 12:50:45,315
W7,RX1088,RX1089,2023-04-27 12:50:45,2023-04-27 12:56:00,315
W7,RX1089,RX1090,2023-04-27 12:56:00,2023-04-27 13:01:15,315
W7,RX1090,RX1091,2023-04-27 13:01:15,2023-04-27 13:06:30,315
W7,RX1091,RX1092,2023-04-27 13:06:30,2023-04-27 13:11:45,315
W7,RX1092,RX1093,2023-04-27 13:11:45,2023-04-27 13:17:00,315
W7,RX1093,RX1094,2023-04-27 13:17:00,2023-04-27 13:22:15,315
W7,RX1094,RX1095,2023-04-27 13:22:15,2023-04-27 13:27:30,315
W7,RX1095,RX1096,2023-04-27 13:27:30,2023-04-27 13:32:45,315
W7,RX1096,RX1097,2023-04-27 13:32:45,2023-04-27 13:38:00,315
W7,RX1097,RX1098,2023-04-27 13:38:00,2023-04-27 13:43:15,315
W7,RX1098,RX1099,2023-04-27 13:43:15,2023-04-27 13:48:30,315
W7,RX1099,RX1100,2023-04-27 13:48:30,2023-04-27 13:53:45,315
W7,RX1100,RX1101,2023-04-27 13:53:45,2023-04-27 13:59:00,315
W7,RX1101,RX1102,2023-04-27 13:59:00,2023-04-27 14:04:15,315
W7,RX1102,RX1103,2023-04-27 14:04:15,2023-04-27 14:09:30,315
W7,RX1103,RX1104,2023-04-27 14:09:30,2023-04-27 14:14:45,315
W7,RX1104,RX1105,2023-04-27 14:14:45,2023-04-27 14:20:00,315
W7,RX1105,RX1106,2023-04-27 14:20:00,2023-04-27 14:25:15,315
W7,RX1106,RX1107,2023-04-27 14:25:15,2023-04-27 14:30:30,315
W7,RX1107,RX1108,2023-04-27 14:30:30,2023-04-27 14:35:45,315
W7,RX1108,RX1109,2023-04-27 14:35:45,2023-04-27 14:41:00,315
W7,RX1109,RX1110,2023-04-27 14:41:00,2023-04-27 14:46:15,315
W7,RX1110,RX1111,2023-04-27 14:46:15,2023-04-27 14:51:30,315
W7,RX1111,RX1112,2023-04-27 14:51:30,2023-04-27 14:56:45,315
W7,RX1112,RX1113,2023-04-27 14:56:45,2023-04-27 15:02:00,315
W7,RX1113,RX1114,2023-04-27 15:02:00,2023-04-27 15:07:30,330
W7,RX1114,RX1115,2023-04-27 15:07:30,2023-04-27 15:12:30,300
W7,RX1115,RX1116,2023-04-27 15:12:30,2023-04-27 15:17:45,315
W7,RX1116,RX1117,2023-04-27 15:17:45,2023-04-27 15:23:00,315
W7,RX1117,RX1118,2023-04-27 15:23:00,2023-04-27 15:28:15,315
W7,RX1118,RX1119,2023-04-27 15:28:15,2023-04-27 15:33:30,315
W7,RX1119,RX1120,2023-04-27 15:33:30,2023-04-27 15:38:45,315
W7,RX1120,RX1121,2023-04-27 15:38:45,2023-04-27 15:44:00,315
W7,RX1121,RX1122,2023-04-27 15:44:00,2023-04-27 15:49:15,315
W7,RX1122,RX1123,2023-04-27 15:49:15,2023-04-27 15:54:30,315
W7,RX1123,RX1124,2023-04-27 15:54:30,2023-04-27 15:59:45,315
W7,RX1124,RX1125,2023-04-27 15:59:45,2023-04-27 16:05:00,315
W7,RX1125,RX1126,2023-04-27 16:05:00,2023-04-27 16:10:15,315
W7,RX1126,RX1127,2023-04-27 16:10:15,2023-04-27 16:15:30,315
W7,RX1127,RX1128,2023-04-27 16:15:30,2023-04-27 16:20:45,315
W7,RX1128,RX1129,2023-04-27 16:20:45,2023-04-27 16:26:00,315
W7,RX1129,RX1130,2023-04-27 16:26:00,2023-04-27 16:31:15,315
W7,RX1130,RX1131,2023-04-27 16:31:15,2023-04-27 16:36:30,315
W7,RX1131,RX1132,2023-04-27 16:36:30,2023-04-27 16:41:45,315
W7,RX1132,RX1133,2023-04-27 16:41:45,2023-04-27 16:47:00,315
W7,RX1133,RX1134,2023-04-27 16:47:00,2023-04-27 16:52:15,315
W7,RX1134,RX1135,2023-04-27 16:52:15,2023-04-27 16:57:30,315
W7,RX1135,RX1136,2023-04-27 16:57:30,2023-04-27 17:02:45,315
W7,RX1136,RX1137,2023-04-27 17:02:45,2023-04-27 17:08:00,315
W7,RX1137,RX1138,2023-04-27 17:08:00,2023-04-27 17:13:15,315
W7,RX1138,RX1139,2023-04-27 17:13:15,2023-04-27 17:18:30,315
W7,RX1139,RX1140,2023-04-27 17:18:30,2023-04-27 17:23:45,315
W7,RX1140,RX1141,2023-04-27 17:23:45,2023-04-27 17:29:00,315
W7,RX1141,RX1142,2023-04-27 17:29:00,2023-04-27 17:34:15,315
W7,RX1142,RX1143,2023-04-27 17:34:15,2023-04-27 17:39:30,315
W7,RX1143,RX1144,2023-04-27 17:39:30,2023-04-27 17:44:45,315
W7,RX1144,RX1145,2023-04-27 17:44:45,2023-04-27 17:50:00,315
W7,RX1145,RX1146,2023-04-27 17:50:00,2023-04-27 17:55:15,315
W7,RX1146,RX1147,2023-04-27 17:55:15,2023-04-27 18:00:30,315
W7,RX1147,RX1148,2023-04-27 18:00:30,2023-04-27 18:05:45,315
W7,RX1148,RX1149,2023-04-27 18:05:45,2023-04-27 18:11:00,315
W7,RX1149,RX1150,2023-04-27 18:11:00,2023-04-27 18:16:15,315
W7,RX1150,RX1151,2023-04-27 18:16:15,2023-04-27 18:21:30,315
W7,RX1151,RX1152,2023-04-27 18:21:30,2023-04-27 18:26:45,315
W7,RX1152,RX1153,2023-04-27 18:26:45,2023-04-27 18:32:00,315
W7,RX1153,RX1154,2023-04-27 18:32:00,2023-04-27 18:37:15,315
W7,RX1154,RX1155,2023-04-27 18:37:15,2023-04-27 18:42:30,315
W7,RX1155,RX1156,2023-04-27 18:42:30,2023-04-27 18:47:45,315
W7,RX1156,RX1157,2023-04-27 18:47:45,2023-04-27 18:53:00,315
W7,RX1157,RX1158,2023-04-27 18:53:00,2023-04-27 18:58:15,315
W7,RX1158,RX1159,2023-04-27 18:58:15,2023-04-27 19:03:30,315
W7,RX1159,RX1160,2023-04-27 19:03:30,2023-04-27 19:08:45,315
W7,RX1160,RX1161,2023-04-27 19:08:45,2023-04-27 19:14:00,315
W7,RX1161,RX1162,2023-04-27 19:14:00,2023-04-27 19:19:15,315
W7,RX1162,RX1163,2023-04-27 19:19:15,2023-04-27 19:24:30,315
W7,RX1163,RX1164,2023-04-27 19:24:30,2023-04-27 19:29:45,315
W7,RX1164,RX1165,2023-04-27 19:29:45,2023-04-27 19:35:00,315
W7,RX1165,RX1166,2023-04-27 19:35:00,2023-04-27 19:40:15,315
W7,RX1166,RX1167,2023-04-27 19:40:15,2023-04-27 19:45:30,315
W7,RX1167,RX1168,2023-04-27 19:45:30,2023-04-27 19:50:45,315
W7,RX1168,RX1169,2023-04-27 19:50:45,2023-04-27 19:56:00,315
W7,RX1169,RX1170,2023-04-27 19:56:00,2023-04-27 20:01:15,315
W7,RX1170,RX1171,2023-04-27 20:01:15,2023-04-27 20:06:30,315
W7,RX1171,RX1172,2023-04-27 20:06:30,2023-04-27 20:11:45,315
W7,RX1172,RX1173,2023-04-27 20:11:45,2023-04-27 20:17:00,315
W7,RX1173,RX1174,2023-04-27 20:17:00,2023-04-27 20:22:15,315
W7,RX1174,RX1175,2023-04-27 20:22:15,2023-04-27 20:48:30,1575
W7,RX1175,RX1176,2023-04-27 20:48:30,2023-04-27 20:53:45,315
W7,RX1176,RX1177,2023-04-27 20:53:45,2023-04-27 20:59:00,315
