scope,subset,record_count,SNR_dB_n,SNR_dB_min,SNR_dB_q1,SNR_dB_median,SNR_dB_q3,SNR_dB_max,DT_seconds_n,DT_seconds_min,DT_seconds_q1,DT_seconds_median,DT_seconds_q3,DT_seconds_max
campaign,all,1177,1177,-24,-11,-4,2,23,1177,-2.6,-0.6,0.2,0.6,2.5
campaign,CQ_only,1119,1119,-24,-11,-4,2,23,1119,-2.6,-0.6,0.2,0.6,2.5
campaign,CQ_plus_HB,1144,1144,-24,-11,-4,2,23,1144,-2.6,-0.6,0.2,0.6,2.5
campaign,heartbeat_only,25,25,-19,-7,-3,-1,3,25,0.2,0.6,0.6,0.7,0.7
campaign,ID_only,33,33,-23,-9,-5,1,21,33,-0.6,-0.4,0.1,0.4,2
campaign,previous_selection,484,484,-23,-14,-8,-1.75,23,484,-2.6,0.3,0.6,0.7,1.6
campaign,additional,693,693,-24,-8,-2,5,21,693,-1.5,-0.7,-0.4,0.2,2.5
campaign,previous_CQ,446,446,-23,-14,-8,-2,23,446,-2.6,0.3,0.6,0.7,1.6
campaign,additional_CQ,673,673,-24,-8,-2,5,21,673,-1.5,-0.7,-0.4,0.2,2.5
W1,all,230,230,-21,-13,-6,3,23,230,0,0.5,0.7,0.8,2.5
W1,CQ_only,228,228,-21,-13,-6,3.25,23,228,0,0.5,0.7,0.8,2.5
W1,CQ_plus_HB,228,228,-21,-13,-6,3.25,23,228,0,0.5,0.7,0.8,2.5
W1,heartbeat_only,0,0,,,,,,0,,,,,
W1,ID_only,2,2,-16,-14,-12,-10,-8,2,0.7,1.025,1.35,1.675,2
W1,previous_selection,200,200,-21,-14,-6,11.5,23,200,0,0.5,0.7,0.8,1.6
W1,additional,30,30,-13,-10.75,-6.5,-4,6,30,1.1,1.8,2,2.2,2.5
W1,previous_CQ,199,199,-21,-14,-6,12,23,199,0,0.5,0.7,0.8,1.6
W1,additional_CQ,29,29,-13,-11,-6,-4,6,29,1.1,1.8,2,2.2,2.5
W2,all,66,66,-16,-10,-4,0,7,66,-2.6,-1.8,-0.7,-0.025,0.7
W2,CQ_only,57,57,-16,-11,-5,-1,5,57,-2.6,-2,-1.1,0,0.7
W2,CQ_plus_HB,57,57,-16,-11,-5,-1,5,57,-2.6,-2,-1.1,0,0.7
W2,heartbeat_only,0,0,,,,,,0,,,,,
W2,ID_only,9,9,-13,-3,0,0,7,9,-0.4,-0.4,-0.3,-0.3,0.6
W2,previous_selection,66,66,-16,-10,-4,0,7,66,-2.6,-1.8,-0.7,-0.025,0.7
W2,additional,0,0,,,,,,0,,,,,
W2,previous_CQ,57,57,-16,-11,-5,-1,5,57,-2.6,-2,-1.1,0,0.7
W2,additional_CQ,0,0,,,,,,0,,,,,
W3,all,102,102,-20,-15,-12,-7.25,2,102,0.5,0.7,0.7,0.8,0.8
W3,CQ_only,100,100,-20,-15.25,-12,-7,2,100,0.6,0.7,0.7,0.8,0.8
W3,CQ_plus_HB,100,100,-20,-15.25,-12,-7,2,100,0.6,0.7,0.7,0.8,0.8
W3,heartbeat_only,0,0,,,,,,0,,,,,
W3,ID_only,2,2,-12,-11.25,-10.5,-9.75,-9,2,0.5,0.575,0.65,0.725,0.8
W3,previous_selection,102,102,-20,-15,-12,-7.25,2,102,0.5,0.7,0.7,0.8,0.8
W3,additional,0,0,,,,,,0,,,,,
W3,previous_CQ,100,100,-20,-15.25,-12,-7,2,100,0.6,0.7,0.7,0.8,0.8
W3,additional_CQ,0,0,,,,,,0,,,,,
W4,all,120,120,-23,-12.25,-7,-3,14,120,-2.1,0.3,0.4,0.5,0.7
W4,CQ_only,90,90,-23,-14,-8,-3,14,90,-2.1,0.3,0.4,0.5,0.7
W4,CQ_plus_HB,114,114,-23,-12.75,-7,-3,14,114,-2.1,0.3,0.4,0.5,0.7
W4,heartbeat_only,24,24,-19,-7,-3,-1,3,24,0.2,0.6,0.6,0.7,0.7
W4,ID_only,6,6,-14,-11.75,-11,-7.25,-6,6,0.2,0.3,0.35,0.55,0.7
W4,previous_selection,116,116,-23,-12.25,-7,-3,14,116,-2.1,0.3,0.4,0.5,0.7
W4,additional,4,4,-19,-4,1,1.5,3,4,0.6,0.6,0.65,0.7,0.7
W4,previous_CQ,90,90,-23,-14,-8,-3,14,90,-2.1,0.3,0.4,0.5,0.7
W4,additional_CQ,0,0,,,,,,0,,,,,
W5,all,254,254,-20,-0.75,6,12,21,254,-0.7,-0.5,-0.4,-0.2,-0.1
W5,CQ_only,246,246,-20,-1,6,11,21,246,-0.7,-0.5,-0.4,-0.2,-0.1
W5,CQ_plus_HB,246,246,-20,-1,6,11,21,246,-0.7,-0.5,-0.4,-0.2,-0.1
W5,heartbeat_only,0,0,,,,,,0,,,,,
W5,ID_only,8,8,-2,10,14.5,17.5,21,8,-0.6,-0.425,-0.4,-0.275,-0.1
W5,previous_selection,0,0,,,,,,0,,,,,
W5,additional,254,254,-20,-0.75,6,12,21,254,-0.7,-0.5,-0.4,-0.2,-0.1
W5,previous_CQ,0,0,,,,,,0,,,,,
W5,additional_CQ,246,246,-20,-1,6,11,21,246,-0.7,-0.5,-0.4,-0.2,-0.1
W6,all,183,183,-24,-17,-9,-4,7,183,0,0.2,0.4,0.5,0.7
W6,CQ_only,176,176,-24,-17,-9,-4,7,176,0,0.2,0.4,0.5,0.7
W6,CQ_plus_HB,177,177,-24,-17,-9,-4,7,177,0,0.2,0.4,0.5,0.7
W6,heartbeat_only,1,1,0,0,0,0,0,1,0.7,0.7,0.7,0.7,0.7
W6,ID_only,6,6,-23,-8.25,-5.5,-5,-4,6,0.1,0.3,0.35,0.4,0.5
W6,previous_selection,0,0,,,,,,0,,,,,
W6,additional,183,183,-24,-17,-9,-4,7,183,0,0.2,0.4,0.5,0.7
W6,previous_CQ,0,0,,,,,,0,,,,,
W6,additional_CQ,176,176,-24,-17,-9,-4,7,176,0,0.2,0.4,0.5,0.7
W7,all,222,222,-16,-6,-2,1,14,222,-1.5,-0.9,-0.8,-0.7,-0.6
W7,CQ_only,222,222,-16,-6,-2,1,14,222,-1.5,-0.9,-0.8,-0.7,-0.6
W7,CQ_plus_HB,222,222,-16,-6,-2,1,14,222,-1.5,-0.9,-0.8,-0.7,-0.6
W7,heartbeat_only,0,0,,,,,,0,,,,,
W7,ID_only,0,0,,,,,,0,,,,,
W7,previous_selection,0,0,,,,,,0,,,,,
W7,additional,222,222,-16,-6,-2,1,14,222,-1.5,-0.9,-0.8,-0.7,-0.6
W7,previous_CQ,0,0,,,,,,0,,,,,
W7,additional_CQ,222,222,-16,-6,-2,1,14,222,-1.5,-0.9,-0.8,-0.7,-0.6
5.357MHz_pooled,all,706,706,-21,-7,-1,8,23,706,-1.5,-0.7,-0.4,0.5,2.5
5.357MHz_pooled,CQ_only,696,696,-21,-7,-1,8,23,696,-1.5,-0.7,-0.4,0.5,2.5
5.357MHz_pooled,CQ_plus_HB,696,696,-21,-7,-1,8,23,696,-1.5,-0.7,-0.4,0.5,2.5
5.357MHz_pooled,heartbeat_only,0,0,,,,,,0,,,,,
5.357MHz_pooled,ID_only,10,10,-16,1,12,16.5,21,10,-0.6,-0.4,-0.35,-0.125,2
5.357MHz_pooled,previous_selection,200,200,-21,-14,-6,11.5,23,200,0,0.5,0.7,0.8,1.6
5.357MHz_pooled,additional,506,506,-20,-5,0,8,21,506,-1.5,-0.8,-0.6,-0.3,2.5
5.357MHz_pooled,previous_CQ,199,199,-21,-14,-6,12,23,199,0,0.5,0.7,0.8,1.6
5.357MHz_pooled,additional_CQ,497,497,-20,-5,0,7,21,497,-1.5,-0.8,-0.6,-0.3,2.5
7.078MHz_pooled,all,168,168,-20,-14,-10,-3.75,7,168,-2.6,-0.3,0.7,0.7,0.8
7.078MHz_pooled,CQ_only,157,157,-20,-14,-10,-4,5,157,-2.6,-0.1,0.7,0.8,0.8
7.078MHz_pooled,CQ_plus_HB,157,157,-20,-14,-10,-4,5,157,-2.6,-0.1,0.7,0.8,0.8
7.078MHz_pooled,heartbeat_only,0,0,,,,,,0,,,,,
7.078MHz_pooled,ID_only,11,11,-13,-7.5,-2,0,7,11,-0.4,-0.4,-0.3,0.15,0.8
7.078MHz_pooled,previous_selection,168,168,-20,-14,-10,-3.75,7,168,-2.6,-0.3,0.7,0.7,0.8
7.078MHz_pooled,additional,0,0,,,,,,0,,,,,
7.078MHz_pooled,previous_CQ,157,157,-20,-14,-10,-4,5,157,-2.6,-0.1,0.7,0.8,0.8
7.078MHz_pooled,additional_CQ,0,0,,,,,,0,,,,,
10.130MHz_pooled,all,303,303,-24,-15,-8,-3,14,303,-2.1,0.3,0.4,0.5,0.7
10.130MHz_pooled,CQ_only,266,266,-24,-16,-9,-4,14,266,-2.1,0.3,0.4,0.5,0.7
10.130MHz_pooled,CQ_plus_HB,291,291,-24,-15,-8,-3,14,291,-2.1,0.3,0.4,0.5,0.7
10.130MHz_pooled,heartbeat_only,25,25,-19,-7,-3,-1,3,25,0.2,0.6,0.6,0.7,0.7
10.130MHz_pooled,ID_only,12,12,-23,-11.25,-7.5,-5.75,-4,12,0.1,0.3,0.35,0.425,0.7
10.130MHz_pooled,previous_selection,116,116,-23,-12.25,-7,-3,14,116,-2.1,0.3,0.4,0.5,0.7
10.130MHz_pooled,additional,187,187,-24,-17,-9,-4,7,187,0,0.2,0.4,0.55,0.7
10.130MHz_pooled,previous_CQ,90,90,-23,-14,-8,-3,14,90,-2.1,0.3,0.4,0.5,0.7
10.130MHz_pooled,additional_CQ,176,176,-24,-17,-9,-4,7,176,0,0.2,0.4,0.5,0.7
