local_hour,maps,median_class,q1_class,q3_class,min_class,max_class
0,22,10.0,10.0,11.0,9,12
1,22,9.0,9.0,10.0,8,10
2,24,9.0,9.0,9.0,8,11
3,23,9.0,8.0,9.0,7,10
4,24,7.0,7.0,8.25,6,9
5,22,7.0,6.25,7.0,6,8
6,21,7.0,6.0,8.0,5,9
7,22,9.0,8.25,9.75,7,11
8,22,11.0,10.25,12.0,9,12
9,24,11.0,11.0,12.0,10,13
10,24,10.5,10.0,11.0,10,12
11,21,10.0,10.0,11.0,10,11
12,24,10.0,10.0,11.0,9,11
13,24,10.5,10.0,11.0,9,12
14,22,11.0,10.0,11.0,10,12
15,24,11.0,11.0,11.0,11,13
16,24,11.0,11.0,11.25,10,13
17,24,11.0,10.75,12.0,10,12
18,22,11.0,10.0,11.75,10,12
19,24,11.0,10.0,11.25,10,12
20,23,11.0,10.0,12.0,10,12
21,21,11.0,10.0,12.0,9,13
22,22,10.0,10.0,11.75,9,12
23,21,10.0,10.0,11.0,9,12
